2026-03-06 11:47:37 | INFO     | polymarket_bot.orchestrator | 📐 Sized 0x6c6a68e9c4 tier 1/3: $5.00 → $1.99 (25%)
2026-03-06 11:47:37 | INFO     | polymarket_bot.orchestrator | 📐 Sized 0x703ccc81a9 tier 1/3: $5.00 → $1.99 (25%)
2026-03-06 11:47:37 | INFO     | polymarket_bot.orchestrator | 📐 Sized 0x6a3cc2a337 tier 1/3: $5.00 → $1.99 (25%)
2026-03-06 11:47:37 | WARNING  | polymarket_bot.unified_executor | 🔴 Circuit breaker TRIPPED — blocking trade
2026-03-06 11:47:37 | WARNING  | __main__ | ❌ Signal execution failed: circuit_breaker_tripped
2026-03-06 11:47:37 | WARNING  | polymarket_bot.unified_executor | 🔴 Circuit breaker TRIPPED — blocking trade
2026-03-06 11:47:37 | WARNING  | __main__ | ❌ Signal execution failed: circuit_breaker_tripped
2026-03-06 11:47:37 | WARNING  | polymarket_bot.unified_executor | 🔴 Circuit breaker TRIPPED — blocking trade
2026-03-06 11:47:37 | WARNING  | __main__ | ❌ Signal execution failed: circuit_breaker_tripped
2026-03-06 11:47:37 | WARNING  | polymarket_bot.unified_executor | 🔴 Circuit breaker TRIPPED — blocking trade
2026-03-06 11:47:37 | WARNING  | __main__ | ❌ Signal execution failed: circuit_breaker_tripped
2026-03-06 11:47:37 | INFO     | __main__ | Iteration 14378: processed 4 signals
2026-03-06 11:47:45 | INFO     | polymarket_bot.orchestrator | 🕐 Resolution window [2d]: 477 → 0 markets
2026-03-06 11:47:46 | INFO     | polymarket_bot.scanner | 🔍 Short-duration scan: 50 markets found — unknown=50
2026-03-06 11:47:46 | INFO     | polymarket_bot.orchestrator | 📡 Short-duration: added 50 markets to universe (50 total in scan, 0 already present)
2026-03-06 11:47:47 | INFO     | polymarket_bot.strategies.short_duration_strategy | ⚡ SHORT-DUR: BTC Up cid=0x9bdf3f0cb0 price=0.505 prob=54.9% edge=4.1¢ mom=0.814 trend=0.50 vol=0.0019 size=9.8 type=GTC  q=Bitcoin Up or Down - March 6, 11:45AM-11:50AM ET
2026-03-06 11:47:47 | INFO     | polymarket_bot.strategies.short_duration_strategy | ⚡ SHORT-DUR: ETH Down cid=0xe854cc926e price=0.505 prob=55.8% edge=5.1¢ mom=-0.972 trend=0.50 vol=0.0027 size=9.8 type=GTC  q=Ethereum Up or Down - March 6, 11:45AM-11:50AM ET
2026-03-06 11:47:47 | INFO     | polymarket_bot.strategies.short_duration_strategy | ⚡ SHORT-DUR: BTC Up cid=0x3e45183cca price=0.505 prob=54.9% edge=4.1¢ mom=0.814 trend=0.50 vol=0.0019 size=9.8 type=GTC  q=Bitcoin Up or Down - March 6, 11:50AM-11:55AM ET
2026-03-06 11:47:47 | INFO     | polymarket_bot.strategies.short_duration_strategy | ⚡ SHORT-DUR: XRP Up cid=0xde34f3bd55 price=0.505 prob=58.9% edge=8.1¢ mom=0.988 trend=0.75 vol=0.0009 size=9.8 type=GTC  q=XRP Up or Down - March 6, 11:50AM-11:55AM ET
2026-03-06 11:47:47 | INFO     | polymarket_bot.orchestrator | Found 4 total signals across all strategies
2026-03-06 11:47:47 | INFO     | polymarket_bot.orchestrator | 📐 Sized 0xde34f3bd55 tier 1/3: $5.00 → $1.99 (25%)
2026-03-06 11:47:47 | INFO     | polymarket_bot.orchestrator | 📐 Sized 0xe854cc926e tier 1/3: $5.00 → $1.99 (25%)
2026-03-06 11:47:47 | INFO     | polymarket_bot.orchestrator | 📐 Sized 0x9bdf3f0cb0 tier 1/3: $5.00 → $1.99 (25%)
2026-03-06 11:47:47 | INFO     | polymarket_bot.orchestrator | 📐 Sized 0x3e45183cca tier 1/3: $5.00 → $1.99 (25%)
2026-03-06 11:47:47 | WARNING  | polymarket_bot.unified_executor | 🔴 Circuit breaker TRIPPED — blocking trade
2026-03-06 11:47:47 | WARNING  | __main__ | ❌ Signal execution failed: circuit_breaker_tripped
2026-03-06 11:47:47 | WARNING  | polymarket_bot.unified_executor | 🔴 Circuit breaker TRIPPED — blocking trade
2026-03-06 11:47:47 | WARNING  | __main__ | ❌ Signal execution failed: circuit_breaker_tripped
2026-03-06 11:47:47 | WARNING  | polymarket_bot.unified_executor | 🔴 Circuit breaker TRIPPED — blocking trade
2026-03-06 11:47:47 | WARNING  | __main__ | ❌ Signal execution failed: circuit_breaker_tripped
2026-03-06 11:47:47 | WARNING  | polymarket_bot.unified_executor | 🔴 Circuit breaker TRIPPED — blocking trade
2026-03-06 11:47:47 | WARNING  | __main__ | ❌ Signal execution failed: circuit_breaker_tripped
2026-03-06 11:47:47 | INFO     | __main__ | Iteration 14379: processed 4 signals
2026-03-06 11:47:55 | INFO     | polymarket_bot.orchestrator | 🕐 Resolution window [2d]: 477 → 0 markets
2026-03-06 11:47:56 | INFO     | polymarket_bot.scanner | 🔍 Short-duration scan: 50 markets found — unknown=50
2026-03-06 11:47:56 | INFO     | polymarket_bot.orchestrator | 📡 Short-duration: added 50 markets to universe (50 total in scan, 0 already present)
2026-03-06 11:47:56 | INFO     | polymarket_bot.strategies.short_duration_strategy | ⚡ SHORT-DUR: XRP Up cid=0x97d2ac34a4 price=0.505 prob=58.9% edge=8.1¢ mom=0.988 trend=0.75 vol=0.0009 size=9.8 type=GTC  q=XRP Up or Down - March 6, 12:05PM-12:10PM ET
2026-03-06 11:47:56 | INFO     | polymarket_bot.strategies.short_duration_strategy | ⚡ SHORT-DUR: BTC Up cid=0x7034ed5c09 price=0.505 prob=54.9% edge=4.1¢ mom=0.814 trend=0.50 vol=0.0019 size=9.8 type=GTC  q=Bitcoin Up or Down - March 6, 12:00PM-12:15PM ET
2026-03-06 11:47:56 | INFO     | polymarket_bot.strategies.short_duration_strategy | ⚡ SHORT-DUR: ETH Down cid=0xa20173c6c0 price=0.495 prob=55.8% edge=6.1¢ mom=-0.972 trend=0.50 vol=0.0027 size=10.1 type=GTC  q=Ethereum Up or Down - March 6, 12:00PM-12:15PM ET
2026-03-06 11:47:56 | INFO     | polymarket_bot.strategies.short_duration_strategy | ⚡ SHORT-DUR: ETH Down cid=0x430aa33115 price=0.500 prob=55.8% edge=5.6¢ mom=-0.972 trend=0.50 vol=0.0027 size=9.9 type=GTC  q=Ethereum Up or Down - March 6, 12:10PM-12:15PM ET
2026-03-06 11:47:56 | INFO     | polymarket_bot.orchestrator | Found 4 total signals across all strategies
2026-03-06 11:47:56 | INFO     | polymarket_bot.orchestrator | 📐 Sized 0x97d2ac34a4 tier 1/3: $5.00 → $1.99 (25%)
2026-03-06 11:47:56 | INFO     | polymarket_bot.orchestrator | 📐 Sized 0xa20173c6c0 tier 1/3: $5.00 → $1.99 (25%)
2026-03-06 11:47:56 | INFO     | polymarket_bot.orchestrator | 📐 Sized 0x430aa33115 tier 1/3: $5.00 → $1.99 (25%)
2026-03-06 11:47:56 | INFO     | polymarket_bot.orchestrator | 📐 Sized 0x7034ed5c09 tier 1/3: $5.00 → $1.99 (25%)
2026-03-06 11:47:56 | WARNING  | polymarket_bot.unified_executor | 🔴 Circuit breaker TRIPPED — blocking trade
2026-03-06 11:47:56 | WARNING  | __main__ | ❌ Signal execution failed: circuit_breaker_tripped
2026-03-06 11:47:56 | WARNING  | polymarket_bot.unified_executor | 🔴 Circuit breaker TRIPPED — blocking trade
2026-03-06 11:47:56 | WARNING  | __main__ | ❌ Signal execution failed: circuit_breaker_tripped
2026-03-06 11:47:56 | WARNING  | polymarket_bot.unified_executor | 🔴 Circuit breaker TRIPPED — blocking trade
2026-03-06 11:47:56 | WARNING  | __main__ | ❌ Signal execution failed: circuit_breaker_tripped
2026-03-06 11:47:56 | WARNING  | polymarket_bot.unified_executor | 🔴 Circuit breaker TRIPPED — blocking trade
2026-03-06 11:47:56 | WARNING  | __main__ | ❌ Signal execution failed: circuit_breaker_tripped
2026-03-06 11:47:56 | INFO     | __main__ | Iteration 14380: processed 4 signals
2026-03-06 11:48:05 | INFO     | polymarket_bot.orchestrator | 🕐 Resolution window [2d]: 477 → 0 markets
2026-03-06 11:48:06 | INFO     | polymarket_bot.scanner | 🔍 Short-duration scan: 50 markets found — unknown=50
2026-03-06 11:48:06 | INFO     | polymarket_bot.orchestrator | 📡 Short-duration: added 50 markets to universe (50 total in scan, 0 already present)
2026-03-06 11:48:08 | INFO     | polymarket_bot.strategies.short_duration_strategy | ⚡ SHORT-DUR: XRP Up cid=0x66c3d17158 price=0.490 prob=58.4% edge=9.2¢ mom=0.938 trend=0.75 vol=0.0009 size=10.2 type=GTC  q=XRP Up or Down - March 6, 11:45AM-12:00PM ET
2026-03-06 11:48:08 | INFO     | polymarket_bot.strategies.short_duration_strategy | ⚡ SHORT-DUR: BTC Up cid=0x8504132b88 price=0.505 prob=54.9% edge=4.1¢ mom=0.814 trend=0.50 vol=0.0019 size=9.8 type=GTC  q=Bitcoin Up or Down - March 6, 12:10PM-12:15PM ET
2026-03-06 11:48:08 | INFO     | polymarket_bot.strategies.short_duration_strategy | ⚡ SHORT-DUR: XRP Up cid=0xd3a2b67836 price=0.505 prob=58.4% edge=7.7¢ mom=0.938 trend=0.75 vol=0.0009 size=9.8 type=GTC  q=XRP Up or Down - March 6, 12:10PM-12:15PM ET
2026-03-06 11:48:08 | INFO     | polymarket_bot.strategies.short_duration_strategy | ⚡ SHORT-DUR: XRP Up cid=0x2046289d24 price=0.500 prob=58.4% edge=8.2¢ mom=0.938 trend=0.75 vol=0.0009 size=9.9 type=GTC  q=XRP Up or Down - March 6, 12:00PM-12:15PM ET
2026-03-06 11:48:08 | INFO     | polymarket_bot.orchestrator | Found 4 total signals across all strategies
2026-03-06 11:48:08 | INFO     | polymarket_bot.orchestrator | 📐 Sized 0x66c3d17158 tier 1/3: $5.00 → $1.99 (25%)
2026-03-06 11:48:08 | INFO     | polymarket_bot.orchestrator | 📐 Sized 0x2046289d24 tier 1/3: $5.00 → $1.99 (25%)
2026-03-06 11:48:08 | INFO     | polymarket_bot.orchestrator | 📐 Sized 0xd3a2b67836 tier 1/3: $5.00 → $1.99 (25%)
2026-03-06 11:48:08 | INFO     | polymarket_bot.orchestrator | 📐 Sized 0x8504132b88 tier 1/3: $5.00 → $1.99 (25%)
2026-03-06 11:48:08 | WARNING  | polymarket_bot.unified_executor | 🔴 Circuit breaker TRIPPED — blocking trade
2026-03-06 11:48:08 | WARNING  | __main__ | ❌ Signal execution failed: circuit_breaker_tripped
2026-03-06 11:48:08 | WARNING  | polymarket_bot.unified_executor | 🔴 Circuit breaker TRIPPED — blocking trade
2026-03-06 11:48:08 | WARNING  | __main__ | ❌ Signal execution failed: circuit_breaker_tripped
2026-03-06 11:48:08 | WARNING  | polymarket_bot.unified_executor | 🔴 Circuit breaker TRIPPED — blocking trade
2026-03-06 11:48:08 | WARNING  | __main__ | ❌ Signal execution failed: circuit_breaker_tripped
2026-03-06 11:48:08 | WARNING  | polymarket_bot.unified_executor | 🔴 Circuit breaker TRIPPED — blocking trade
2026-03-06 11:48:08 | WARNING  | __main__ | ❌ Signal execution failed: circuit_breaker_tripped
2026-03-06 11:48:08 | INFO     | __main__ | Iteration 14381: processed 4 signals
2026-03-06 11:48:15 | INFO     | polymarket_bot.orchestrator | 🕐 Resolution window [2d]: 477 → 0 markets
2026-03-06 11:48:16 | INFO     | polymarket_bot.scanner | 🔍 Short-duration scan: 50 markets found — unknown=50
2026-03-06 11:48:16 | INFO     | polymarket_bot.orchestrator | 📡 Short-duration: added 50 markets to universe (50 total in scan, 0 already present)
2026-03-06 11:48:16 | INFO     | polymarket_bot.strategies.short_duration_strategy | ⚡ SHORT-DUR: XRP Up cid=0xf704269b8b price=0.505 prob=58.4% edge=7.7¢ mom=0.938 trend=0.75 vol=0.0009 size=9.8 type=GTC  q=XRP Up or Down - March 6, 11:45AM-11:50AM ET
2026-03-06 11:48:16 | INFO     | polymarket_bot.strategies.short_duration_strategy | ⚡ SHORT-DUR: XRP Up cid=0xa864925b45 price=0.505 prob=58.4% edge=7.7¢ mom=0.938 trend=0.75 vol=0.0009 size=9.8 type=GTC  q=XRP Up or Down - March 6, 11:55AM-12:00PM ET
2026-03-06 11:48:16 | INFO     | polymarket_bot.strategies.short_duration_strategy | ⚡ SHORT-DUR: XRP Up cid=0x655c539f87 price=0.505 prob=58.4% edge=7.7¢ mom=0.938 trend=0.75 vol=0.0009 size=9.8 type=GTC  q=XRP Up or Down - March 6, 12:15PM-12:20PM ET
2026-03-06 11:48:16 | INFO     | polymarket_bot.strategies.short_duration_strategy | ⚡ SHORT-DUR: BTC Up cid=0x075b9a8228 price=0.505 prob=54.9% edge=4.1¢ mom=0.814 trend=0.50 vol=0.0019 size=9.8 type=GTC  q=Bitcoin Up or Down - March 6, 12:15PM-12:20PM ET
2026-03-06 11:48:16 | INFO     | polymarket_bot.orchestrator | Found 4 total signals across all strategies
2026-03-06 11:48:16 | INFO     | polymarket_bot.orchestrator | 📐 Sized 0xf704269b8b tier 1/3: $5.00 → $1.99 (25%)
2026-03-06 11:48:16 | INFO     | polymarket_bot.orchestrator | 📐 Sized 0xa864925b45 tier 1/3: $5.00 → $1.99 (25%)
2026-03-06 11:48:16 | INFO     | polymarket_bot.orchestrator | 📐 Sized 0x655c539f87 tier 1/3: $5.00 → $1.99 (25%)
2026-03-06 11:48:16 | INFO     | polymarket_bot.orchestrator | 📐 Sized 0x075b9a8228 tier 1/3: $5.00 → $1.99 (25%)
2026-03-06 11:48:16 | WARNING  | polymarket_bot.unified_executor | 🔴 Circuit breaker TRIPPED — blocking trade
2026-03-06 11:48:16 | WARNING  | __main__ | ❌ Signal execution failed: circuit_breaker_tripped
2026-03-06 11:48:16 | WARNING  | polymarket_bot.unified_executor | 🔴 Circuit breaker TRIPPED — blocking trade
2026-03-06 11:48:16 | WARNING  | __main__ | ❌ Signal execution failed: circuit_breaker_tripped
2026-03-06 11:48:16 | WARNING  | polymarket_bot.unified_executor | 🔴 Circuit breaker TRIPPED — blocking trade
2026-03-06 11:48:16 | WARNING  | __main__ | ❌ Signal execution failed: circuit_breaker_tripped
2026-03-06 11:48:16 | WARNING  | polymarket_bot.unified_executor | 🔴 Circuit breaker TRIPPED — blocking trade
2026-03-06 11:48:16 | WARNING  | __main__ | ❌ Signal execution failed: circuit_breaker_tripped
2026-03-06 11:48:16 | INFO     | __main__ | Iteration 14382: processed 4 signals
2026-03-06 11:48:25 | INFO     | polymarket_bot.orchestrator | 🕐 Resolution window [2d]: 477 → 0 markets
2026-03-06 11:48:26 | INFO     | polymarket_bot.scanner | 🔍 Short-duration scan: 50 markets found — unknown=50
2026-03-06 11:48:26 | INFO     | polymarket_bot.orchestrator | 📡 Short-duration: added 50 markets to universe (50 total in scan, 0 already present)
2026-03-06 11:48:28 | INFO     | polymarket_bot.strategies.short_duration_strategy | ⚡ SHORT-DUR: SOL Up cid=0x2e6f5285c3 price=0.495 prob=54.6% edge=4.8¢ mom=0.764 trend=0.50 vol=0.0014 size=10.1 type=GTC  q=Solana Up or Down - March 6, 11:45AM-11:50AM ET
2026-03-06 11:48:28 | INFO     | polymarket_bot.strategies.short_duration_strategy | ⚡ SHORT-DUR: ETH Up cid=0x553e1a9925 price=0.495 prob=54.5% edge=4.7¢ mom=0.743 trend=0.50 vol=0.0027 size=10.1 type=GTC  q=Ethereum Up or Down - March 6, 11:50AM-11:55AM ET
2026-03-06 11:48:28 | INFO     | polymarket_bot.strategies.short_duration_strategy | ⚡ SHORT-DUR: SOL Up cid=0x74713d4d76 price=0.495 prob=54.6% edge=4.8¢ mom=0.764 trend=0.50 vol=0.0014 size=10.1 type=GTC  q=Solana Up or Down - March 6, 11:50AM-11:55AM ET
2026-03-06 11:48:28 | INFO     | polymarket_bot.strategies.short_duration_strategy | ⚡ SHORT-DUR: SOL Up cid=0xc4cbfe23b7 price=0.505 prob=54.6% edge=3.8¢ mom=0.764 trend=0.50 vol=0.0014 size=9.8 type=GTC  q=Solana Up or Down - March 6, 11:55AM-12:00PM ET
2026-03-06 11:48:28 | INFO     | polymarket_bot.orchestrator | Found 4 total signals across all strategies
2026-03-06 11:48:28 | INFO     | polymarket_bot.orchestrator | 📐 Sized 0x2e6f5285c3 tier 1/3: $5.00 → $1.99 (25%)
2026-03-06 11:48:28 | INFO     | polymarket_bot.orchestrator | 📐 Sized 0x74713d4d76 tier 1/3: $5.00 → $1.99 (25%)
2026-03-06 11:48:28 | INFO     | polymarket_bot.orchestrator | 📐 Sized 0x553e1a9925 tier 1/3: $5.00 → $1.99 (25%)
2026-03-06 11:48:28 | INFO     | polymarket_bot.orchestrator | 📐 Sized 0xc4cbfe23b7 tier 1/3: $5.00 → $1.99 (25%)
2026-03-06 11:48:28 | WARNING  | polymarket_bot.unified_executor | 🔴 Circuit breaker TRIPPED — blocking trade
2026-03-06 11:48:28 | WARNING  | __main__ | ❌ Signal execution failed: circuit_breaker_tripped
2026-03-06 11:48:28 | WARNING  | polymarket_bot.unified_executor | 🔴 Circuit breaker TRIPPED — blocking trade
2026-03-06 11:48:28 | WARNING  | __main__ | ❌ Signal execution failed: circuit_breaker_tripped
2026-03-06 11:48:28 | WARNING  | polymarket_bot.unified_executor | 🔴 Circuit breaker TRIPPED — blocking trade
2026-03-06 11:48:28 | WARNING  | __main__ | ❌ Signal execution failed: circuit_breaker_tripped
2026-03-06 11:48:28 | WARNING  | polymarket_bot.unified_executor | 🔴 Circuit breaker TRIPPED — blocking trade
2026-03-06 11:48:28 | WARNING  | __main__ | ❌ Signal execution failed: circuit_breaker_tripped
2026-03-06 11:48:28 | INFO     | __main__ | ======================================================================
2026-03-06 11:48:28 | INFO     | __main__ | ⏱️  UPTIME: 2399.0 minutes
2026-03-06 11:48:28 | INFO     | __main__ | 📊 SIGNALS: seen=56591 executed=180
2026-03-06 11:48:28 | INFO     | __main__ | 📈 EXECUTIONS: total=54012 success=180 failed=0
2026-03-06 11:48:28 | INFO     | __main__ | 🎯 STRATEGIES: 5 enabled
2026-03-06 11:48:28 | INFO     | __main__ | ⚡ SHORT-DURATION: 50 markets — unknown=50
2026-03-06 11:48:28 | INFO     | __main__ | 💼 WALLET: equity=$11.78 start=$40.00 adj=$0.00 size_mult=x1.00 dyn_max=$8.00
2026-03-06 11:48:28 | INFO     | __main__ | ⚙️  EXECUTION PROFILE: aggressive_maker
2026-03-06 11:48:28 | INFO     | __main__ | 🛡️  HEDGING: events=0 forced=0
2026-03-06 11:48:28 | INFO     | __main__ | 🧾 OPEN MAKER (paper): gtc_total=1
2026-03-06 11:48:28 | INFO     | __main__ |    Top open GTC by condition: 0xb4a0b846…:1
2026-03-06 11:48:28 | INFO     | __main__ | 🏦 Top inventory by condition (cost): 0xfe09259f…:$1.99, 0xdd5ab6d0…:$1.99, 0x69bd84ce…:$1.99
2026-03-06 11:48:28 | INFO     | __main__ | ──────────────────────────────────────────────────────────────────────
2026-03-06 11:48:28 | INFO     | __main__ | 💼 PORTFOLIO:
2026-03-06 11:48:28 | INFO     | __main__ |    Open Positions: 5
2026-03-06 11:48:28 | INFO     | __main__ |    Closed Positions: 169
2026-03-06 11:48:28 | INFO     | __main__ |    Redeemable: 0
2026-03-06 11:48:28 | INFO     | __main__ |    Cost Basis: $9.95
2026-03-06 11:48:28 | INFO     | __main__ | ──────────────────────────────────────────────────────────────────────
2026-03-06 11:48:28 | INFO     | __main__ | 💰 PROFITABILITY:
2026-03-06 11:48:28 | INFO     | __main__ |      Wallet: $11.78  (started $40.00)
2026-03-06 11:48:28 | INFO     | __main__ |      Realized P&L: $-28.2244
2026-03-06 11:48:28 | INFO     | __main__ |      Unrealized P&L: $0.0999
2026-03-06 11:48:28 | INFO     | __main__ |      Total P&L: $-28.1245
2026-03-06 11:48:28 | INFO     | __main__ |      Open Cost Basis: $9.95
2026-03-06 11:48:28 | INFO     | __main__ |      Realized ROI: -283.67%
2026-03-06 11:48:28 | INFO     | __main__ |    Closed: 169 positions
2026-03-06 11:48:28 | INFO     | __main__ |    Redeemed: 0 positions
2026-03-06 11:48:28 | INFO     | __main__ |    Total Realized: $-28.2244
2026-03-06 11:48:28 | INFO     | __main__ | ──────────────────────────────────────────────────────────────────────
2026-03-06 11:48:28 | INFO     | __main__ | 📊 STRATEGY BREAKDOWN (actual P&L):
2026-03-06 11:48:28 | INFO     | __main__ |    short_duration: 180 trades, realized=$-28.2244, total=$-28.1245
2026-03-06 11:48:28 | INFO     | __main__ | ──────────────────────────────────────────────────────────────────────
2026-03-06 11:48:28 | INFO     | __main__ | 🔁 QUOTE CHURN (paper): canceled=5 requoted=0
2026-03-06 11:48:28 | INFO     | __main__ | ──────────────────────────────────────────────────────────────────────
2026-03-06 11:48:28 | INFO     | __main__ | 🔌 CIRCUIT BREAKER: state=cooldown daily_loss=$0.00 drawdown=0.0% consec_losses=0 trips=77
2026-03-06 11:48:28 | INFO     | __main__ | ──────────────────────────────────────────────────────────────────────
2026-03-06 11:48:28 | INFO     | __main__ | 🧠 STRATEGY ATTRIBUTION (actual):
2026-03-06 11:48:28 | INFO     | __main__ |    short_duration: cost=$9.95 realized=$-28.2244 unrealized=$0.0999
2026-03-06 11:48:28 | INFO     | __main__ | ======================================================================
2026-03-06 11:48:28 | INFO     | __main__ | Iteration 14383: processed 4 signals
2026-03-06 11:48:35 | INFO     | polymarket_bot.orchestrator | 🕐 Resolution window [2d]: 477 → 0 markets
2026-03-06 11:48:36 | INFO     | polymarket_bot.scanner | 🔍 Short-duration scan: 50 markets found — unknown=50
2026-03-06 11:48:36 | INFO     | polymarket_bot.orchestrator | 📡 Short-duration: added 50 markets to universe (50 total in scan, 0 already present)
2026-03-06 11:48:38 | INFO     | polymarket_bot.strategies.short_duration_strategy | ⚡ SHORT-DUR: ETH Up cid=0x1c89a881f1 price=0.495 prob=55.9% edge=6.2¢ mom=0.986 trend=0.50 vol=0.0027 size=10.1 type=GTC  q=Ethereum Up or Down - March 6, 11:55AM-12:00PM ET
2026-03-06 11:48:38 | INFO     | polymarket_bot.strategies.short_duration_strategy | ⚡ SHORT-DUR: ETH Up cid=0x0e8dca3bc7 price=0.505 prob=55.9% edge=5.2¢ mom=0.986 trend=0.50 vol=0.0027 size=9.8 type=GTC  q=Ethereum Up or Down - March 6, 11:45AM-12:00PM ET
2026-03-06 11:48:38 | INFO     | polymarket_bot.strategies.short_duration_strategy | ⚡ SHORT-DUR: ETH Up cid=0xa59d1c7711 price=0.475 prob=55.9% edge=8.2¢ mom=0.986 trend=0.50 vol=0.0027 size=10.5 type=GTC  q=Ethereum Up or Down - March 6, 11AM ET
2026-03-06 11:48:38 | INFO     | polymarket_bot.strategies.short_duration_strategy | ⚡ SHORT-DUR: SOL Up cid=0x9e462b77b0 price=0.505 prob=54.6% edge=3.8¢ mom=0.764 trend=0.50 vol=0.0014 size=9.8 type=GTC  q=Solana Up or Down - March 6, 11:45AM-12:00PM ET
2026-03-06 11:48:38 | INFO     | polymarket_bot.orchestrator | Found 4 total signals across all strategies
2026-03-06 11:48:38 | INFO     | polymarket_bot.orchestrator | 📐 Sized 0xa59d1c7711 tier 1/3: $5.00 → $1.99 (25%)
2026-03-06 11:48:38 | INFO     | polymarket_bot.orchestrator | 📐 Sized 0x1c89a881f1 tier 1/3: $5.00 → $1.99 (25%)
2026-03-06 11:48:38 | INFO     | polymarket_bot.orchestrator | 📐 Sized 0x0e8dca3bc7 tier 1/3: $5.00 → $1.99 (25%)
2026-03-06 11:48:38 | INFO     | polymarket_bot.orchestrator | 📐 Sized 0x9e462b77b0 tier 1/3: $5.00 → $1.99 (25%)
2026-03-06 11:48:38 | WARNING  | polymarket_bot.unified_executor | 🔴 Circuit breaker TRIPPED — blocking trade
2026-03-06 11:48:38 | WARNING  | __main__ | ❌ Signal execution failed: circuit_breaker_tripped
2026-03-06 11:48:38 | WARNING  | polymarket_bot.unified_executor | 🔴 Circuit breaker TRIPPED — blocking trade
2026-03-06 11:48:38 | WARNING  | __main__ | ❌ Signal execution failed: circuit_breaker_tripped
2026-03-06 11:48:38 | WARNING  | polymarket_bot.unified_executor | 🔴 Circuit breaker TRIPPED — blocking trade
2026-03-06 11:48:38 | WARNING  | __main__ | ❌ Signal execution failed: circuit_breaker_tripped
2026-03-06 11:48:38 | WARNING  | polymarket_bot.unified_executor | 🔴 Circuit breaker TRIPPED — blocking trade
2026-03-06 11:48:38 | WARNING  | __main__ | ❌ Signal execution failed: circuit_breaker_tripped
2026-03-06 11:48:38 | INFO     | __main__ | Iteration 14384: processed 4 signals
2026-03-06 11:48:46 | INFO     | polymarket_bot.orchestrator | 🕐 Resolution window [2d]: 477 → 0 markets
2026-03-06 11:48:46 | INFO     | polymarket_bot.scanner | 🔍 Short-duration scan: 50 markets found — unknown=50
2026-03-06 11:48:46 | INFO     | polymarket_bot.orchestrator | 📡 Short-duration: added 50 markets to universe (50 total in scan, 0 already present)
2026-03-06 11:48:48 | INFO     | polymarket_bot.strategies.short_duration_strategy | ⚡ SHORT-DUR: ETH Up cid=0xe854cc926e price=0.495 prob=55.9% edge=6.2¢ mom=0.986 trend=0.50 vol=0.0027 size=10.1 type=GTC  q=Ethereum Up or Down - March 6, 11:45AM-11:50AM ET
2026-03-06 11:48:48 | INFO     | polymarket_bot.strategies.short_duration_strategy | ⚡ SHORT-DUR: BTC Up cid=0x9bdf3f0cb0 price=0.505 prob=58.8% edge=8.0¢ mom=0.973 trend=0.75 vol=0.0019 size=9.8 type=GTC  q=Bitcoin Up or Down - March 6, 11:45AM-11:50AM ET
2026-03-06 11:48:48 | INFO     | polymarket_bot.strategies.short_duration_strategy | ⚡ SHORT-DUR: XRP Up cid=0xde34f3bd55 price=0.505 prob=58.9% edge=8.1¢ mom=0.987 trend=0.75 vol=0.0009 size=9.8 type=GTC  q=XRP Up or Down - March 6, 11:50AM-11:55AM ET
2026-03-06 11:48:48 | INFO     | polymarket_bot.strategies.short_duration_strategy | ⚡ SHORT-DUR: BTC Up cid=0x3e45183cca price=0.505 prob=58.8% edge=8.0¢ mom=0.973 trend=0.75 vol=0.0019 size=9.8 type=GTC  q=Bitcoin Up or Down - March 6, 11:50AM-11:55AM ET
2026-03-06 11:48:48 | INFO     | polymarket_bot.orchestrator | Found 4 total signals across all strategies
2026-03-06 11:48:48 | INFO     | polymarket_bot.orchestrator | 📐 Sized 0xde34f3bd55 tier 1/3: $5.00 → $1.99 (25%)
2026-03-06 11:48:48 | INFO     | polymarket_bot.orchestrator | 📐 Sized 0x9bdf3f0cb0 tier 1/3: $5.00 → $1.99 (25%)
2026-03-06 11:48:48 | INFO     | polymarket_bot.orchestrator | 📐 Sized 0x3e45183cca tier 1/3: $5.00 → $1.99 (25%)
2026-03-06 11:48:48 | INFO     | polymarket_bot.orchestrator | 📐 Sized 0xe854cc926e tier 1/3: $5.00 → $1.99 (25%)
2026-03-06 11:48:48 | WARNING  | polymarket_bot.unified_executor | 🔴 Circuit breaker TRIPPED — blocking trade
2026-03-06 11:48:48 | WARNING  | __main__ | ❌ Signal execution failed: circuit_breaker_tripped
2026-03-06 11:48:48 | WARNING  | polymarket_bot.unified_executor | 🔴 Circuit breaker TRIPPED — blocking trade
2026-03-06 11:48:48 | WARNING  | __main__ | ❌ Signal execution failed: circuit_breaker_tripped
2026-03-06 11:48:48 | WARNING  | polymarket_bot.unified_executor | 🔴 Circuit breaker TRIPPED — blocking trade
2026-03-06 11:48:48 | WARNING  | __main__ | ❌ Signal execution failed: circuit_breaker_tripped
2026-03-06 11:48:48 | WARNING  | polymarket_bot.unified_executor | 🔴 Circuit breaker TRIPPED — blocking trade
2026-03-06 11:48:48 | WARNING  | __main__ | ❌ Signal execution failed: circuit_breaker_tripped
2026-03-06 11:48:48 | INFO     | __main__ | Iteration 14385: processed 4 signals
2026-03-06 11:48:55 | INFO     | polymarket_bot.orchestrator | 🕐 Resolution window [2d]: 477 → 0 markets
2026-03-06 11:48:56 | INFO     | polymarket_bot.scanner | 🔍 Short-duration scan: 50 markets found — unknown=50
2026-03-06 11:48:56 | INFO     | polymarket_bot.orchestrator | 📡 Short-duration: added 50 markets to universe (50 total in scan, 0 already present)
2026-03-06 11:48:56 | INFO     | polymarket_bot.strategies.short_duration_strategy | ⚡ SHORT-DUR: BTC Up cid=0x4aa05f7c17 price=0.495 prob=58.8% edge=9.0¢ mom=0.973 trend=0.75 vol=0.0019 size=10.1 type=GTC  q=Bitcoin Up or Down - March 6, 11:45AM-12:00PM ET
2026-03-06 11:48:56 | INFO     | polymarket_bot.strategies.short_duration_strategy | ⚡ SHORT-DUR: BTC Up cid=0x6c6a68e9c4 price=0.505 prob=58.8% edge=8.0¢ mom=0.973 trend=0.75 vol=0.0019 size=9.8 type=GTC  q=Bitcoin Up or Down - March 6, 11:55AM-12:00PM ET
2026-03-06 11:48:56 | INFO     | polymarket_bot.strategies.short_duration_strategy | ⚡ SHORT-DUR: ETH Up cid=0x62af176cac price=0.495 prob=55.9% edge=6.2¢ mom=0.986 trend=0.50 vol=0.0027 size=10.1 type=GTC  q=Ethereum Up or Down - March 6, 12:00PM-12:05PM ET
2026-03-06 11:48:56 | INFO     | polymarket_bot.strategies.short_duration_strategy | ⚡ SHORT-DUR: BTC Up cid=0x703ccc81a9 price=0.505 prob=58.8% edge=8.0¢ mom=0.973 trend=0.75 vol=0.0019 size=9.8 type=GTC  q=Bitcoin Up or Down - March 6, 12:00PM-12:05PM ET
2026-03-06 11:48:56 | INFO     | polymarket_bot.orchestrator | Found 4 total signals across all strategies
2026-03-06 11:48:56 | INFO     | polymarket_bot.orchestrator | 📐 Sized 0x4aa05f7c17 tier 1/3: $5.00 → $1.99 (25%)
2026-03-06 11:48:56 | INFO     | polymarket_bot.orchestrator | 📐 Sized 0x6c6a68e9c4 tier 1/3: $5.00 → $1.99 (25%)
2026-03-06 11:48:56 | INFO     | polymarket_bot.orchestrator | 📐 Sized 0x703ccc81a9 tier 1/3: $5.00 → $1.99 (25%)
2026-03-06 11:48:56 | INFO     | polymarket_bot.orchestrator | 📐 Sized 0x62af176cac tier 1/3: $5.00 → $1.99 (25%)
2026-03-06 11:48:56 | WARNING  | polymarket_bot.unified_executor | 🔴 Circuit breaker TRIPPED — blocking trade
2026-03-06 11:48:56 | WARNING  | __main__ | ❌ Signal execution failed: circuit_breaker_tripped
2026-03-06 11:48:56 | WARNING  | polymarket_bot.unified_executor | 🔴 Circuit breaker TRIPPED — blocking trade
2026-03-06 11:48:56 | WARNING  | __main__ | ❌ Signal execution failed: circuit_breaker_tripped
2026-03-06 11:48:56 | WARNING  | polymarket_bot.unified_executor | 🔴 Circuit breaker TRIPPED — blocking trade
2026-03-06 11:48:56 | WARNING  | __main__ | ❌ Signal execution failed: circuit_breaker_tripped
2026-03-06 11:48:56 | WARNING  | polymarket_bot.unified_executor | 🔴 Circuit breaker TRIPPED — blocking trade
2026-03-06 11:48:56 | WARNING  | __main__ | ❌ Signal execution failed: circuit_breaker_tripped
2026-03-06 11:48:56 | INFO     | __main__ | Iteration 14386: processed 4 signals
2026-03-06 11:49:06 | INFO     | polymarket_bot.orchestrator | 🕐 Resolution window [2d]: 477 → 0 markets
2026-03-06 11:49:06 | INFO     | polymarket_bot.scanner | 🔍 Short-duration scan: 50 markets found — unknown=50
2026-03-06 11:49:06 | INFO     | polymarket_bot.orchestrator | 📡 Short-duration: added 50 markets to universe (50 total in scan, 0 already present)
2026-03-06 11:49:09 | INFO     | polymarket_bot.strategies.short_duration_strategy | ⚡ SHORT-DUR: XRP Up cid=0xe8460623a8 price=0.505 prob=58.9% edge=8.2¢ mom=0.993 trend=0.75 vol=0.0009 size=9.8 type=GTC  q=XRP Up or Down - March 6, 12:00PM-12:05PM ET
2026-03-06 11:49:09 | INFO     | polymarket_bot.strategies.short_duration_strategy | ⚡ SHORT-DUR: BTC Up cid=0x6a3cc2a337 price=0.505 prob=58.8% edge=8.0¢ mom=0.973 trend=0.75 vol=0.0019 size=9.8 type=GTC  q=Bitcoin Up or Down - March 6, 12:05PM-12:10PM ET
2026-03-06 11:49:09 | INFO     | polymarket_bot.strategies.short_duration_strategy | ⚡ SHORT-DUR: XRP Up cid=0x97d2ac34a4 price=0.505 prob=58.9% edge=8.2¢ mom=0.993 trend=0.75 vol=0.0009 size=9.8 type=GTC  q=XRP Up or Down - March 6, 12:05PM-12:10PM ET
2026-03-06 11:49:09 | INFO     | polymarket_bot.strategies.short_duration_strategy | ⚡ SHORT-DUR: BTC Up cid=0x7034ed5c09 price=0.505 prob=58.8% edge=8.0¢ mom=0.973 trend=0.75 vol=0.0019 size=9.8 type=GTC  q=Bitcoin Up or Down - March 6, 12:00PM-12:15PM ET
2026-03-06 11:49:09 | INFO     | polymarket_bot.orchestrator | Found 4 total signals across all strategies
2026-03-06 11:49:09 | INFO     | polymarket_bot.orchestrator | 📐 Sized 0xe8460623a8 tier 1/3: $5.00 → $1.99 (25%)
2026-03-06 11:49:09 | INFO     | polymarket_bot.orchestrator | 📐 Sized 0x97d2ac34a4 tier 1/3: $5.00 → $1.99 (25%)
2026-03-06 11:49:09 | INFO     | polymarket_bot.orchestrator | 📐 Sized 0x6a3cc2a337 tier 1/3: $5.00 → $1.99 (25%)
2026-03-06 11:49:09 | INFO     | polymarket_bot.orchestrator | 📐 Sized 0x7034ed5c09 tier 1/3: $5.00 → $1.99 (25%)
2026-03-06 11:49:09 | WARNING  | polymarket_bot.unified_executor | 🔴 Circuit breaker TRIPPED — blocking trade
2026-03-06 11:49:09 | WARNING  | __main__ | ❌ Signal execution failed: circuit_breaker_tripped
2026-03-06 11:49:09 | WARNING  | polymarket_bot.unified_executor | 🔴 Circuit breaker TRIPPED — blocking trade
2026-03-06 11:49:09 | WARNING  | __main__ | ❌ Signal execution failed: circuit_breaker_tripped
2026-03-06 11:49:09 | WARNING  | polymarket_bot.unified_executor | 🔴 Circuit breaker TRIPPED — blocking trade
2026-03-06 11:49:09 | WARNING  | __main__ | ❌ Signal execution failed: circuit_breaker_tripped
2026-03-06 11:49:09 | WARNING  | polymarket_bot.unified_executor | 🔴 Circuit breaker TRIPPED — blocking trade
2026-03-06 11:49:09 | WARNING  | __main__ | ❌ Signal execution failed: circuit_breaker_tripped
2026-03-06 11:49:09 | INFO     | __main__ | Iteration 14387: processed 4 signals
2026-03-06 11:49:15 | INFO     | polymarket_bot.orchestrator | 🕐 Resolution window [2d]: 477 → 0 markets
2026-03-06 11:49:16 | INFO     | polymarket_bot.scanner | 🔍 Short-duration scan: 50 markets found — unknown=50
2026-03-06 11:49:16 | INFO     | polymarket_bot.orchestrator | 📡 Short-duration: added 50 markets to universe (50 total in scan, 0 already present)
2026-03-06 11:49:16 | INFO     | polymarket_bot.strategies.short_duration_strategy | ⚡ SHORT-DUR: XRP Up cid=0x66c3d17158 price=0.490 prob=58.9% edge=9.7¢ mom=0.993 trend=0.75 vol=0.0009 size=10.2 type=GTC  q=XRP Up or Down - March 6, 11:45AM-12:00PM ET
2026-03-06 11:49:16 | INFO     | polymarket_bot.strategies.short_duration_strategy | ⚡ SHORT-DUR: XRP Up cid=0xd3a2b67836 price=0.505 prob=58.9% edge=8.2¢ mom=0.993 trend=0.75 vol=0.0009 size=9.8 type=GTC  q=XRP Up or Down - March 6, 12:10PM-12:15PM ET
2026-03-06 11:49:16 | INFO     | polymarket_bot.strategies.short_duration_strategy | ⚡ SHORT-DUR: BTC Up cid=0x8504132b88 price=0.505 prob=58.8% edge=8.0¢ mom=0.973 trend=0.75 vol=0.0019 size=9.8 type=GTC  q=Bitcoin Up or Down - March 6, 12:10PM-12:15PM ET
2026-03-06 11:49:16 | INFO     | polymarket_bot.strategies.short_duration_strategy | ⚡ SHORT-DUR: XRP Up cid=0x2046289d24 price=0.500 prob=58.9% edge=8.7¢ mom=0.993 trend=0.75 vol=0.0009 size=9.9 type=GTC  q=XRP Up or Down - March 6, 12:00PM-12:15PM ET
2026-03-06 11:49:16 | INFO     | polymarket_bot.orchestrator | Found 4 total signals across all strategies
2026-03-06 11:49:16 | INFO     | polymarket_bot.orchestrator | 📐 Sized 0x66c3d17158 tier 1/3: $5.00 → $1.99 (25%)
2026-03-06 11:49:16 | INFO     | polymarket_bot.orchestrator | 📐 Sized 0x2046289d24 tier 1/3: $5.00 → $1.99 (25%)
2026-03-06 11:49:16 | INFO     | polymarket_bot.orchestrator | 📐 Sized 0xd3a2b67836 tier 1/3: $5.00 → $1.99 (25%)
2026-03-06 11:49:16 | INFO     | polymarket_bot.orchestrator | 📐 Sized 0x8504132b88 tier 1/3: $5.00 → $1.99 (25%)
2026-03-06 11:49:16 | WARNING  | polymarket_bot.unified_executor | 🔴 Circuit breaker TRIPPED — blocking trade
2026-03-06 11:49:16 | WARNING  | __main__ | ❌ Signal execution failed: circuit_breaker_tripped
2026-03-06 11:49:16 | WARNING  | polymarket_bot.unified_executor | 🔴 Circuit breaker TRIPPED — blocking trade
2026-03-06 11:49:16 | WARNING  | __main__ | ❌ Signal execution failed: circuit_breaker_tripped
2026-03-06 11:49:16 | WARNING  | polymarket_bot.unified_executor | 🔴 Circuit breaker TRIPPED — blocking trade
2026-03-06 11:49:16 | WARNING  | __main__ | ❌ Signal execution failed: circuit_breaker_tripped
2026-03-06 11:49:16 | WARNING  | polymarket_bot.unified_executor | 🔴 Circuit breaker TRIPPED — blocking trade
2026-03-06 11:49:16 | WARNING  | __main__ | ❌ Signal execution failed: circuit_breaker_tripped
2026-03-06 11:49:16 | INFO     | __main__ | Iteration 14388: processed 4 signals
2026-03-06 11:49:25 | INFO     | polymarket_bot.orchestrator | 🕐 Resolution window [2d]: 477 → 0 markets
2026-03-06 11:49:26 | INFO     | polymarket_bot.scanner | 🔍 Short-duration scan: 50 markets found — unknown=50
2026-03-06 11:49:26 | INFO     | polymarket_bot.orchestrator | 📡 Short-duration: added 50 markets to universe (50 total in scan, 0 already present)
2026-03-06 11:49:28 | INFO     | polymarket_bot.strategies.short_duration_strategy | ⚡ SHORT-DUR: XRP Up cid=0xf704269b8b price=0.495 prob=58.9% edge=9.2¢ mom=0.993 trend=0.75 vol=0.0009 size=10.1 type=GTC  q=XRP Up or Down - March 6, 11:45AM-11:50AM ET
2026-03-06 11:49:28 | INFO     | polymarket_bot.strategies.short_duration_strategy | ⚡ SHORT-DUR: XRP Up cid=0xa864925b45 price=0.505 prob=58.9% edge=8.2¢ mom=0.993 trend=0.75 vol=0.0009 size=9.8 type=GTC  q=XRP Up or Down - March 6, 11:55AM-12:00PM ET
2026-03-06 11:49:28 | INFO     | polymarket_bot.strategies.short_duration_strategy | ⚡ SHORT-DUR: XRP Up cid=0x655c539f87 price=0.505 prob=58.9% edge=8.2¢ mom=0.993 trend=0.75 vol=0.0009 size=9.8 type=GTC  q=XRP Up or Down - March 6, 12:15PM-12:20PM ET
2026-03-06 11:49:28 | INFO     | polymarket_bot.strategies.short_duration_strategy | ⚡ SHORT-DUR: BTC Up cid=0x075b9a8228 price=0.505 prob=58.8% edge=8.0¢ mom=0.973 trend=0.75 vol=0.0019 size=9.8 type=GTC  q=Bitcoin Up or Down - March 6, 12:15PM-12:20PM ET
2026-03-06 11:49:28 | INFO     | polymarket_bot.orchestrator | Found 4 total signals across all strategies
2026-03-06 11:49:28 | INFO     | polymarket_bot.orchestrator | 📐 Sized 0xf704269b8b tier 1/3: $5.00 → $1.99 (25%)
2026-03-06 11:49:28 | INFO     | polymarket_bot.orchestrator | 📐 Sized 0xa864925b45 tier 1/3: $5.00 → $1.99 (25%)
2026-03-06 11:49:28 | INFO     | polymarket_bot.orchestrator | 📐 Sized 0x655c539f87 tier 1/3: $5.00 → $1.99 (25%)
2026-03-06 11:49:28 | INFO     | polymarket_bot.orchestrator | 📐 Sized 0x075b9a8228 tier 1/3: $5.00 → $1.99 (25%)
2026-03-06 11:49:28 | WARNING  | polymarket_bot.unified_executor | 🔴 Circuit breaker TRIPPED — blocking trade
2026-03-06 11:49:28 | WARNING  | __main__ | ❌ Signal execution failed: circuit_breaker_tripped
2026-03-06 11:49:28 | WARNING  | polymarket_bot.unified_executor | 🔴 Circuit breaker TRIPPED — blocking trade
2026-03-06 11:49:28 | WARNING  | __main__ | ❌ Signal execution failed: circuit_breaker_tripped
2026-03-06 11:49:28 | WARNING  | polymarket_bot.unified_executor | 🔴 Circuit breaker TRIPPED — blocking trade
2026-03-06 11:49:28 | WARNING  | __main__ | ❌ Signal execution failed: circuit_breaker_tripped
2026-03-06 11:49:28 | WARNING  | polymarket_bot.unified_executor | 🔴 Circuit breaker TRIPPED — blocking trade
2026-03-06 11:49:28 | WARNING  | __main__ | ❌ Signal execution failed: circuit_breaker_tripped
2026-03-06 11:49:28 | INFO     | __main__ | Iteration 14389: processed 4 signals
2026-03-06 11:49:35 | INFO     | polymarket_bot.orchestrator | 🕐 Resolution window [2d]: 477 → 0 markets
2026-03-06 11:49:36 | INFO     | polymarket_bot.scanner | 🔍 Short-duration scan: 50 markets found — unknown=50
2026-03-06 11:49:36 | INFO     | polymarket_bot.orchestrator | 📡 Short-duration: added 50 markets to universe (50 total in scan, 0 already present)
2026-03-06 11:49:36 | INFO     | polymarket_bot.strategies.short_duration_strategy | ⚡ SHORT-DUR: BTC Up cid=0x6f1159986b price=0.505 prob=58.8% edge=8.0¢ mom=0.973 trend=0.75 vol=0.0019 size=9.8 type=GTC  q=Bitcoin Up or Down - March 6, 12:20PM-12:25PM ET
2026-03-06 11:49:36 | INFO     | polymarket_bot.orchestrator | Found 1 total signals across all strategies
2026-03-06 11:49:36 | INFO     | polymarket_bot.orchestrator | 📐 Sized 0x6f1159986b tier 1/3: $5.00 → $1.99 (25%)
2026-03-06 11:49:36 | WARNING  | polymarket_bot.unified_executor | 🔴 Circuit breaker TRIPPED — blocking trade
2026-03-06 11:49:36 | WARNING  | __main__ | ❌ Signal execution failed: circuit_breaker_tripped
2026-03-06 11:49:36 | INFO     | __main__ | ======================================================================
2026-03-06 11:49:36 | INFO     | __main__ | ⏱️  UPTIME: 2400.1 minutes
2026-03-06 11:49:36 | INFO     | __main__ | 📊 SIGNALS: seen=56616 executed=180
2026-03-06 11:49:36 | INFO     | __main__ | 📈 EXECUTIONS: total=54037 success=180 failed=0
2026-03-06 11:49:36 | INFO     | __main__ | 🎯 STRATEGIES: 5 enabled
2026-03-06 11:49:36 | INFO     | __main__ | ⚡ SHORT-DURATION: 50 markets — unknown=50
2026-03-06 11:49:36 | INFO     | __main__ | 💼 WALLET: equity=$11.78 start=$40.00 adj=$0.00 size_mult=x1.00 dyn_max=$8.00
2026-03-06 11:49:36 | INFO     | __main__ | ⚙️  EXECUTION PROFILE: aggressive_maker
2026-03-06 11:49:36 | INFO     | __main__ | 🛡️  HEDGING: events=0 forced=0
2026-03-06 11:49:36 | INFO     | __main__ | 🧾 OPEN MAKER (paper): gtc_total=1
2026-03-06 11:49:36 | INFO     | __main__ |    Top open GTC by condition: 0xb4a0b846…:1
2026-03-06 11:49:36 | INFO     | __main__ | 🏦 Top inventory by condition (cost): 0xfe09259f…:$1.99, 0xdd5ab6d0…:$1.99, 0x69bd84ce…:$1.99
2026-03-06 11:49:36 | INFO     | __main__ | ──────────────────────────────────────────────────────────────────────
2026-03-06 11:49:36 | INFO     | __main__ | 💼 PORTFOLIO:
2026-03-06 11:49:36 | INFO     | __main__ |    Open Positions: 5
2026-03-06 11:49:36 | INFO     | __main__ |    Closed Positions: 169
2026-03-06 11:49:36 | INFO     | __main__ |    Redeemable: 0
2026-03-06 11:49:36 | INFO     | __main__ |    Cost Basis: $9.95
2026-03-06 11:49:36 | INFO     | __main__ | ──────────────────────────────────────────────────────────────────────
2026-03-06 11:49:36 | INFO     | __main__ | 💰 PROFITABILITY:
2026-03-06 11:49:36 | INFO     | __main__ |      Wallet: $11.78  (started $40.00)
2026-03-06 11:49:36 | INFO     | __main__ |      Realized P&L: $-28.2244
2026-03-06 11:49:36 | INFO     | __main__ |      Unrealized P&L: $0.0999
2026-03-06 11:49:36 | INFO     | __main__ |      Total P&L: $-28.1245
2026-03-06 11:49:36 | INFO     | __main__ |      Open Cost Basis: $9.95
2026-03-06 11:49:36 | INFO     | __main__ |      Realized ROI: -283.67%
2026-03-06 11:49:36 | INFO     | __main__ |    Closed: 169 positions
2026-03-06 11:49:36 | INFO     | __main__ |    Redeemed: 0 positions
2026-03-06 11:49:36 | INFO     | __main__ |    Total Realized: $-28.2244
2026-03-06 11:49:36 | INFO     | __main__ | ──────────────────────────────────────────────────────────────────────
2026-03-06 11:49:36 | INFO     | __main__ | 📊 STRATEGY BREAKDOWN (actual P&L):
2026-03-06 11:49:36 | INFO     | __main__ |    short_duration: 180 trades, realized=$-28.2244, total=$-28.1245
2026-03-06 11:49:36 | INFO     | __main__ | ──────────────────────────────────────────────────────────────────────
2026-03-06 11:49:36 | INFO     | __main__ | 🔁 QUOTE CHURN (paper): canceled=5 requoted=0
2026-03-06 11:49:36 | INFO     | __main__ | ──────────────────────────────────────────────────────────────────────
2026-03-06 11:49:36 | INFO     | __main__ | 🔌 CIRCUIT BREAKER: state=cooldown daily_loss=$0.00 drawdown=0.0% consec_losses=0 trips=77
2026-03-06 11:49:36 | INFO     | __main__ | ──────────────────────────────────────────────────────────────────────
2026-03-06 11:49:36 | INFO     | __main__ | 🧠 STRATEGY ATTRIBUTION (actual):
2026-03-06 11:49:36 | INFO     | __main__ |    short_duration: cost=$9.95 realized=$-28.2244 unrealized=$0.0999
2026-03-06 11:49:36 | INFO     | __main__ | ======================================================================
2026-03-06 11:49:36 | INFO     | __main__ | Iteration 14390: processed 1 signals
2026-03-06 11:49:46 | INFO     | polymarket_bot.orchestrator | 🕐 Resolution window [2d]: 477 → 0 markets
2026-03-06 11:49:46 | INFO     | polymarket_bot.scanner | 🔍 Short-duration scan: 50 markets found — unknown=50
2026-03-06 11:49:46 | INFO     | polymarket_bot.orchestrator | 📡 Short-duration: added 50 markets to universe (50 total in scan, 0 already present)
2026-03-06 11:49:56 | INFO     | polymarket_bot.orchestrator | 🕐 Resolution window [2d]: 477 → 0 markets
2026-03-06 11:49:56 | INFO     | polymarket_bot.scanner | 🔍 Short-duration scan: 50 markets found — unknown=50
2026-03-06 11:49:56 | INFO     | polymarket_bot.orchestrator | 📡 Short-duration: added 50 markets to universe (50 total in scan, 0 already present)
2026-03-06 11:49:58 | INFO     | polymarket_bot.strategies.short_duration_strategy | ⚡ SHORT-DUR: BTC Up cid=0x9bdf3f0cb0 price=0.485 prob=58.8% edge=10.0¢ mom=0.973 trend=0.75 vol=0.0019 size=10.3 type=GTC  q=Bitcoin Up or Down - March 6, 11:45AM-11:50AM ET
2026-03-06 11:49:58 | INFO     | polymarket_bot.strategies.short_duration_strategy | ⚡ SHORT-DUR: BTC Up cid=0x3e45183cca price=0.505 prob=58.8% edge=8.0¢ mom=0.973 trend=0.75 vol=0.0019 size=9.8 type=GTC  q=Bitcoin Up or Down - March 6, 11:50AM-11:55AM ET
2026-03-06 11:49:58 | INFO     | polymarket_bot.strategies.short_duration_strategy | ⚡ SHORT-DUR: XRP Up cid=0xde34f3bd55 price=0.505 prob=58.9% edge=8.2¢ mom=0.993 trend=0.75 vol=0.0009 size=9.8 type=GTC  q=XRP Up or Down - March 6, 11:50AM-11:55AM ET
2026-03-06 11:49:58 | INFO     | polymarket_bot.strategies.short_duration_strategy | ⚡ SHORT-DUR: BTC Up cid=0x4aa05f7c17 price=0.495 prob=58.8% edge=9.0¢ mom=0.973 trend=0.75 vol=0.0019 size=10.1 type=GTC  q=Bitcoin Up or Down - March 6, 11:45AM-12:00PM ET
2026-03-06 11:49:58 | INFO     | polymarket_bot.orchestrator | Found 4 total signals across all strategies
2026-03-06 11:49:58 | INFO     | polymarket_bot.orchestrator | 📐 Sized 0x9bdf3f0cb0 tier 1/3: $5.00 → $1.99 (25%)
2026-03-06 11:49:58 | INFO     | polymarket_bot.orchestrator | 📐 Sized 0x4aa05f7c17 tier 1/3: $5.00 → $1.99 (25%)
2026-03-06 11:49:58 | INFO     | polymarket_bot.orchestrator | 📐 Sized 0xde34f3bd55 tier 1/3: $5.00 → $1.99 (25%)
2026-03-06 11:49:58 | INFO     | polymarket_bot.orchestrator | 📐 Sized 0x3e45183cca tier 1/3: $5.00 → $1.99 (25%)
2026-03-06 11:49:58 | WARNING  | polymarket_bot.unified_executor | 🔴 Circuit breaker TRIPPED — blocking trade
2026-03-06 11:49:58 | WARNING  | __main__ | ❌ Signal execution failed: circuit_breaker_tripped
2026-03-06 11:49:58 | WARNING  | polymarket_bot.unified_executor | 🔴 Circuit breaker TRIPPED — blocking trade
2026-03-06 11:49:58 | WARNING  | __main__ | ❌ Signal execution failed: circuit_breaker_tripped
2026-03-06 11:49:58 | WARNING  | polymarket_bot.unified_executor | 🔴 Circuit breaker TRIPPED — blocking trade
2026-03-06 11:49:58 | WARNING  | __main__ | ❌ Signal execution failed: circuit_breaker_tripped
2026-03-06 11:49:58 | WARNING  | polymarket_bot.unified_executor | 🔴 Circuit breaker TRIPPED — blocking trade
2026-03-06 11:49:58 | WARNING  | __main__ | ❌ Signal execution failed: circuit_breaker_tripped
2026-03-06 11:49:58 | INFO     | __main__ | Iteration 14392: processed 4 signals
2026-03-06 11:50:06 | INFO     | polymarket_bot.orchestrator | 🕐 Resolution window [2d]: 477 → 0 markets
2026-03-06 11:50:06 | INFO     | polymarket_bot.scanner | 🔍 Short-duration scan: 49 markets found — unknown=49
2026-03-06 11:50:06 | INFO     | polymarket_bot.orchestrator | 📡 Short-duration: added 49 markets to universe (49 total in scan, 0 already present)
2026-03-06 11:50:06 | INFO     | polymarket_bot.strategies.short_duration_strategy | ⚡ SHORT-DUR: BTC Up cid=0x6c6a68e9c4 price=0.505 prob=58.8% edge=8.0¢ mom=0.973 trend=0.75 vol=0.0019 size=9.8 type=GTC  q=Bitcoin Up or Down - March 6, 11:55AM-12:00PM ET
2026-03-06 11:50:06 | INFO     | polymarket_bot.strategies.short_duration_strategy | ⚡ SHORT-DUR: BTC Up cid=0x703ccc81a9 price=0.505 prob=58.8% edge=8.0¢ mom=0.973 trend=0.75 vol=0.0019 size=9.8 type=GTC  q=Bitcoin Up or Down - March 6, 12:00PM-12:05PM ET
2026-03-06 11:50:06 | INFO     | polymarket_bot.strategies.short_duration_strategy | ⚡ SHORT-DUR: XRP Up cid=0xed4647cead price=0.505 prob=58.9% edge=8.2¢ mom=0.993 trend=0.75 vol=0.0009 size=9.8 type=GTC  q=XRP Up or Down - March 6, 12:20PM-12:25PM ET
2026-03-06 11:50:06 | INFO     | polymarket_bot.strategies.short_duration_strategy | ⚡ SHORT-DUR: XRP Up cid=0x9fe02d0972 price=0.505 prob=58.9% edge=8.2¢ mom=0.993 trend=0.75 vol=0.0009 size=9.8 type=GTC  q=XRP Up or Down - March 6, 12:25PM-12:30PM ET
2026-03-06 11:50:06 | INFO     | polymarket_bot.orchestrator | Found 4 total signals across all strategies
2026-03-06 11:50:06 | INFO     | polymarket_bot.orchestrator | 📐 Sized 0xed4647cead tier 1/3: $5.00 → $1.99 (25%)
2026-03-06 11:50:06 | INFO     | polymarket_bot.orchestrator | 📐 Sized 0x9fe02d0972 tier 1/3: $5.00 → $1.99 (25%)
2026-03-06 11:50:06 | INFO     | polymarket_bot.orchestrator | 📐 Sized 0x6c6a68e9c4 tier 1/3: $5.00 → $1.99 (25%)
2026-03-06 11:50:06 | INFO     | polymarket_bot.orchestrator | 📐 Sized 0x703ccc81a9 tier 1/3: $5.00 → $1.99 (25%)
2026-03-06 11:50:06 | WARNING  | polymarket_bot.unified_executor | 🔴 Circuit breaker TRIPPED — blocking trade
2026-03-06 11:50:06 | WARNING  | __main__ | ❌ Signal execution failed: circuit_breaker_tripped
2026-03-06 11:50:06 | WARNING  | polymarket_bot.unified_executor | 🔴 Circuit breaker TRIPPED — blocking trade
2026-03-06 11:50:06 | WARNING  | __main__ | ❌ Signal execution failed: circuit_breaker_tripped
2026-03-06 11:50:06 | WARNING  | polymarket_bot.unified_executor | 🔴 Circuit breaker TRIPPED — blocking trade
2026-03-06 11:50:06 | WARNING  | __main__ | ❌ Signal execution failed: circuit_breaker_tripped
2026-03-06 11:50:06 | WARNING  | polymarket_bot.unified_executor | 🔴 Circuit breaker TRIPPED — blocking trade
2026-03-06 11:50:06 | WARNING  | __main__ | ❌ Signal execution failed: circuit_breaker_tripped
2026-03-06 11:50:06 | INFO     | __main__ | Iteration 14393: processed 4 signals
2026-03-06 11:50:16 | INFO     | polymarket_bot.orchestrator | 🕐 Resolution window [2d]: 477 → 0 markets
2026-03-06 11:50:16 | INFO     | polymarket_bot.scanner | 🔍 Short-duration scan: 48 markets found — unknown=48
2026-03-06 11:50:16 | INFO     | polymarket_bot.orchestrator | 📡 Short-duration: added 48 markets to universe (48 total in scan, 0 already present)
2026-03-06 11:50:19 | INFO     | polymarket_bot.strategies.short_duration_strategy | ⚡ SHORT-DUR: XRP Up cid=0xe8460623a8 price=0.505 prob=58.9% edge=8.2¢ mom=0.989 trend=0.75 vol=0.0009 size=9.8 type=GTC  q=XRP Up or Down - March 6, 12:00PM-12:05PM ET
2026-03-06 11:50:19 | INFO     | polymarket_bot.strategies.short_duration_strategy | ⚡ SHORT-DUR: BTC Up cid=0x6a3cc2a337 price=0.505 prob=58.8% edge=8.0¢ mom=0.973 trend=0.75 vol=0.0019 size=9.8 type=GTC  q=Bitcoin Up or Down - March 6, 12:05PM-12:10PM ET
2026-03-06 11:50:19 | INFO     | polymarket_bot.strategies.short_duration_strategy | ⚡ SHORT-DUR: XRP Up cid=0x97d2ac34a4 price=0.505 prob=58.9% edge=8.2¢ mom=0.989 trend=0.75 vol=0.0009 size=9.8 type=GTC  q=XRP Up or Down - March 6, 12:05PM-12:10PM ET
2026-03-06 11:50:19 | INFO     | polymarket_bot.strategies.short_duration_strategy | ⚡ SHORT-DUR: BTC Up cid=0x7034ed5c09 price=0.505 prob=58.8% edge=8.0¢ mom=0.973 trend=0.75 vol=0.0019 size=9.8 type=GTC  q=Bitcoin Up or Down - March 6, 12:00PM-12:15PM ET
2026-03-06 11:50:19 | INFO     | polymarket_bot.orchestrator | Found 4 total signals across all strategies
2026-03-06 11:50:19 | INFO     | polymarket_bot.orchestrator | 📐 Sized 0xe8460623a8 tier 1/3: $5.00 → $1.99 (25%)
2026-03-06 11:50:19 | INFO     | polymarket_bot.orchestrator | 📐 Sized 0x97d2ac34a4 tier 1/3: $5.00 → $1.99 (25%)
2026-03-06 11:50:19 | INFO     | polymarket_bot.orchestrator | 📐 Sized 0x6a3cc2a337 tier 1/3: $5.00 → $1.99 (25%)
2026-03-06 11:50:19 | INFO     | polymarket_bot.orchestrator | 📐 Sized 0x7034ed5c09 tier 1/3: $5.00 → $1.99 (25%)
2026-03-06 11:50:19 | WARNING  | polymarket_bot.unified_executor | 🔴 Circuit breaker TRIPPED — blocking trade
2026-03-06 11:50:19 | WARNING  | __main__ | ❌ Signal execution failed: circuit_breaker_tripped
2026-03-06 11:50:19 | WARNING  | polymarket_bot.unified_executor | 🔴 Circuit breaker TRIPPED — blocking trade
2026-03-06 11:50:19 | WARNING  | __main__ | ❌ Signal execution failed: circuit_breaker_tripped
2026-03-06 11:50:19 | WARNING  | polymarket_bot.unified_executor | 🔴 Circuit breaker TRIPPED — blocking trade
2026-03-06 11:50:19 | WARNING  | __main__ | ❌ Signal execution failed: circuit_breaker_tripped
2026-03-06 11:50:19 | WARNING  | polymarket_bot.unified_executor | 🔴 Circuit breaker TRIPPED — blocking trade
2026-03-06 11:50:19 | WARNING  | __main__ | ❌ Signal execution failed: circuit_breaker_tripped
2026-03-06 11:50:19 | INFO     | __main__ | Iteration 14394: processed 4 signals
2026-03-06 11:50:26 | INFO     | polymarket_bot.orchestrator | 🕐 Resolution window [2d]: 477 → 0 markets
2026-03-06 11:50:26 | INFO     | polymarket_bot.scanner | 🔍 Short-duration scan: 48 markets found — unknown=48
2026-03-06 11:50:26 | INFO     | polymarket_bot.orchestrator | 📡 Short-duration: added 48 markets to universe (48 total in scan, 0 already present)
2026-03-06 11:50:28 | INFO     | polymarket_bot.strategies.short_duration_strategy | ⚡ SHORT-DUR: XRP Up cid=0xa864925b45 price=0.505 prob=58.9% edge=8.2¢ mom=0.989 trend=0.75 vol=0.0009 size=9.8 type=GTC  q=XRP Up or Down - March 6, 11:55AM-12:00PM ET
2026-03-06 11:50:28 | INFO     | polymarket_bot.strategies.short_duration_strategy | ⚡ SHORT-DUR: XRP Up cid=0x66c3d17158 price=0.490 prob=58.9% edge=9.7¢ mom=0.989 trend=0.75 vol=0.0009 size=10.2 type=GTC  q=XRP Up or Down - March 6, 11:45AM-12:00PM ET
2026-03-06 11:50:28 | INFO     | polymarket_bot.strategies.short_duration_strategy | ⚡ SHORT-DUR: XRP Up cid=0xd3a2b67836 price=0.505 prob=58.9% edge=8.2¢ mom=0.989 trend=0.75 vol=0.0009 size=9.8 type=GTC  q=XRP Up or Down - March 6, 12:10PM-12:15PM ET
2026-03-06 11:50:28 | INFO     | polymarket_bot.strategies.short_duration_strategy | ⚡ SHORT-DUR: BTC Up cid=0x8504132b88 price=0.505 prob=58.8% edge=8.0¢ mom=0.973 trend=0.75 vol=0.0019 size=9.8 type=GTC  q=Bitcoin Up or Down - March 6, 12:10PM-12:15PM ET
2026-03-06 11:50:28 | INFO     | polymarket_bot.orchestrator | Found 4 total signals across all strategies
2026-03-06 11:50:28 | INFO     | polymarket_bot.orchestrator | 📐 Sized 0x66c3d17158 tier 1/3: $5.00 → $1.99 (25%)
2026-03-06 11:50:28 | INFO     | polymarket_bot.orchestrator | 📐 Sized 0xa864925b45 tier 1/3: $5.00 → $1.99 (25%)
2026-03-06 11:50:28 | INFO     | polymarket_bot.orchestrator | 📐 Sized 0xd3a2b67836 tier 1/3: $5.00 → $1.99 (25%)
2026-03-06 11:50:28 | INFO     | polymarket_bot.orchestrator | 📐 Sized 0x8504132b88 tier 1/3: $5.00 → $1.99 (25%)
2026-03-06 11:50:28 | WARNING  | polymarket_bot.unified_executor | 🔴 Circuit breaker TRIPPED — blocking trade
2026-03-06 11:50:28 | WARNING  | __main__ | ❌ Signal execution failed: circuit_breaker_tripped
2026-03-06 11:50:28 | WARNING  | polymarket_bot.unified_executor | 🔴 Circuit breaker TRIPPED — blocking trade
2026-03-06 11:50:28 | WARNING  | __main__ | ❌ Signal execution failed: circuit_breaker_tripped
2026-03-06 11:50:28 | WARNING  | polymarket_bot.unified_executor | 🔴 Circuit breaker TRIPPED — blocking trade
2026-03-06 11:50:28 | WARNING  | __main__ | ❌ Signal execution failed: circuit_breaker_tripped
2026-03-06 11:50:28 | WARNING  | polymarket_bot.unified_executor | 🔴 Circuit breaker TRIPPED — blocking trade
2026-03-06 11:50:28 | WARNING  | __main__ | ❌ Signal execution failed: circuit_breaker_tripped
2026-03-06 11:50:28 | INFO     | __main__ | Iteration 14395: processed 4 signals
2026-03-06 11:50:36 | INFO     | polymarket_bot.orchestrator | 🕐 Resolution window [2d]: 477 → 0 markets
2026-03-06 11:50:36 | INFO     | polymarket_bot.scanner | 🔍 Short-duration scan: 48 markets found — unknown=48
2026-03-06 11:50:36 | INFO     | polymarket_bot.orchestrator | 📡 Short-duration: added 48 markets to universe (48 total in scan, 0 already present)
2026-03-06 11:50:38 | INFO     | polymarket_bot.strategies.short_duration_strategy | ⚡ SHORT-DUR: XRP Up cid=0x2046289d24 price=0.500 prob=58.9% edge=8.6¢ mom=0.989 trend=0.75 vol=0.0009 size=9.9 type=GTC  q=XRP Up or Down - March 6, 12:00PM-12:15PM ET
2026-03-06 11:50:38 | INFO     | polymarket_bot.strategies.short_duration_strategy | ⚡ SHORT-DUR: XRP Up cid=0x655c539f87 price=0.505 prob=58.9% edge=8.2¢ mom=0.989 trend=0.75 vol=0.0009 size=9.8 type=GTC  q=XRP Up or Down - March 6, 12:15PM-12:20PM ET
2026-03-06 11:50:38 | INFO     | polymarket_bot.strategies.short_duration_strategy | ⚡ SHORT-DUR: BTC Up cid=0x075b9a8228 price=0.505 prob=58.8% edge=8.0¢ mom=0.973 trend=0.75 vol=0.0019 size=9.8 type=GTC  q=Bitcoin Up or Down - March 6, 12:15PM-12:20PM ET
2026-03-06 11:50:38 | INFO     | polymarket_bot.strategies.short_duration_strategy | ⚡ SHORT-DUR: BTC Up cid=0x6f1159986b price=0.505 prob=58.8% edge=8.0¢ mom=0.973 trend=0.75 vol=0.0019 size=9.8 type=GTC  q=Bitcoin Up or Down - March 6, 12:20PM-12:25PM ET
2026-03-06 11:50:38 | INFO     | polymarket_bot.orchestrator | Found 4 total signals across all strategies
2026-03-06 11:50:38 | INFO     | polymarket_bot.orchestrator | 📐 Sized 0x2046289d24 tier 1/3: $5.00 → $1.99 (25%)
2026-03-06 11:50:38 | INFO     | polymarket_bot.orchestrator | 📐 Sized 0x655c539f87 tier 1/3: $5.00 → $1.99 (25%)
2026-03-06 11:50:38 | INFO     | polymarket_bot.orchestrator | 📐 Sized 0x075b9a8228 tier 1/3: $5.00 → $1.99 (25%)
2026-03-06 11:50:38 | INFO     | polymarket_bot.orchestrator | 📐 Sized 0x6f1159986b tier 1/3: $5.00 → $1.99 (25%)
2026-03-06 11:50:38 | WARNING  | polymarket_bot.unified_executor | 🔴 Circuit breaker TRIPPED — blocking trade
2026-03-06 11:50:38 | WARNING  | __main__ | ❌ Signal execution failed: circuit_breaker_tripped
2026-03-06 11:50:38 | WARNING  | polymarket_bot.unified_executor | 🔴 Circuit breaker TRIPPED — blocking trade
2026-03-06 11:50:38 | WARNING  | __main__ | ❌ Signal execution failed: circuit_breaker_tripped
2026-03-06 11:50:38 | WARNING  | polymarket_bot.unified_executor | 🔴 Circuit breaker TRIPPED — blocking trade
2026-03-06 11:50:38 | WARNING  | __main__ | ❌ Signal execution failed: circuit_breaker_tripped
2026-03-06 11:50:38 | WARNING  | polymarket_bot.unified_executor | 🔴 Circuit breaker TRIPPED — blocking trade
2026-03-06 11:50:38 | WARNING  | __main__ | ❌ Signal execution failed: circuit_breaker_tripped
2026-03-06 11:50:38 | INFO     | __main__ | ======================================================================
2026-03-06 11:50:38 | INFO     | __main__ | ⏱️  UPTIME: 2401.2 minutes
2026-03-06 11:50:38 | INFO     | __main__ | 📊 SIGNALS: seen=56636 executed=180
2026-03-06 11:50:38 | INFO     | __main__ | 📈 EXECUTIONS: total=54057 success=180 failed=0
2026-03-06 11:50:38 | INFO     | __main__ | 🎯 STRATEGIES: 5 enabled
2026-03-06 11:50:38 | INFO     | __main__ | ⚡ SHORT-DURATION: 48 markets — unknown=48
2026-03-06 11:50:38 | INFO     | __main__ | 💼 WALLET: equity=$11.78 start=$40.00 adj=$0.00 size_mult=x1.00 dyn_max=$8.00
2026-03-06 11:50:38 | INFO     | __main__ | ⚙️  EXECUTION PROFILE: aggressive_maker
2026-03-06 11:50:38 | INFO     | __main__ | 🛡️  HEDGING: events=0 forced=0
2026-03-06 11:50:38 | INFO     | __main__ | 🧾 OPEN MAKER (paper): gtc_total=1
2026-03-06 11:50:38 | INFO     | __main__ |    Top open GTC by condition: 0xb4a0b846…:1
2026-03-06 11:50:38 | INFO     | __main__ | 🏦 Top inventory by condition (cost): 0xfe09259f…:$1.99, 0xdd5ab6d0…:$1.99, 0x69bd84ce…:$1.99
2026-03-06 11:50:38 | INFO     | __main__ | ──────────────────────────────────────────────────────────────────────
2026-03-06 11:50:38 | INFO     | __main__ | 💼 PORTFOLIO:
2026-03-06 11:50:38 | INFO     | __main__ |    Open Positions: 5
2026-03-06 11:50:38 | INFO     | __main__ |    Closed Positions: 169
2026-03-06 11:50:38 | INFO     | __main__ |    Redeemable: 0
2026-03-06 11:50:38 | INFO     | __main__ |    Cost Basis: $9.95
2026-03-06 11:50:38 | INFO     | __main__ | ──────────────────────────────────────────────────────────────────────
2026-03-06 11:50:38 | INFO     | __main__ | 💰 PROFITABILITY:
2026-03-06 11:50:38 | INFO     | __main__ |      Wallet: $11.78  (started $40.00)
2026-03-06 11:50:38 | INFO     | __main__ |      Realized P&L: $-28.2244
2026-03-06 11:50:38 | INFO     | __main__ |      Unrealized P&L: $0.0999
2026-03-06 11:50:38 | INFO     | __main__ |      Total P&L: $-28.1245
2026-03-06 11:50:38 | INFO     | __main__ |      Open Cost Basis: $9.95
2026-03-06 11:50:38 | INFO     | __main__ |      Realized ROI: -283.67%
2026-03-06 11:50:38 | INFO     | __main__ |    Closed: 169 positions
2026-03-06 11:50:38 | INFO     | __main__ |    Redeemed: 0 positions
2026-03-06 11:50:38 | INFO     | __main__ |    Total Realized: $-28.2244
2026-03-06 11:50:38 | INFO     | __main__ | ──────────────────────────────────────────────────────────────────────
2026-03-06 11:50:38 | INFO     | __main__ | 📊 STRATEGY BREAKDOWN (actual P&L):
2026-03-06 11:50:38 | INFO     | __main__ |    short_duration: 180 trades, realized=$-28.2244, total=$-28.1245
2026-03-06 11:50:38 | INFO     | __main__ | ──────────────────────────────────────────────────────────────────────
2026-03-06 11:50:38 | INFO     | __main__ | 🔁 QUOTE CHURN (paper): canceled=5 requoted=0
2026-03-06 11:50:38 | INFO     | __main__ | ──────────────────────────────────────────────────────────────────────
2026-03-06 11:50:38 | INFO     | __main__ | 🔌 CIRCUIT BREAKER: state=cooldown daily_loss=$0.00 drawdown=0.0% consec_losses=0 trips=77
2026-03-06 11:50:38 | INFO     | __main__ | ──────────────────────────────────────────────────────────────────────
2026-03-06 11:50:38 | INFO     | __main__ | 🧠 STRATEGY ATTRIBUTION (actual):
2026-03-06 11:50:38 | INFO     | __main__ |    short_duration: cost=$9.95 realized=$-28.2244 unrealized=$0.0999
2026-03-06 11:50:38 | INFO     | __main__ | ======================================================================
2026-03-06 11:50:38 | INFO     | __main__ | Iteration 14396: processed 4 signals
2026-03-06 11:50:46 | INFO     | polymarket_bot.orchestrator | 🕐 Resolution window [2d]: 477 → 0 markets
2026-03-06 11:50:46 | INFO     | polymarket_bot.scanner | 🔍 Short-duration scan: 48 markets found — unknown=48
2026-03-06 11:50:46 | INFO     | polymarket_bot.orchestrator | 📡 Short-duration: added 48 markets to universe (48 total in scan, 0 already present)
2026-03-06 11:50:56 | INFO     | polymarket_bot.orchestrator | 🕐 Resolution window [2d]: 477 → 0 markets
2026-03-06 11:50:56 | INFO     | polymarket_bot.scanner | 🔍 Short-duration scan: 48 markets found — unknown=48
2026-03-06 11:50:56 | INFO     | polymarket_bot.orchestrator | 📡 Short-duration: added 48 markets to universe (48 total in scan, 0 already present)
2026-03-06 11:51:06 | INFO     | polymarket_bot.orchestrator | 🕐 Resolution window [2d]: 477 → 0 markets
2026-03-06 11:51:06 | INFO     | polymarket_bot.scanner | 🔍 Short-duration scan: 48 markets found — unknown=48
2026-03-06 11:51:06 | INFO     | polymarket_bot.orchestrator | 📡 Short-duration: added 48 markets to universe (48 total in scan, 0 already present)
2026-03-06 11:51:08 | INFO     | polymarket_bot.strategies.short_duration_strategy | ⚡ SHORT-DUR: XRP Up cid=0xde34f3bd55 price=0.505 prob=58.9% edge=8.2¢ mom=0.989 trend=0.75 vol=0.0006 size=9.8 type=GTC  q=XRP Up or Down - March 6, 11:50AM-11:55AM ET
2026-03-06 11:51:08 | INFO     | polymarket_bot.strategies.short_duration_strategy | ⚡ SHORT-DUR: BTC Up cid=0x3e45183cca price=0.505 prob=57.7% edge=6.9¢ mom=0.957 trend=0.67 vol=0.0018 size=9.8 type=GTC  q=Bitcoin Up or Down - March 6, 11:50AM-11:55AM ET
2026-03-06 11:51:08 | INFO     | polymarket_bot.strategies.short_duration_strategy | ⚡ SHORT-DUR: BTC Up cid=0x6c6a68e9c4 price=0.505 prob=57.7% edge=6.9¢ mom=0.957 trend=0.67 vol=0.0018 size=9.8 type=GTC  q=Bitcoin Up or Down - March 6, 11:55AM-12:00PM ET
2026-03-06 11:51:08 | INFO     | polymarket_bot.strategies.short_duration_strategy | ⚡ SHORT-DUR: BTC Up cid=0x703ccc81a9 price=0.505 prob=57.7% edge=6.9¢ mom=0.957 trend=0.67 vol=0.0018 size=9.8 type=GTC  q=Bitcoin Up or Down - March 6, 12:00PM-12:05PM ET
2026-03-06 11:51:08 | INFO     | polymarket_bot.orchestrator | Found 4 total signals across all strategies
2026-03-06 11:51:08 | INFO     | polymarket_bot.orchestrator | 📐 Sized 0xde34f3bd55 tier 1/3: $5.00 → $1.99 (25%)
2026-03-06 11:51:08 | INFO     | polymarket_bot.orchestrator | 📐 Sized 0x3e45183cca tier 1/3: $5.00 → $1.99 (25%)
2026-03-06 11:51:08 | INFO     | polymarket_bot.orchestrator | 📐 Sized 0x6c6a68e9c4 tier 1/3: $5.00 → $1.99 (25%)
2026-03-06 11:51:08 | INFO     | polymarket_bot.orchestrator | 📐 Sized 0x703ccc81a9 tier 1/3: $5.00 → $1.99 (25%)
2026-03-06 11:51:08 | WARNING  | polymarket_bot.unified_executor | 🔴 Circuit breaker TRIPPED — blocking trade
2026-03-06 11:51:08 | WARNING  | __main__ | ❌ Signal execution failed: circuit_breaker_tripped
2026-03-06 11:51:08 | WARNING  | polymarket_bot.unified_executor | 🔴 Circuit breaker TRIPPED — blocking trade
2026-03-06 11:51:08 | WARNING  | __main__ | ❌ Signal execution failed: circuit_breaker_tripped
2026-03-06 11:51:08 | WARNING  | polymarket_bot.unified_executor | 🔴 Circuit breaker TRIPPED — blocking trade
2026-03-06 11:51:08 | WARNING  | __main__ | ❌ Signal execution failed: circuit_breaker_tripped
2026-03-06 11:51:08 | WARNING  | polymarket_bot.unified_executor | 🔴 Circuit breaker TRIPPED — blocking trade
2026-03-06 11:51:08 | WARNING  | __main__ | ❌ Signal execution failed: circuit_breaker_tripped
2026-03-06 11:51:08 | INFO     | __main__ | Iteration 14399: processed 4 signals
2026-03-06 11:51:16 | INFO     | polymarket_bot.orchestrator | 🕐 Resolution window [2d]: 477 → 0 markets
2026-03-06 11:51:16 | INFO     | polymarket_bot.scanner | 🔍 Short-duration scan: 48 markets found — unknown=48
2026-03-06 11:51:16 | INFO     | polymarket_bot.orchestrator | 📡 Short-duration: added 48 markets to universe (48 total in scan, 0 already present)
2026-03-06 11:51:16 | INFO     | polymarket_bot.strategies.short_duration_strategy | ⚡ SHORT-DUR: BTC Up cid=0x4aa05f7c17 price=0.495 prob=57.7% edge=7.9¢ mom=0.957 trend=0.67 vol=0.0018 size=10.1 type=GTC  q=Bitcoin Up or Down - March 6, 11:45AM-12:00PM ET
2026-03-06 11:51:16 | INFO     | polymarket_bot.strategies.short_duration_strategy | ⚡ SHORT-DUR: XRP Up cid=0xe8460623a8 price=0.505 prob=58.9% edge=8.2¢ mom=0.989 trend=0.75 vol=0.0006 size=9.8 type=GTC  q=XRP Up or Down - March 6, 12:00PM-12:05PM ET
2026-03-06 11:51:16 | INFO     | polymarket_bot.strategies.short_duration_strategy | ⚡ SHORT-DUR: BTC Up cid=0x6a3cc2a337 price=0.505 prob=57.7% edge=6.9¢ mom=0.957 trend=0.67 vol=0.0018 size=9.8 type=GTC  q=Bitcoin Up or Down - March 6, 12:05PM-12:10PM ET
2026-03-06 11:51:16 | INFO     | polymarket_bot.strategies.short_duration_strategy | ⚡ SHORT-DUR: XRP Up cid=0x97d2ac34a4 price=0.505 prob=58.9% edge=8.2¢ mom=0.989 trend=0.75 vol=0.0006 size=9.8 type=GTC  q=XRP Up or Down - March 6, 12:05PM-12:10PM ET
2026-03-06 11:51:16 | INFO     | polymarket_bot.orchestrator | Found 4 total signals across all strategies
2026-03-06 11:51:16 | INFO     | polymarket_bot.orchestrator | 📐 Sized 0xe8460623a8 tier 1/3: $5.00 → $1.99 (25%)
2026-03-06 11:51:16 | INFO     | polymarket_bot.orchestrator | 📐 Sized 0x97d2ac34a4 tier 1/3: $5.00 → $1.99 (25%)
2026-03-06 11:51:16 | INFO     | polymarket_bot.orchestrator | 📐 Sized 0x4aa05f7c17 tier 1/3: $5.00 → $1.99 (25%)
2026-03-06 11:51:16 | INFO     | polymarket_bot.orchestrator | 📐 Sized 0x6a3cc2a337 tier 1/3: $5.00 → $1.99 (25%)
2026-03-06 11:51:16 | WARNING  | polymarket_bot.unified_executor | 🔴 Circuit breaker TRIPPED — blocking trade
2026-03-06 11:51:16 | WARNING  | __main__ | ❌ Signal execution failed: circuit_breaker_tripped
2026-03-06 11:51:16 | WARNING  | polymarket_bot.unified_executor | 🔴 Circuit breaker TRIPPED — blocking trade
2026-03-06 11:51:16 | WARNING  | __main__ | ❌ Signal execution failed: circuit_breaker_tripped
2026-03-06 11:51:16 | WARNING  | polymarket_bot.unified_executor | 🔴 Circuit breaker TRIPPED — blocking trade
2026-03-06 11:51:16 | WARNING  | __main__ | ❌ Signal execution failed: circuit_breaker_tripped
2026-03-06 11:51:16 | WARNING  | polymarket_bot.unified_executor | 🔴 Circuit breaker TRIPPED — blocking trade
2026-03-06 11:51:16 | WARNING  | __main__ | ❌ Signal execution failed: circuit_breaker_tripped
2026-03-06 11:51:16 | INFO     | __main__ | Iteration 14400: processed 4 signals
2026-03-06 11:51:26 | INFO     | polymarket_bot.orchestrator | 🕐 Resolution window [2d]: 477 → 0 markets
2026-03-06 11:51:26 | INFO     | polymarket_bot.scanner | 🔍 Short-duration scan: 48 markets found — unknown=48
2026-03-06 11:51:26 | INFO     | polymarket_bot.orchestrator | 📡 Short-duration: added 48 markets to universe (48 total in scan, 0 already present)
2026-03-06 11:51:28 | INFO     | polymarket_bot.strategies.short_duration_strategy | ⚡ SHORT-DUR: ETH Up cid=0x553e1a9925 price=0.505 prob=53.7% edge=2.9¢ mom=0.611 trend=0.50 vol=0.0023 size=9.8 type=GTC  q=Ethereum Up or Down - March 6, 11:50AM-11:55AM ET
2026-03-06 11:51:28 | INFO     | polymarket_bot.strategies.short_duration_strategy | ⚡ SHORT-DUR: SOL Down cid=0x74713d4d76 price=0.500 prob=53.5% edge=3.3¢ mom=-0.394 trend=0.75 vol=0.0009 size=9.9 type=GTC  q=Solana Up or Down - March 6, 11:50AM-11:55AM ET
2026-03-06 11:51:28 | INFO     | polymarket_bot.strategies.short_duration_strategy | ⚡ SHORT-DUR: ETH Up cid=0x1c89a881f1 price=0.500 prob=53.7% edge=3.4¢ mom=0.611 trend=0.50 vol=0.0023 size=9.9 type=GTC  q=Ethereum Up or Down - March 6, 11:55AM-12:00PM ET
2026-03-06 11:51:28 | INFO     | polymarket_bot.strategies.short_duration_strategy | ⚡ SHORT-DUR: SOL Down cid=0xc4cbfe23b7 price=0.495 prob=53.5% edge=3.8¢ mom=-0.394 trend=0.75 vol=0.0009 size=10.1 type=GTC  q=Solana Up or Down - March 6, 11:55AM-12:00PM ET
2026-03-06 11:51:28 | INFO     | polymarket_bot.orchestrator | Found 4 total signals across all strategies
2026-03-06 11:51:28 | INFO     | polymarket_bot.orchestrator | 📐 Sized 0xc4cbfe23b7 tier 1/3: $5.00 → $1.99 (25%)
2026-03-06 11:51:28 | INFO     | polymarket_bot.orchestrator | 📐 Sized 0x1c89a881f1 tier 1/3: $5.00 → $1.99 (25%)
2026-03-06 11:51:28 | INFO     | polymarket_bot.orchestrator | 📐 Sized 0x74713d4d76 tier 1/3: $5.00 → $1.99 (25%)
2026-03-06 11:51:28 | INFO     | polymarket_bot.orchestrator | 📐 Sized 0x553e1a9925 tier 1/3: $5.00 → $1.99 (25%)
2026-03-06 11:51:28 | WARNING  | polymarket_bot.unified_executor | 🔴 Circuit breaker TRIPPED — blocking trade
2026-03-06 11:51:28 | WARNING  | __main__ | ❌ Signal execution failed: circuit_breaker_tripped
2026-03-06 11:51:28 | WARNING  | polymarket_bot.unified_executor | 🔴 Circuit breaker TRIPPED — blocking trade
2026-03-06 11:51:28 | WARNING  | __main__ | ❌ Signal execution failed: circuit_breaker_tripped
2026-03-06 11:51:28 | WARNING  | polymarket_bot.unified_executor | 🔴 Circuit breaker TRIPPED — blocking trade
2026-03-06 11:51:28 | WARNING  | __main__ | ❌ Signal execution failed: circuit_breaker_tripped
2026-03-06 11:51:28 | WARNING  | polymarket_bot.unified_executor | 🔴 Circuit breaker TRIPPED — blocking trade
2026-03-06 11:51:28 | WARNING  | __main__ | ❌ Signal execution failed: circuit_breaker_tripped
2026-03-06 11:51:28 | INFO     | __main__ | Iteration 14401: processed 4 signals
2026-03-06 11:51:36 | INFO     | polymarket_bot.orchestrator | 🕐 Resolution window [2d]: 477 → 0 markets
2026-03-06 11:51:36 | INFO     | polymarket_bot.scanner | 🔍 Short-duration scan: 48 markets found — unknown=48
2026-03-06 11:51:36 | INFO     | polymarket_bot.orchestrator | 📡 Short-duration: added 48 markets to universe (48 total in scan, 0 already present)
2026-03-06 11:51:38 | INFO     | polymarket_bot.strategies.short_duration_strategy | ⚡ SHORT-DUR: ETH Up cid=0x0e8dca3bc7 price=0.510 prob=53.7% edge=2.4¢ mom=0.611 trend=0.50 vol=0.0023 size=9.8 type=GTC  q=Ethereum Up or Down - March 6, 11:45AM-12:00PM ET
2026-03-06 11:51:38 | INFO     | polymarket_bot.strategies.short_duration_strategy | ⚡ SHORT-DUR: XRP Up cid=0xa864925b45 price=0.505 prob=58.9% edge=8.2¢ mom=0.990 trend=0.75 vol=0.0006 size=9.8 type=GTC  q=XRP Up or Down - March 6, 11:55AM-12:00PM ET
2026-03-06 11:51:38 | INFO     | polymarket_bot.strategies.short_duration_strategy | ⚡ SHORT-DUR: XRP Up cid=0x66c3d17158 price=0.490 prob=58.9% edge=9.7¢ mom=0.990 trend=0.75 vol=0.0006 size=10.2 type=GTC  q=XRP Up or Down - March 6, 11:45AM-12:00PM ET
2026-03-06 11:51:38 | INFO     | polymarket_bot.strategies.short_duration_strategy | ⚡ SHORT-DUR: SOL Down cid=0x065dbaaa20 price=0.505 prob=53.5% edge=2.8¢ mom=-0.394 trend=0.75 vol=0.0009 size=9.8 type=GTC  q=Solana Up or Down - March 6, 11AM ET
2026-03-06 11:51:38 | INFO     | polymarket_bot.orchestrator | Found 4 total signals across all strategies
2026-03-06 11:51:38 | INFO     | polymarket_bot.orchestrator | 📐 Sized 0x66c3d17158 tier 1/3: $5.00 → $1.99 (25%)
2026-03-06 11:51:38 | INFO     | polymarket_bot.orchestrator | 📐 Sized 0xa864925b45 tier 1/3: $5.00 → $1.99 (25%)
2026-03-06 11:51:38 | INFO     | polymarket_bot.orchestrator | 📐 Sized 0x065dbaaa20 tier 1/3: $5.00 → $1.99 (25%)
2026-03-06 11:51:38 | INFO     | polymarket_bot.orchestrator | 📐 Sized 0x0e8dca3bc7 tier 1/3: $5.00 → $1.99 (25%)
2026-03-06 11:51:38 | WARNING  | polymarket_bot.unified_executor | 🔴 Circuit breaker TRIPPED — blocking trade
2026-03-06 11:51:38 | WARNING  | __main__ | ❌ Signal execution failed: circuit_breaker_tripped
2026-03-06 11:51:38 | WARNING  | polymarket_bot.unified_executor | 🔴 Circuit breaker TRIPPED — blocking trade
2026-03-06 11:51:38 | WARNING  | __main__ | ❌ Signal execution failed: circuit_breaker_tripped
2026-03-06 11:51:38 | WARNING  | polymarket_bot.unified_executor | 🔴 Circuit breaker TRIPPED — blocking trade
2026-03-06 11:51:38 | WARNING  | __main__ | ❌ Signal execution failed: circuit_breaker_tripped
2026-03-06 11:51:38 | WARNING  | polymarket_bot.unified_executor | 🔴 Circuit breaker TRIPPED — blocking trade
2026-03-06 11:51:38 | WARNING  | __main__ | ❌ Signal execution failed: circuit_breaker_tripped
2026-03-06 11:51:38 | INFO     | __main__ | Iteration 14402: processed 4 signals
2026-03-06 11:51:46 | INFO     | polymarket_bot.orchestrator | 🕐 Resolution window [2d]: 477 → 0 markets
2026-03-06 11:51:46 | INFO     | polymarket_bot.scanner | 🔍 Short-duration scan: 48 markets found — unknown=48
2026-03-06 11:51:46 | INFO     | polymarket_bot.orchestrator | 📡 Short-duration: added 48 markets to universe (48 total in scan, 0 already present)
2026-03-06 11:51:48 | INFO     | polymarket_bot.strategies.short_duration_strategy | ⚡ SHORT-DUR: SOL Down cid=0x9e462b77b0 price=0.500 prob=53.5% edge=3.3¢ mom=-0.394 trend=0.75 vol=0.0009 size=9.9 type=GTC  q=Solana Up or Down - March 6, 11:45AM-12:00PM ET
2026-03-06 11:51:48 | INFO     | polymarket_bot.strategies.short_duration_strategy | ⚡ SHORT-DUR: ETH Up cid=0xa59d1c7711 price=0.325 prob=53.7% edge=21.0¢ mom=0.611 trend=0.50 vol=0.0023 size=15.3 type=GTC  q=Ethereum Up or Down - March 6, 11AM ET
2026-03-06 11:51:48 | INFO     | polymarket_bot.strategies.short_duration_strategy | ⚡ SHORT-DUR: ETH Up cid=0x62af176cac price=0.495 prob=53.7% edge=3.9¢ mom=0.611 trend=0.50 vol=0.0023 size=10.1 type=GTC  q=Ethereum Up or Down - March 6, 12:00PM-12:05PM ET
2026-03-06 11:51:48 | INFO     | polymarket_bot.strategies.short_duration_strategy | ⚡ SHORT-DUR: SOL Down cid=0x05b93fd152 price=0.495 prob=53.5% edge=3.8¢ mom=-0.394 trend=0.75 vol=0.0009 size=10.1 type=GTC  q=Solana Up or Down - March 6, 12:00PM-12:05PM ET
2026-03-06 11:51:48 | INFO     | polymarket_bot.orchestrator | Found 4 total signals across all strategies
2026-03-06 11:51:48 | INFO     | polymarket_bot.orchestrator | 📐 Sized 0xa59d1c7711 tier 1/3: $5.00 → $1.99 (25%)
2026-03-06 11:51:48 | INFO     | polymarket_bot.orchestrator | 📐 Sized 0x62af176cac tier 1/3: $5.00 → $1.99 (25%)
2026-03-06 11:51:48 | INFO     | polymarket_bot.orchestrator | 📐 Sized 0x05b93fd152 tier 1/3: $5.00 → $1.99 (25%)
2026-03-06 11:51:48 | INFO     | polymarket_bot.orchestrator | 📐 Sized 0x9e462b77b0 tier 1/3: $5.00 → $1.99 (25%)
2026-03-06 11:51:48 | WARNING  | polymarket_bot.unified_executor | 🔴 Circuit breaker TRIPPED — blocking trade
2026-03-06 11:51:48 | WARNING  | __main__ | ❌ Signal execution failed: circuit_breaker_tripped
2026-03-06 11:51:48 | WARNING  | polymarket_bot.unified_executor | 🔴 Circuit breaker TRIPPED — blocking trade
2026-03-06 11:51:48 | WARNING  | __main__ | ❌ Signal execution failed: circuit_breaker_tripped
2026-03-06 11:51:48 | WARNING  | polymarket_bot.unified_executor | 🔴 Circuit breaker TRIPPED — blocking trade
2026-03-06 11:51:48 | WARNING  | __main__ | ❌ Signal execution failed: circuit_breaker_tripped
2026-03-06 11:51:48 | WARNING  | polymarket_bot.unified_executor | 🔴 Circuit breaker TRIPPED — blocking trade
2026-03-06 11:51:48 | WARNING  | __main__ | ❌ Signal execution failed: circuit_breaker_tripped
2026-03-06 11:51:48 | INFO     | __main__ | ======================================================================
2026-03-06 11:51:48 | INFO     | __main__ | ⏱️  UPTIME: 2402.3 minutes
2026-03-06 11:51:48 | INFO     | __main__ | 📊 SIGNALS: seen=56656 executed=180
2026-03-06 11:51:48 | INFO     | __main__ | 📈 EXECUTIONS: total=54077 success=180 failed=0
2026-03-06 11:51:48 | INFO     | __main__ | 🎯 STRATEGIES: 5 enabled
2026-03-06 11:51:48 | INFO     | __main__ | ⚡ SHORT-DURATION: 48 markets — unknown=48
2026-03-06 11:51:48 | INFO     | __main__ | 💼 WALLET: equity=$11.78 start=$40.00 adj=$0.00 size_mult=x1.00 dyn_max=$8.00
2026-03-06 11:51:48 | INFO     | __main__ | ⚙️  EXECUTION PROFILE: aggressive_maker
2026-03-06 11:51:48 | INFO     | __main__ | 🛡️  HEDGING: events=0 forced=0
2026-03-06 11:51:48 | INFO     | __main__ | 🧾 OPEN MAKER (paper): gtc_total=1
2026-03-06 11:51:48 | INFO     | __main__ |    Top open GTC by condition: 0xb4a0b846…:1
2026-03-06 11:51:48 | INFO     | __main__ | 🏦 Top inventory by condition (cost): 0xfe09259f…:$1.99, 0xdd5ab6d0…:$1.99, 0x69bd84ce…:$1.99
2026-03-06 11:51:48 | INFO     | __main__ | ──────────────────────────────────────────────────────────────────────
2026-03-06 11:51:48 | INFO     | __main__ | 💼 PORTFOLIO:
2026-03-06 11:51:48 | INFO     | __main__ |    Open Positions: 5
2026-03-06 11:51:48 | INFO     | __main__ |    Closed Positions: 169
2026-03-06 11:51:48 | INFO     | __main__ |    Redeemable: 0
2026-03-06 11:51:48 | INFO     | __main__ |    Cost Basis: $9.95
2026-03-06 11:51:48 | INFO     | __main__ | ──────────────────────────────────────────────────────────────────────
2026-03-06 11:51:48 | INFO     | __main__ | 💰 PROFITABILITY:
2026-03-06 11:51:48 | INFO     | __main__ |      Wallet: $11.78  (started $40.00)
2026-03-06 11:51:48 | INFO     | __main__ |      Realized P&L: $-28.2244
2026-03-06 11:51:48 | INFO     | __main__ |      Unrealized P&L: $0.0999
2026-03-06 11:51:48 | INFO     | __main__ |      Total P&L: $-28.1245
2026-03-06 11:51:48 | INFO     | __main__ |      Open Cost Basis: $9.95
2026-03-06 11:51:48 | INFO     | __main__ |      Realized ROI: -283.67%
2026-03-06 11:51:48 | INFO     | __main__ |    Closed: 169 positions
2026-03-06 11:51:48 | INFO     | __main__ |    Redeemed: 0 positions
2026-03-06 11:51:48 | INFO     | __main__ |    Total Realized: $-28.2244
2026-03-06 11:51:48 | INFO     | __main__ | ──────────────────────────────────────────────────────────────────────
2026-03-06 11:51:48 | INFO     | __main__ | 📊 STRATEGY BREAKDOWN (actual P&L):
2026-03-06 11:51:48 | INFO     | __main__ |    short_duration: 180 trades, realized=$-28.2244, total=$-28.1245
2026-03-06 11:51:48 | INFO     | __main__ | ──────────────────────────────────────────────────────────────────────
2026-03-06 11:51:48 | INFO     | __main__ | 🔁 QUOTE CHURN (paper): canceled=5 requoted=0
2026-03-06 11:51:48 | INFO     | __main__ | ──────────────────────────────────────────────────────────────────────
2026-03-06 11:51:48 | INFO     | __main__ | 🔌 CIRCUIT BREAKER: state=cooldown daily_loss=$0.00 drawdown=0.0% consec_losses=0 trips=77
2026-03-06 11:51:48 | INFO     | __main__ | ──────────────────────────────────────────────────────────────────────
2026-03-06 11:51:48 | INFO     | __main__ | 🧠 STRATEGY ATTRIBUTION (actual):
2026-03-06 11:51:48 | INFO     | __main__ |    short_duration: cost=$9.95 realized=$-28.2244 unrealized=$0.0999
2026-03-06 11:51:48 | INFO     | __main__ | ======================================================================
2026-03-06 11:51:48 | INFO     | __main__ | Iteration 14403: processed 4 signals
2026-03-06 11:51:56 | INFO     | polymarket_bot.orchestrator | 🕐 Resolution window [2d]: 477 → 0 markets
2026-03-06 11:51:57 | INFO     | polymarket_bot.scanner | 🔍 Short-duration scan: 48 markets found — unknown=48
2026-03-06 11:51:57 | INFO     | polymarket_bot.orchestrator | 📡 Short-duration: added 48 markets to universe (48 total in scan, 0 already present)
2026-03-06 11:51:59 | INFO     | polymarket_bot.strategies.short_duration_strategy | ⚡ SHORT-DUR: ETH Up cid=0xaa911a8609 price=0.495 prob=53.6% edge=3.9¢ mom=0.606 trend=0.50 vol=0.0023 size=10.1 type=GTC  q=Ethereum Up or Down - March 6, 12:05PM-12:10PM ET
2026-03-06 11:51:59 | INFO     | polymarket_bot.strategies.short_duration_strategy | ⚡ SHORT-DUR: BTC Up cid=0x7034ed5c09 price=0.505 prob=57.7% edge=6.9¢ mom=0.957 trend=0.67 vol=0.0018 size=9.8 type=GTC  q=Bitcoin Up or Down - March 6, 12:00PM-12:15PM ET
2026-03-06 11:51:59 | INFO     | polymarket_bot.strategies.short_duration_strategy | ⚡ SHORT-DUR: ETH Up cid=0xa20173c6c0 price=0.505 prob=53.6% edge=2.9¢ mom=0.606 trend=0.50 vol=0.0023 size=9.8 type=GTC  q=Ethereum Up or Down - March 6, 12:00PM-12:15PM ET
2026-03-06 11:51:59 | INFO     | polymarket_bot.strategies.short_duration_strategy | ⚡ SHORT-DUR: BTC Up cid=0x8504132b88 price=0.505 prob=57.7% edge=6.9¢ mom=0.957 trend=0.67 vol=0.0018 size=9.8 type=GTC  q=Bitcoin Up or Down - March 6, 12:10PM-12:15PM ET
2026-03-06 11:51:59 | INFO     | polymarket_bot.orchestrator | Found 4 total signals across all strategies
2026-03-06 11:51:59 | INFO     | polymarket_bot.orchestrator | 📐 Sized 0x7034ed5c09 tier 1/3: $5.00 → $1.99 (25%)
2026-03-06 11:51:59 | INFO     | polymarket_bot.orchestrator | 📐 Sized 0x8504132b88 tier 1/3: $5.00 → $1.99 (25%)
2026-03-06 11:51:59 | INFO     | polymarket_bot.orchestrator | 📐 Sized 0xaa911a8609 tier 1/3: $5.00 → $1.99 (25%)
2026-03-06 11:51:59 | INFO     | polymarket_bot.orchestrator | 📐 Sized 0xa20173c6c0 tier 1/3: $5.00 → $1.99 (25%)
2026-03-06 11:51:59 | WARNING  | polymarket_bot.unified_executor | 🔴 Circuit breaker TRIPPED — blocking trade
2026-03-06 11:51:59 | WARNING  | __main__ | ❌ Signal execution failed: circuit_breaker_tripped
2026-03-06 11:51:59 | WARNING  | polymarket_bot.unified_executor | 🔴 Circuit breaker TRIPPED — blocking trade
2026-03-06 11:51:59 | WARNING  | __main__ | ❌ Signal execution failed: circuit_breaker_tripped
2026-03-06 11:51:59 | WARNING  | polymarket_bot.unified_executor | 🔴 Circuit breaker TRIPPED — blocking trade
2026-03-06 11:51:59 | WARNING  | __main__ | ❌ Signal execution failed: circuit_breaker_tripped
2026-03-06 11:51:59 | WARNING  | polymarket_bot.unified_executor | 🔴 Circuit breaker TRIPPED — blocking trade
2026-03-06 11:51:59 | WARNING  | __main__ | ❌ Signal execution failed: circuit_breaker_tripped
2026-03-06 11:51:59 | INFO     | __main__ | Iteration 14404: processed 4 signals
2026-03-06 11:52:06 | INFO     | polymarket_bot.orchestrator | 🕐 Resolution window [2d]: 477 → 0 markets
2026-03-06 11:52:06 | INFO     | polymarket_bot.scanner | 🔍 Short-duration scan: 48 markets found — unknown=48
2026-03-06 11:52:06 | INFO     | polymarket_bot.orchestrator | 📡 Short-duration: added 48 markets to universe (48 total in scan, 0 already present)
2026-03-06 11:52:07 | INFO     | polymarket_bot.strategies.short_duration_strategy | ⚡ SHORT-DUR: BTC Up cid=0x3e45183cca price=0.505 prob=57.7% edge=6.9¢ mom=0.957 trend=0.67 vol=0.0018 size=9.8 type=GTC  q=Bitcoin Up or Down - March 6, 11:50AM-11:55AM ET
2026-03-06 11:52:07 | INFO     | polymarket_bot.strategies.short_duration_strategy | ⚡ SHORT-DUR: XRP Up cid=0xde34f3bd55 price=0.495 prob=58.9% edge=9.2¢ mom=0.990 trend=0.75 vol=0.0006 size=10.1 type=GTC  q=XRP Up or Down - March 6, 11:50AM-11:55AM ET
2026-03-06 11:52:07 | INFO     | polymarket_bot.strategies.short_duration_strategy | ⚡ SHORT-DUR: BTC Up cid=0x6c6a68e9c4 price=0.505 prob=57.7% edge=6.9¢ mom=0.957 trend=0.67 vol=0.0018 size=9.8 type=GTC  q=Bitcoin Up or Down - March 6, 11:55AM-12:00PM ET
2026-03-06 11:52:07 | INFO     | polymarket_bot.strategies.short_duration_strategy | ⚡ SHORT-DUR: BTC Up cid=0x703ccc81a9 price=0.505 prob=57.7% edge=6.9¢ mom=0.957 trend=0.67 vol=0.0018 size=9.8 type=GTC  q=Bitcoin Up or Down - March 6, 12:00PM-12:05PM ET
2026-03-06 11:52:07 | INFO     | polymarket_bot.orchestrator | Found 4 total signals across all strategies
2026-03-06 11:52:07 | INFO     | polymarket_bot.orchestrator | 📐 Sized 0xde34f3bd55 tier 1/3: $5.00 → $1.99 (25%)
2026-03-06 11:52:07 | INFO     | polymarket_bot.orchestrator | 📐 Sized 0x3e45183cca tier 1/3: $5.00 → $1.99 (25%)
2026-03-06 11:52:07 | INFO     | polymarket_bot.orchestrator | 📐 Sized 0x6c6a68e9c4 tier 1/3: $5.00 → $1.99 (25%)
2026-03-06 11:52:07 | INFO     | polymarket_bot.orchestrator | 📐 Sized 0x703ccc81a9 tier 1/3: $5.00 → $1.99 (25%)
2026-03-06 11:52:07 | WARNING  | polymarket_bot.unified_executor | 🔴 Circuit breaker TRIPPED — blocking trade
2026-03-06 11:52:07 | WARNING  | __main__ | ❌ Signal execution failed: circuit_breaker_tripped
2026-03-06 11:52:07 | WARNING  | polymarket_bot.unified_executor | 🔴 Circuit breaker TRIPPED — blocking trade
2026-03-06 11:52:07 | WARNING  | __main__ | ❌ Signal execution failed: circuit_breaker_tripped
2026-03-06 11:52:07 | WARNING  | polymarket_bot.unified_executor | 🔴 Circuit breaker TRIPPED — blocking trade
2026-03-06 11:52:07 | WARNING  | __main__ | ❌ Signal execution failed: circuit_breaker_tripped
2026-03-06 11:52:07 | WARNING  | polymarket_bot.unified_executor | 🔴 Circuit breaker TRIPPED — blocking trade
2026-03-06 11:52:07 | WARNING  | __main__ | ❌ Signal execution failed: circuit_breaker_tripped
2026-03-06 11:52:07 | INFO     | __main__ | Iteration 14405: processed 4 signals
2026-03-06 11:52:16 | INFO     | polymarket_bot.orchestrator | 🕐 Resolution window [2d]: 477 → 0 markets
2026-03-06 11:52:16 | INFO     | polymarket_bot.scanner | 🔍 Short-duration scan: 48 markets found — unknown=48
2026-03-06 11:52:16 | INFO     | polymarket_bot.orchestrator | 📡 Short-duration: added 48 markets to universe (48 total in scan, 0 already present)
2026-03-06 11:52:18 | INFO     | polymarket_bot.strategies.short_duration_strategy | ⚡ SHORT-DUR: BTC Up cid=0x4aa05f7c17 price=0.435 prob=57.7% edge=13.9¢ mom=0.957 trend=0.67 vol=0.0018 size=11.4 type=GTC  q=Bitcoin Up or Down - March 6, 11:45AM-12:00PM ET
2026-03-06 11:52:18 | INFO     | polymarket_bot.strategies.short_duration_strategy | ⚡ SHORT-DUR: XRP Up cid=0xe8460623a8 price=0.505 prob=58.9% edge=8.2¢ mom=0.990 trend=0.75 vol=0.0006 size=9.8 type=GTC  q=XRP Up or Down - March 6, 12:00PM-12:05PM ET
2026-03-06 11:52:18 | INFO     | polymarket_bot.strategies.short_duration_strategy | ⚡ SHORT-DUR: BTC Up cid=0x6a3cc2a337 price=0.505 prob=57.7% edge=6.9¢ mom=0.957 trend=0.67 vol=0.0018 size=9.8 type=GTC  q=Bitcoin Up or Down - March 6, 12:05PM-12:10PM ET
2026-03-06 11:52:18 | INFO     | polymarket_bot.strategies.short_duration_strategy | ⚡ SHORT-DUR: XRP Up cid=0x97d2ac34a4 price=0.505 prob=58.9% edge=8.2¢ mom=0.990 trend=0.75 vol=0.0006 size=9.8 type=GTC  q=XRP Up or Down - March 6, 12:05PM-12:10PM ET
2026-03-06 11:52:18 | INFO     | polymarket_bot.orchestrator | Found 4 total signals across all strategies
2026-03-06 11:52:18 | INFO     | polymarket_bot.orchestrator | 📐 Sized 0x4aa05f7c17 tier 1/3: $5.00 → $1.99 (25%)
2026-03-06 11:52:18 | INFO     | polymarket_bot.orchestrator | 📐 Sized 0xe8460623a8 tier 1/3: $5.00 → $1.99 (25%)
2026-03-06 11:52:18 | INFO     | polymarket_bot.orchestrator | 📐 Sized 0x97d2ac34a4 tier 1/3: $5.00 → $1.99 (25%)
2026-03-06 11:52:18 | INFO     | polymarket_bot.orchestrator | 📐 Sized 0x6a3cc2a337 tier 1/3: $5.00 → $1.99 (25%)
2026-03-06 11:52:18 | WARNING  | polymarket_bot.unified_executor | 🔴 Circuit breaker TRIPPED — blocking trade
2026-03-06 11:52:18 | WARNING  | __main__ | ❌ Signal execution failed: circuit_breaker_tripped
2026-03-06 11:52:18 | WARNING  | polymarket_bot.unified_executor | 🔴 Circuit breaker TRIPPED — blocking trade
2026-03-06 11:52:18 | WARNING  | __main__ | ❌ Signal execution failed: circuit_breaker_tripped
2026-03-06 11:52:18 | WARNING  | polymarket_bot.unified_executor | 🔴 Circuit breaker TRIPPED — blocking trade
2026-03-06 11:52:18 | WARNING  | __main__ | ❌ Signal execution failed: circuit_breaker_tripped
2026-03-06 11:52:18 | WARNING  | polymarket_bot.unified_executor | 🔴 Circuit breaker TRIPPED — blocking trade
2026-03-06 11:52:18 | WARNING  | __main__ | ❌ Signal execution failed: circuit_breaker_tripped
2026-03-06 11:52:18 | INFO     | __main__ | Iteration 14406: processed 4 signals
2026-03-06 11:52:26 | INFO     | polymarket_bot.orchestrator | 🕐 Resolution window [2d]: 477 → 0 markets
2026-03-06 11:52:26 | INFO     | polymarket_bot.scanner | 🔍 Short-duration scan: 48 markets found — unknown=48
2026-03-06 11:52:26 | INFO     | polymarket_bot.orchestrator | 📡 Short-duration: added 48 markets to universe (48 total in scan, 0 already present)
2026-03-06 11:52:27 | INFO     | polymarket_bot.strategies.short_duration_strategy | ⚡ SHORT-DUR: ETH Up cid=0x553e1a9925 price=0.500 prob=53.6% edge=3.4¢ mom=0.606 trend=0.50 vol=0.0023 size=9.9 type=GTC  q=Ethereum Up or Down - March 6, 11:50AM-11:55AM ET
2026-03-06 11:52:27 | INFO     | polymarket_bot.strategies.short_duration_strategy | ⚡ SHORT-DUR: ETH Up cid=0x1c89a881f1 price=0.500 prob=53.6% edge=3.4¢ mom=0.606 trend=0.50 vol=0.0023 size=9.9 type=GTC  q=Ethereum Up or Down - March 6, 11:55AM-12:00PM ET
2026-03-06 11:52:27 | INFO     | polymarket_bot.strategies.short_duration_strategy | ⚡ SHORT-DUR: ETH Up cid=0x430aa33115 price=0.500 prob=53.6% edge=3.4¢ mom=0.606 trend=0.50 vol=0.0023 size=9.9 type=GTC  q=Ethereum Up or Down - March 6, 12:10PM-12:15PM ET
2026-03-06 11:52:27 | INFO     | polymarket_bot.strategies.short_duration_strategy | ⚡ SHORT-DUR: XRP Up cid=0xd3a2b67836 price=0.505 prob=58.9% edge=8.2¢ mom=0.990 trend=0.75 vol=0.0006 size=9.8 type=GTC  q=XRP Up or Down - March 6, 12:10PM-12:15PM ET
2026-03-06 11:52:27 | INFO     | polymarket_bot.orchestrator | Found 4 total signals across all strategies
2026-03-06 11:52:27 | INFO     | polymarket_bot.orchestrator | 📐 Sized 0xd3a2b67836 tier 1/3: $5.00 → $1.99 (25%)
2026-03-06 11:52:27 | INFO     | polymarket_bot.orchestrator | 📐 Sized 0x553e1a9925 tier 1/3: $5.00 → $1.99 (25%)
2026-03-06 11:52:27 | INFO     | polymarket_bot.orchestrator | 📐 Sized 0x1c89a881f1 tier 1/3: $5.00 → $1.99 (25%)
2026-03-06 11:52:27 | INFO     | polymarket_bot.orchestrator | 📐 Sized 0x430aa33115 tier 1/3: $5.00 → $1.99 (25%)
2026-03-06 11:52:27 | WARNING  | polymarket_bot.unified_executor | 🔴 Circuit breaker TRIPPED — blocking trade
2026-03-06 11:52:27 | WARNING  | __main__ | ❌ Signal execution failed: circuit_breaker_tripped
2026-03-06 11:52:27 | WARNING  | polymarket_bot.unified_executor | 🔴 Circuit breaker TRIPPED — blocking trade
2026-03-06 11:52:27 | WARNING  | __main__ | ❌ Signal execution failed: circuit_breaker_tripped
2026-03-06 11:52:27 | WARNING  | polymarket_bot.unified_executor | 🔴 Circuit breaker TRIPPED — blocking trade
2026-03-06 11:52:27 | WARNING  | __main__ | ❌ Signal execution failed: circuit_breaker_tripped
2026-03-06 11:52:27 | WARNING  | polymarket_bot.unified_executor | 🔴 Circuit breaker TRIPPED — blocking trade
2026-03-06 11:52:27 | WARNING  | __main__ | ❌ Signal execution failed: circuit_breaker_tripped
2026-03-06 11:52:27 | INFO     | __main__ | Iteration 14407: processed 4 signals
2026-03-06 11:52:36 | INFO     | polymarket_bot.orchestrator | 🕐 Resolution window [2d]: 477 → 0 markets
2026-03-06 11:52:36 | INFO     | polymarket_bot.scanner | 🔍 Short-duration scan: 48 markets found — unknown=48
2026-03-06 11:52:36 | INFO     | polymarket_bot.orchestrator | 📡 Short-duration: added 48 markets to universe (48 total in scan, 0 already present)
2026-03-06 11:52:38 | INFO     | polymarket_bot.strategies.short_duration_strategy | ⚡ SHORT-DUR: SOL Down cid=0x74713d4d76 price=0.495 prob=54.2% edge=4.5¢ mom=-0.700 trend=0.50 vol=0.0009 size=10.1 type=GTC  q=Solana Up or Down - March 6, 11:50AM-11:55AM ET
2026-03-06 11:52:38 | INFO     | polymarket_bot.strategies.short_duration_strategy | ⚡ SHORT-DUR: XRP Up cid=0xa864925b45 price=0.505 prob=58.9% edge=8.2¢ mom=0.989 trend=0.75 vol=0.0006 size=9.8 type=GTC  q=XRP Up or Down - March 6, 11:55AM-12:00PM ET
2026-03-06 11:52:38 | INFO     | polymarket_bot.strategies.short_duration_strategy | ⚡ SHORT-DUR: SOL Down cid=0xc4cbfe23b7 price=0.495 prob=54.2% edge=4.5¢ mom=-0.700 trend=0.50 vol=0.0009 size=10.1 type=GTC  q=Solana Up or Down - March 6, 11:55AM-12:00PM ET
2026-03-06 11:52:38 | INFO     | polymarket_bot.strategies.short_duration_strategy | ⚡ SHORT-DUR: ETH Up cid=0x0e8dca3bc7 price=0.400 prob=58.1% edge=17.9¢ mom=0.905 trend=0.75 vol=0.0023 size=12.4 type=GTC  q=Ethereum Up or Down - March 6, 11:45AM-12:00PM ET
2026-03-06 11:52:38 | INFO     | polymarket_bot.orchestrator | Found 4 total signals across all strategies
2026-03-06 11:52:38 | INFO     | polymarket_bot.orchestrator | 📐 Sized 0x0e8dca3bc7 tier 1/3: $5.00 → $1.99 (25%)
2026-03-06 11:52:38 | INFO     | polymarket_bot.orchestrator | 📐 Sized 0xa864925b45 tier 1/3: $5.00 → $1.99 (25%)
2026-03-06 11:52:38 | INFO     | polymarket_bot.orchestrator | 📐 Sized 0x74713d4d76 tier 1/3: $5.00 → $1.99 (25%)
2026-03-06 11:52:38 | INFO     | polymarket_bot.orchestrator | 📐 Sized 0xc4cbfe23b7 tier 1/3: $5.00 → $1.99 (25%)
2026-03-06 11:52:38 | WARNING  | polymarket_bot.unified_executor | 🔴 Circuit breaker TRIPPED — blocking trade
2026-03-06 11:52:38 | WARNING  | __main__ | ❌ Signal execution failed: circuit_breaker_tripped
2026-03-06 11:52:38 | WARNING  | polymarket_bot.unified_executor | 🔴 Circuit breaker TRIPPED — blocking trade
2026-03-06 11:52:38 | WARNING  | __main__ | ❌ Signal execution failed: circuit_breaker_tripped
2026-03-06 11:52:38 | WARNING  | polymarket_bot.unified_executor | 🔴 Circuit breaker TRIPPED — blocking trade
2026-03-06 11:52:38 | WARNING  | __main__ | ❌ Signal execution failed: circuit_breaker_tripped
2026-03-06 11:52:38 | WARNING  | polymarket_bot.unified_executor | 🔴 Circuit breaker TRIPPED — blocking trade
2026-03-06 11:52:38 | WARNING  | __main__ | ❌ Signal execution failed: circuit_breaker_tripped
2026-03-06 11:52:38 | INFO     | __main__ | Iteration 14408: processed 4 signals
2026-03-06 11:52:46 | INFO     | polymarket_bot.orchestrator | 🕐 Resolution window [2d]: 477 → 0 markets
2026-03-06 11:52:46 | INFO     | polymarket_bot.scanner | 🔍 Short-duration scan: 48 markets found — unknown=48
2026-03-06 11:52:46 | INFO     | polymarket_bot.orchestrator | 📡 Short-duration: added 48 markets to universe (48 total in scan, 0 already present)
2026-03-06 11:52:48 | INFO     | polymarket_bot.strategies.short_duration_strategy | ⚡ SHORT-DUR: XRP Up cid=0x66c3d17158 price=0.440 prob=58.7% edge=14.5¢ mom=0.968 trend=0.75 vol=0.0006 size=11.3 type=GTC  q=XRP Up or Down - March 6, 11:45AM-12:00PM ET
2026-03-06 11:52:48 | INFO     | polymarket_bot.strategies.short_duration_strategy | ⚡ SHORT-DUR: SOL Up cid=0x065dbaaa20 price=0.415 prob=53.2% edge=11.5¢ mom=0.539 trend=0.50 vol=0.0009 size=12.0 type=GTC  q=Solana Up or Down - March 6, 11AM ET
2026-03-06 11:52:48 | INFO     | polymarket_bot.strategies.short_duration_strategy | ⚡ SHORT-DUR: SOL Up cid=0x32a116c4f0 price=0.505 prob=53.2% edge=2.5¢ mom=0.539 trend=0.50 vol=0.0009 size=9.8 type=GTC  q=Solana Up or Down - March 6, 12:05PM-12:10PM ET
2026-03-06 11:52:48 | INFO     | polymarket_bot.strategies.short_duration_strategy | ⚡ SHORT-DUR: SOL Up cid=0x5d3ee6f01a price=0.505 prob=53.2% edge=2.5¢ mom=0.539 trend=0.50 vol=0.0009 size=9.8 type=GTC  q=Solana Up or Down - March 6, 12:10PM-12:15PM ET
2026-03-06 11:52:48 | INFO     | polymarket_bot.orchestrator | Found 4 total signals across all strategies
2026-03-06 11:52:48 | INFO     | polymarket_bot.orchestrator | 📐 Sized 0x66c3d17158 tier 1/3: $5.00 → $1.99 (25%)
2026-03-06 11:52:48 | INFO     | polymarket_bot.orchestrator | 📐 Sized 0x065dbaaa20 tier 1/3: $5.00 → $1.99 (25%)
2026-03-06 11:52:48 | INFO     | polymarket_bot.orchestrator | 📐 Sized 0x32a116c4f0 tier 1/3: $5.00 → $1.99 (25%)
2026-03-06 11:52:48 | INFO     | polymarket_bot.orchestrator | 📐 Sized 0x5d3ee6f01a tier 1/3: $5.00 → $1.99 (25%)
2026-03-06 11:52:48 | WARNING  | polymarket_bot.unified_executor | 🔴 Circuit breaker TRIPPED — blocking trade
2026-03-06 11:52:48 | WARNING  | __main__ | ❌ Signal execution failed: circuit_breaker_tripped
2026-03-06 11:52:48 | WARNING  | polymarket_bot.unified_executor | 🔴 Circuit breaker TRIPPED — blocking trade
2026-03-06 11:52:48 | WARNING  | __main__ | ❌ Signal execution failed: circuit_breaker_tripped
2026-03-06 11:52:48 | WARNING  | polymarket_bot.unified_executor | 🔴 Circuit breaker TRIPPED — blocking trade
2026-03-06 11:52:48 | WARNING  | __main__ | ❌ Signal execution failed: circuit_breaker_tripped
2026-03-06 11:52:48 | WARNING  | polymarket_bot.unified_executor | 🔴 Circuit breaker TRIPPED — blocking trade
2026-03-06 11:52:48 | WARNING  | __main__ | ❌ Signal execution failed: circuit_breaker_tripped
2026-03-06 11:52:48 | INFO     | __main__ | ======================================================================
2026-03-06 11:52:48 | INFO     | __main__ | ⏱️  UPTIME: 2403.3 minutes
2026-03-06 11:52:48 | INFO     | __main__ | 📊 SIGNALS: seen=56680 executed=180
2026-03-06 11:52:48 | INFO     | __main__ | 📈 EXECUTIONS: total=54101 success=180 failed=0
2026-03-06 11:52:48 | INFO     | __main__ | 🎯 STRATEGIES: 5 enabled
2026-03-06 11:52:48 | INFO     | __main__ | ⚡ SHORT-DURATION: 48 markets — unknown=48
2026-03-06 11:52:48 | INFO     | __main__ | 💼 WALLET: equity=$11.78 start=$40.00 adj=$0.00 size_mult=x1.00 dyn_max=$8.00
2026-03-06 11:52:48 | INFO     | __main__ | ⚙️  EXECUTION PROFILE: aggressive_maker
2026-03-06 11:52:48 | INFO     | __main__ | 🛡️  HEDGING: events=0 forced=0
2026-03-06 11:52:48 | INFO     | __main__ | 🧾 OPEN MAKER (paper): gtc_total=1
2026-03-06 11:52:48 | INFO     | __main__ |    Top open GTC by condition: 0xb4a0b846…:1
2026-03-06 11:52:48 | INFO     | __main__ | 🏦 Top inventory by condition (cost): 0xfe09259f…:$1.99, 0xdd5ab6d0…:$1.99, 0x69bd84ce…:$1.99
2026-03-06 11:52:48 | INFO     | __main__ | ──────────────────────────────────────────────────────────────────────
2026-03-06 11:52:48 | INFO     | __main__ | 💼 PORTFOLIO:
2026-03-06 11:52:48 | INFO     | __main__ |    Open Positions: 5
2026-03-06 11:52:48 | INFO     | __main__ |    Closed Positions: 169
2026-03-06 11:52:48 | INFO     | __main__ |    Redeemable: 0
2026-03-06 11:52:48 | INFO     | __main__ |    Cost Basis: $9.95
2026-03-06 11:52:48 | INFO     | __main__ | ──────────────────────────────────────────────────────────────────────
2026-03-06 11:52:48 | INFO     | __main__ | 💰 PROFITABILITY:
2026-03-06 11:52:48 | INFO     | __main__ |      Wallet: $11.78  (started $40.00)
2026-03-06 11:52:48 | INFO     | __main__ |      Realized P&L: $-28.2244
2026-03-06 11:52:48 | INFO     | __main__ |      Unrealized P&L: $0.0999
2026-03-06 11:52:48 | INFO     | __main__ |      Total P&L: $-28.1245
2026-03-06 11:52:48 | INFO     | __main__ |      Open Cost Basis: $9.95
2026-03-06 11:52:48 | INFO     | __main__ |      Realized ROI: -283.67%
2026-03-06 11:52:48 | INFO     | __main__ |    Closed: 169 positions
2026-03-06 11:52:48 | INFO     | __main__ |    Redeemed: 0 positions
2026-03-06 11:52:48 | INFO     | __main__ |    Total Realized: $-28.2244
2026-03-06 11:52:48 | INFO     | __main__ | ──────────────────────────────────────────────────────────────────────
2026-03-06 11:52:48 | INFO     | __main__ | 📊 STRATEGY BREAKDOWN (actual P&L):
2026-03-06 11:52:48 | INFO     | __main__ |    short_duration: 180 trades, realized=$-28.2244, total=$-28.1245
2026-03-06 11:52:48 | INFO     | __main__ | ──────────────────────────────────────────────────────────────────────
2026-03-06 11:52:48 | INFO     | __main__ | 🔁 QUOTE CHURN (paper): canceled=5 requoted=0
2026-03-06 11:52:48 | INFO     | __main__ | ──────────────────────────────────────────────────────────────────────
2026-03-06 11:52:48 | INFO     | __main__ | 🔌 CIRCUIT BREAKER: state=cooldown daily_loss=$0.00 drawdown=0.0% consec_losses=0 trips=77
2026-03-06 11:52:48 | INFO     | __main__ | ──────────────────────────────────────────────────────────────────────
2026-03-06 11:52:48 | INFO     | __main__ | 🧠 STRATEGY ATTRIBUTION (actual):
2026-03-06 11:52:48 | INFO     | __main__ |    short_duration: cost=$9.95 realized=$-28.2244 unrealized=$0.0999
2026-03-06 11:52:48 | INFO     | __main__ | ======================================================================
2026-03-06 11:52:48 | INFO     | __main__ | Iteration 14409: processed 4 signals
2026-03-06 11:52:56 | INFO     | polymarket_bot.orchestrator | 🕐 Resolution window [2d]: 477 → 0 markets
2026-03-06 11:52:57 | INFO     | polymarket_bot.scanner | 🔍 Short-duration scan: 48 markets found — unknown=48
2026-03-06 11:52:57 | INFO     | polymarket_bot.orchestrator | 📡 Short-duration: added 48 markets to universe (48 total in scan, 0 already present)
2026-03-06 11:52:59 | INFO     | polymarket_bot.strategies.short_duration_strategy | ⚡ SHORT-DUR: SOL Up cid=0x9e462b77b0 price=0.375 prob=53.2% edge=15.5¢ mom=0.539 trend=0.50 vol=0.0009 size=13.3 type=GTC  q=Solana Up or Down - March 6, 11:45AM-12:00PM ET
2026-03-06 11:52:59 | INFO     | polymarket_bot.strategies.short_duration_strategy | ⚡ SHORT-DUR: ETH Up cid=0xa59d1c7711 price=0.225 prob=59.0% edge=36.4¢ mom=0.997 trend=0.75 vol=0.0023 size=22.1 type=GTC  q=Ethereum Up or Down - March 6, 11AM ET
2026-03-06 11:52:59 | INFO     | polymarket_bot.strategies.short_duration_strategy | ⚡ SHORT-DUR: ETH Up cid=0x62af176cac price=0.495 prob=59.0% edge=9.2¢ mom=0.997 trend=0.75 vol=0.0023 size=10.1 type=GTC  q=Ethereum Up or Down - March 6, 12:00PM-12:05PM ET
2026-03-06 11:52:59 | INFO     | polymarket_bot.strategies.short_duration_strategy | ⚡ SHORT-DUR: SOL Up cid=0x05b93fd152 price=0.495 prob=53.2% edge=3.5¢ mom=0.539 trend=0.50 vol=0.0009 size=10.1 type=GTC  q=Solana Up or Down - March 6, 12:00PM-12:05PM ET
2026-03-06 11:52:59 | INFO     | polymarket_bot.orchestrator | Found 4 total signals across all strategies
2026-03-06 11:52:59 | INFO     | polymarket_bot.orchestrator | 📐 Sized 0xa59d1c7711 tier 1/3: $5.00 → $1.99 (25%)
2026-03-06 11:52:59 | INFO     | polymarket_bot.orchestrator | 📐 Sized 0x9e462b77b0 tier 1/3: $5.00 → $1.99 (25%)
2026-03-06 11:52:59 | INFO     | polymarket_bot.orchestrator | 📐 Sized 0x62af176cac tier 1/3: $5.00 → $1.99 (25%)
2026-03-06 11:52:59 | INFO     | polymarket_bot.orchestrator | 📐 Sized 0x05b93fd152 tier 1/3: $5.00 → $1.99 (25%)
2026-03-06 11:52:59 | WARNING  | polymarket_bot.unified_executor | 🔴 Circuit breaker TRIPPED — blocking trade
2026-03-06 11:52:59 | WARNING  | __main__ | ❌ Signal execution failed: circuit_breaker_tripped
2026-03-06 11:52:59 | WARNING  | polymarket_bot.unified_executor | 🔴 Circuit breaker TRIPPED — blocking trade
2026-03-06 11:52:59 | WARNING  | __main__ | ❌ Signal execution failed: circuit_breaker_tripped
2026-03-06 11:52:59 | WARNING  | polymarket_bot.unified_executor | 🔴 Circuit breaker TRIPPED — blocking trade
2026-03-06 11:52:59 | WARNING  | __main__ | ❌ Signal execution failed: circuit_breaker_tripped
2026-03-06 11:52:59 | WARNING  | polymarket_bot.unified_executor | 🔴 Circuit breaker TRIPPED — blocking trade
2026-03-06 11:52:59 | WARNING  | __main__ | ❌ Signal execution failed: circuit_breaker_tripped
2026-03-06 11:52:59 | INFO     | __main__ | Iteration 14410: processed 4 signals
2026-03-06 11:53:06 | INFO     | polymarket_bot.orchestrator | 🕐 Resolution window [2d]: 477 → 0 markets
2026-03-06 11:53:06 | INFO     | polymarket_bot.scanner | 🔍 Short-duration scan: 48 markets found — unknown=48
2026-03-06 11:53:06 | INFO     | polymarket_bot.orchestrator | 📡 Short-duration: added 48 markets to universe (48 total in scan, 0 already present)
2026-03-06 11:53:07 | INFO     | polymarket_bot.strategies.short_duration_strategy | ⚡ SHORT-DUR: ETH Up cid=0xaa911a8609 price=0.495 prob=59.0% edge=9.2¢ mom=0.997 trend=0.75 vol=0.0023 size=10.1 type=GTC  q=Ethereum Up or Down - March 6, 12:05PM-12:10PM ET
2026-03-06 11:53:07 | INFO     | polymarket_bot.strategies.short_duration_strategy | ⚡ SHORT-DUR: ETH Up cid=0xa20173c6c0 price=0.505 prob=59.0% edge=8.2¢ mom=0.997 trend=0.75 vol=0.0023 size=9.8 type=GTC  q=Ethereum Up or Down - March 6, 12:00PM-12:15PM ET
2026-03-06 11:53:07 | INFO     | polymarket_bot.strategies.short_duration_strategy | ⚡ SHORT-DUR: BTC Up cid=0x7034ed5c09 price=0.505 prob=53.7% edge=2.9¢ mom=0.917 trend=0.33 vol=0.0018 size=9.8 type=GTC  q=Bitcoin Up or Down - March 6, 12:00PM-12:15PM ET
2026-03-06 11:53:07 | INFO     | polymarket_bot.strategies.short_duration_strategy | ⚡ SHORT-DUR: BTC Up cid=0x8504132b88 price=0.505 prob=53.7% edge=2.9¢ mom=0.917 trend=0.33 vol=0.0018 size=9.8 type=GTC  q=Bitcoin Up or Down - March 6, 12:10PM-12:15PM ET
2026-03-06 11:53:07 | INFO     | polymarket_bot.orchestrator | Found 4 total signals across all strategies
2026-03-06 11:53:07 | INFO     | polymarket_bot.orchestrator | 📐 Sized 0xaa911a8609 tier 1/3: $5.00 → $1.99 (25%)
2026-03-06 11:53:07 | INFO     | polymarket_bot.orchestrator | 📐 Sized 0xa20173c6c0 tier 1/3: $5.00 → $1.99 (25%)
2026-03-06 11:53:07 | INFO     | polymarket_bot.orchestrator | 📐 Sized 0x7034ed5c09 tier 1/3: $5.00 → $1.99 (25%)
2026-03-06 11:53:07 | INFO     | polymarket_bot.orchestrator | 📐 Sized 0x8504132b88 tier 1/3: $5.00 → $1.99 (25%)
2026-03-06 11:53:07 | WARNING  | polymarket_bot.unified_executor | 🔴 Circuit breaker TRIPPED — blocking trade
2026-03-06 11:53:07 | WARNING  | __main__ | ❌ Signal execution failed: circuit_breaker_tripped
2026-03-06 11:53:07 | WARNING  | polymarket_bot.unified_executor | 🔴 Circuit breaker TRIPPED — blocking trade
2026-03-06 11:53:07 | WARNING  | __main__ | ❌ Signal execution failed: circuit_breaker_tripped
2026-03-06 11:53:07 | WARNING  | polymarket_bot.unified_executor | 🔴 Circuit breaker TRIPPED — blocking trade
2026-03-06 11:53:07 | WARNING  | __main__ | ❌ Signal execution failed: circuit_breaker_tripped
2026-03-06 11:53:07 | WARNING  | polymarket_bot.unified_executor | 🔴 Circuit breaker TRIPPED — blocking trade
2026-03-06 11:53:07 | WARNING  | __main__ | ❌ Signal execution failed: circuit_breaker_tripped
2026-03-06 11:53:07 | INFO     | __main__ | Iteration 14411: processed 4 signals
2026-03-06 11:53:16 | INFO     | polymarket_bot.orchestrator | 🕐 Resolution window [2d]: 477 → 0 markets
2026-03-06 11:53:16 | INFO     | polymarket_bot.scanner | 🔍 Short-duration scan: 48 markets found — unknown=48
2026-03-06 11:53:16 | INFO     | polymarket_bot.orchestrator | 📡 Short-duration: added 48 markets to universe (48 total in scan, 0 already present)
2026-03-06 11:53:18 | INFO     | polymarket_bot.strategies.short_duration_strategy | ⚡ SHORT-DUR: BTC Up cid=0x3e45183cca price=0.505 prob=53.7% edge=2.9¢ mom=0.917 trend=0.33 vol=0.0018 size=9.8 type=GTC  q=Bitcoin Up or Down - March 6, 11:50AM-11:55AM ET
2026-03-06 11:53:18 | INFO     | polymarket_bot.strategies.short_duration_strategy | ⚡ SHORT-DUR: XRP Up cid=0xde34f3bd55 price=0.495 prob=55.9% edge=6.2¢ mom=0.989 trend=0.50 vol=0.0006 size=10.1 type=GTC  q=XRP Up or Down - March 6, 11:50AM-11:55AM ET
2026-03-06 11:53:18 | INFO     | polymarket_bot.strategies.short_duration_strategy | ⚡ SHORT-DUR: BTC Up cid=0x6c6a68e9c4 price=0.505 prob=53.7% edge=2.9¢ mom=0.917 trend=0.33 vol=0.0018 size=9.8 type=GTC  q=Bitcoin Up or Down - March 6, 11:55AM-12:00PM ET
2026-03-06 11:53:18 | INFO     | polymarket_bot.strategies.short_duration_strategy | ⚡ SHORT-DUR: BTC Up cid=0x4aa05f7c17 price=0.435 prob=53.7% edge=10.0¢ mom=0.917 trend=0.33 vol=0.0018 size=11.4 type=GTC  q=Bitcoin Up or Down - March 6, 11:45AM-12:00PM ET
2026-03-06 11:53:18 | INFO     | polymarket_bot.orchestrator | Found 4 total signals across all strategies
2026-03-06 11:53:18 | INFO     | polymarket_bot.orchestrator | 📐 Sized 0x4aa05f7c17 tier 1/3: $5.00 → $1.99 (25%)
2026-03-06 11:53:18 | INFO     | polymarket_bot.orchestrator | 📐 Sized 0xde34f3bd55 tier 1/3: $5.00 → $1.99 (25%)
2026-03-06 11:53:18 | INFO     | polymarket_bot.orchestrator | 📐 Sized 0x3e45183cca tier 1/3: $5.00 → $1.99 (25%)
2026-03-06 11:53:18 | INFO     | polymarket_bot.orchestrator | 📐 Sized 0x6c6a68e9c4 tier 1/3: $5.00 → $1.99 (25%)
2026-03-06 11:53:18 | WARNING  | polymarket_bot.unified_executor | 🔴 Circuit breaker TRIPPED — blocking trade
2026-03-06 11:53:18 | WARNING  | __main__ | ❌ Signal execution failed: circuit_breaker_tripped
2026-03-06 11:53:18 | WARNING  | polymarket_bot.unified_executor | 🔴 Circuit breaker TRIPPED — blocking trade
2026-03-06 11:53:18 | WARNING  | __main__ | ❌ Signal execution failed: circuit_breaker_tripped
2026-03-06 11:53:18 | WARNING  | polymarket_bot.unified_executor | 🔴 Circuit breaker TRIPPED — blocking trade
2026-03-06 11:53:18 | WARNING  | __main__ | ❌ Signal execution failed: circuit_breaker_tripped
2026-03-06 11:53:18 | WARNING  | polymarket_bot.unified_executor | 🔴 Circuit breaker TRIPPED — blocking trade
2026-03-06 11:53:18 | WARNING  | __main__ | ❌ Signal execution failed: circuit_breaker_tripped
2026-03-06 11:53:18 | INFO     | __main__ | Iteration 14412: processed 4 signals
2026-03-06 11:53:26 | INFO     | polymarket_bot.orchestrator | 🕐 Resolution window [2d]: 477 → 0 markets
2026-03-06 11:53:26 | INFO     | polymarket_bot.scanner | 🔍 Short-duration scan: 48 markets found — unknown=48
2026-03-06 11:53:26 | INFO     | polymarket_bot.orchestrator | 📡 Short-duration: added 48 markets to universe (48 total in scan, 0 already present)
2026-03-06 11:53:27 | INFO     | polymarket_bot.strategies.short_duration_strategy | ⚡ SHORT-DUR: ETH Up cid=0x553e1a9925 price=0.500 prob=59.0% edge=8.7¢ mom=0.998 trend=0.75 vol=0.0023 size=9.9 type=GTC  q=Ethereum Up or Down - March 6, 11:50AM-11:55AM ET
2026-03-06 11:53:27 | INFO     | polymarket_bot.strategies.short_duration_strategy | ⚡ SHORT-DUR: ETH Up cid=0x1c89a881f1 price=0.500 prob=59.0% edge=8.7¢ mom=0.998 trend=0.75 vol=0.0023 size=9.9 type=GTC  q=Ethereum Up or Down - March 6, 11:55AM-12:00PM ET
2026-03-06 11:53:27 | INFO     | polymarket_bot.strategies.short_duration_strategy | ⚡ SHORT-DUR: XRP Up cid=0xe8460623a8 price=0.505 prob=55.9% edge=5.2¢ mom=0.989 trend=0.50 vol=0.0006 size=9.8 type=GTC  q=XRP Up or Down - March 6, 12:00PM-12:05PM ET
2026-03-06 11:53:27 | INFO     | polymarket_bot.strategies.short_duration_strategy | ⚡ SHORT-DUR: BTC Up cid=0x703ccc81a9 price=0.505 prob=53.7% edge=2.9¢ mom=0.917 trend=0.33 vol=0.0018 size=9.8 type=GTC  q=Bitcoin Up or Down - March 6, 12:00PM-12:05PM ET
2026-03-06 11:53:27 | INFO     | polymarket_bot.orchestrator | Found 4 total signals across all strategies
2026-03-06 11:53:27 | INFO     | polymarket_bot.orchestrator | 📐 Sized 0x553e1a9925 tier 1/3: $5.00 → $1.99 (25%)
2026-03-06 11:53:27 | INFO     | polymarket_bot.orchestrator | 📐 Sized 0x1c89a881f1 tier 1/3: $5.00 → $1.99 (25%)
2026-03-06 11:53:27 | INFO     | polymarket_bot.orchestrator | 📐 Sized 0xe8460623a8 tier 1/3: $5.00 → $1.99 (25%)
2026-03-06 11:53:27 | INFO     | polymarket_bot.orchestrator | 📐 Sized 0x703ccc81a9 tier 1/3: $5.00 → $1.99 (25%)
2026-03-06 11:53:27 | WARNING  | polymarket_bot.unified_executor | 🔴 Circuit breaker TRIPPED — blocking trade
2026-03-06 11:53:27 | WARNING  | __main__ | ❌ Signal execution failed: circuit_breaker_tripped
2026-03-06 11:53:27 | WARNING  | polymarket_bot.unified_executor | 🔴 Circuit breaker TRIPPED — blocking trade
2026-03-06 11:53:27 | WARNING  | __main__ | ❌ Signal execution failed: circuit_breaker_tripped
2026-03-06 11:53:27 | WARNING  | polymarket_bot.unified_executor | 🔴 Circuit breaker TRIPPED — blocking trade
2026-03-06 11:53:27 | WARNING  | __main__ | ❌ Signal execution failed: circuit_breaker_tripped
2026-03-06 11:53:27 | WARNING  | polymarket_bot.unified_executor | 🔴 Circuit breaker TRIPPED — blocking trade
2026-03-06 11:53:27 | WARNING  | __main__ | ❌ Signal execution failed: circuit_breaker_tripped
2026-03-06 11:53:27 | INFO     | __main__ | Iteration 14413: processed 4 signals
2026-03-06 11:53:36 | INFO     | polymarket_bot.orchestrator | 🕐 Resolution window [2d]: 477 → 0 markets
2026-03-06 11:53:36 | INFO     | polymarket_bot.scanner | 🔍 Short-duration scan: 48 markets found — unknown=48
2026-03-06 11:53:36 | INFO     | polymarket_bot.orchestrator | 📡 Short-duration: added 48 markets to universe (48 total in scan, 0 already present)
2026-03-06 11:53:39 | INFO     | polymarket_bot.strategies.short_duration_strategy | ⚡ SHORT-DUR: XRP Up cid=0x97d2ac34a4 price=0.505 prob=55.9% edge=5.2¢ mom=0.989 trend=0.50 vol=0.0006 size=9.8 type=GTC  q=XRP Up or Down - March 6, 12:05PM-12:10PM ET
2026-03-06 11:53:39 | INFO     | polymarket_bot.strategies.short_duration_strategy | ⚡ SHORT-DUR: BTC Up cid=0x6a3cc2a337 price=0.505 prob=58.8% edge=8.1¢ mom=0.983 trend=0.75 vol=0.0017 size=9.8 type=GTC  q=Bitcoin Up or Down - March 6, 12:05PM-12:10PM ET
2026-03-06 11:53:39 | INFO     | polymarket_bot.strategies.short_duration_strategy | ⚡ SHORT-DUR: XRP Up cid=0xd3a2b67836 price=0.505 prob=55.9% edge=5.2¢ mom=0.989 trend=0.50 vol=0.0006 size=9.8 type=GTC  q=XRP Up or Down - March 6, 12:10PM-12:15PM ET
2026-03-06 11:53:39 | INFO     | polymarket_bot.strategies.short_duration_strategy | ⚡ SHORT-DUR: ETH Up cid=0x430aa33115 price=0.500 prob=54.0% edge=3.8¢ mom=0.670 trend=0.50 vol=0.0023 size=9.9 type=GTC  q=Ethereum Up or Down - March 6, 12:10PM-12:15PM ET
2026-03-06 11:53:39 | INFO     | polymarket_bot.orchestrator | Found 4 total signals across all strategies
2026-03-06 11:53:39 | INFO     | polymarket_bot.orchestrator | 📐 Sized 0x6a3cc2a337 tier 1/3: $5.00 → $1.99 (25%)
2026-03-06 11:53:39 | INFO     | polymarket_bot.orchestrator | 📐 Sized 0x97d2ac34a4 tier 1/3: $5.00 → $1.99 (25%)
2026-03-06 11:53:39 | INFO     | polymarket_bot.orchestrator | 📐 Sized 0xd3a2b67836 tier 1/3: $5.00 → $1.99 (25%)
2026-03-06 11:53:39 | INFO     | polymarket_bot.orchestrator | 📐 Sized 0x430aa33115 tier 1/3: $5.00 → $1.99 (25%)
2026-03-06 11:53:39 | WARNING  | polymarket_bot.unified_executor | 🔴 Circuit breaker TRIPPED — blocking trade
2026-03-06 11:53:39 | WARNING  | __main__ | ❌ Signal execution failed: circuit_breaker_tripped
2026-03-06 11:53:39 | WARNING  | polymarket_bot.unified_executor | 🔴 Circuit breaker TRIPPED — blocking trade
2026-03-06 11:53:39 | WARNING  | __main__ | ❌ Signal execution failed: circuit_breaker_tripped
2026-03-06 11:53:39 | WARNING  | polymarket_bot.unified_executor | 🔴 Circuit breaker TRIPPED — blocking trade
2026-03-06 11:53:39 | WARNING  | __main__ | ❌ Signal execution failed: circuit_breaker_tripped
2026-03-06 11:53:39 | WARNING  | polymarket_bot.unified_executor | 🔴 Circuit breaker TRIPPED — blocking trade
2026-03-06 11:53:39 | WARNING  | __main__ | ❌ Signal execution failed: circuit_breaker_tripped
2026-03-06 11:53:39 | INFO     | __main__ | Iteration 14414: processed 4 signals
2026-03-06 11:53:46 | INFO     | polymarket_bot.orchestrator | 🕐 Resolution window [2d]: 477 → 0 markets
2026-03-06 11:53:46 | INFO     | polymarket_bot.scanner | 🔍 Short-duration scan: 48 markets found — unknown=48
2026-03-06 11:53:46 | INFO     | polymarket_bot.orchestrator | 📡 Short-duration: added 48 markets to universe (48 total in scan, 0 already present)
2026-03-06 11:53:47 | INFO     | polymarket_bot.strategies.short_duration_strategy | ⚡ SHORT-DUR: XRP Up cid=0xa864925b45 price=0.505 prob=58.9% edge=8.2¢ mom=0.991 trend=0.75 vol=0.0006 size=9.8 type=GTC  q=XRP Up or Down - March 6, 11:55AM-12:00PM ET
2026-03-06 11:53:47 | INFO     | polymarket_bot.strategies.short_duration_strategy | ⚡ SHORT-DUR: ETH Up cid=0x0e8dca3bc7 price=0.400 prob=54.4% edge=14.2¢ mom=0.728 trend=0.50 vol=0.0023 size=12.4 type=GTC  q=Ethereum Up or Down - March 6, 11:45AM-12:00PM ET
2026-03-06 11:53:47 | INFO     | polymarket_bot.strategies.short_duration_strategy | ⚡ SHORT-DUR: XRP Up cid=0x2046289d24 price=0.505 prob=58.9% edge=8.2¢ mom=0.991 trend=0.75 vol=0.0006 size=9.8 type=GTC  q=XRP Up or Down - March 6, 12:00PM-12:15PM ET
2026-03-06 11:53:47 | INFO     | polymarket_bot.strategies.short_duration_strategy | ⚡ SHORT-DUR: XRP Up cid=0x655c539f87 price=0.505 prob=58.9% edge=8.2¢ mom=0.991 trend=0.75 vol=0.0006 size=9.8 type=GTC  q=XRP Up or Down - March 6, 12:15PM-12:20PM ET
2026-03-06 11:53:47 | INFO     | polymarket_bot.orchestrator | Found 4 total signals across all strategies
2026-03-06 11:53:47 | INFO     | polymarket_bot.orchestrator | 📐 Sized 0x0e8dca3bc7 tier 1/3: $5.00 → $1.99 (25%)
2026-03-06 11:53:47 | INFO     | polymarket_bot.orchestrator | 📐 Sized 0xa864925b45 tier 1/3: $5.00 → $1.99 (25%)
2026-03-06 11:53:47 | INFO     | polymarket_bot.orchestrator | 📐 Sized 0x2046289d24 tier 1/3: $5.00 → $1.99 (25%)
2026-03-06 11:53:47 | INFO     | polymarket_bot.orchestrator | 📐 Sized 0x655c539f87 tier 1/3: $5.00 → $1.99 (25%)
2026-03-06 11:53:47 | WARNING  | polymarket_bot.unified_executor | 🔴 Circuit breaker TRIPPED — blocking trade
2026-03-06 11:53:47 | WARNING  | __main__ | ❌ Signal execution failed: circuit_breaker_tripped
2026-03-06 11:53:47 | WARNING  | polymarket_bot.unified_executor | 🔴 Circuit breaker TRIPPED — blocking trade
2026-03-06 11:53:47 | WARNING  | __main__ | ❌ Signal execution failed: circuit_breaker_tripped
2026-03-06 11:53:47 | WARNING  | polymarket_bot.unified_executor | 🔴 Circuit breaker TRIPPED — blocking trade
2026-03-06 11:53:47 | WARNING  | __main__ | ❌ Signal execution failed: circuit_breaker_tripped
2026-03-06 11:53:47 | WARNING  | polymarket_bot.unified_executor | 🔴 Circuit breaker TRIPPED — blocking trade
2026-03-06 11:53:47 | WARNING  | __main__ | ❌ Signal execution failed: circuit_breaker_tripped
2026-03-06 11:53:47 | INFO     | __main__ | Iteration 14415: processed 4 signals
2026-03-06 11:53:56 | INFO     | polymarket_bot.orchestrator | 🕐 Resolution window [2d]: 477 → 0 markets
2026-03-06 11:53:56 | INFO     | polymarket_bot.scanner | 🔍 Short-duration scan: 48 markets found — unknown=48
2026-03-06 11:53:56 | INFO     | polymarket_bot.orchestrator | 📡 Short-duration: added 48 markets to universe (48 total in scan, 0 already present)
2026-03-06 11:53:58 | INFO     | polymarket_bot.strategies.short_duration_strategy | ⚡ SHORT-DUR: XRP Up cid=0x66c3d17158 price=0.440 prob=58.9% edge=14.7¢ mom=0.991 trend=0.75 vol=0.0006 size=11.3 type=GTC  q=XRP Up or Down - March 6, 11:45AM-12:00PM ET
2026-03-06 11:53:58 | INFO     | polymarket_bot.strategies.short_duration_strategy | ⚡ SHORT-DUR: BTC Up cid=0x075b9a8228 price=0.505 prob=58.8% edge=8.1¢ mom=0.983 trend=0.75 vol=0.0017 size=9.8 type=GTC  q=Bitcoin Up or Down - March 6, 12:15PM-12:20PM ET
2026-03-06 11:53:58 | INFO     | polymarket_bot.strategies.short_duration_strategy | ⚡ SHORT-DUR: ETH Up cid=0x2e220b9446 price=0.495 prob=54.4% edge=4.6¢ mom=0.728 trend=0.50 vol=0.0023 size=10.1 type=GTC  q=Ethereum Up or Down - March 6, 12:15PM-12:20PM ET
2026-03-06 11:53:58 | INFO     | polymarket_bot.strategies.short_duration_strategy | ⚡ SHORT-DUR: ETH Up cid=0xb66225f865 price=0.495 prob=54.4% edge=4.6¢ mom=0.728 trend=0.50 vol=0.0023 size=10.1 type=GTC  q=Ethereum Up or Down - March 6, 12:20PM-12:25PM ET
2026-03-06 11:53:58 | INFO     | polymarket_bot.orchestrator | Found 4 total signals across all strategies
2026-03-06 11:53:58 | INFO     | polymarket_bot.orchestrator | 📐 Sized 0x66c3d17158 tier 1/3: $5.00 → $1.99 (25%)
2026-03-06 11:53:58 | INFO     | polymarket_bot.orchestrator | 📐 Sized 0x075b9a8228 tier 1/3: $5.00 → $1.99 (25%)
2026-03-06 11:53:58 | INFO     | polymarket_bot.orchestrator | 📐 Sized 0x2e220b9446 tier 1/3: $5.00 → $1.99 (25%)
2026-03-06 11:53:58 | INFO     | polymarket_bot.orchestrator | 📐 Sized 0xb66225f865 tier 1/3: $5.00 → $1.99 (25%)
2026-03-06 11:53:58 | WARNING  | polymarket_bot.unified_executor | 🔴 Circuit breaker TRIPPED — blocking trade
2026-03-06 11:53:58 | WARNING  | __main__ | ❌ Signal execution failed: circuit_breaker_tripped
2026-03-06 11:53:58 | WARNING  | polymarket_bot.unified_executor | 🔴 Circuit breaker TRIPPED — blocking trade
2026-03-06 11:53:58 | WARNING  | __main__ | ❌ Signal execution failed: circuit_breaker_tripped
2026-03-06 11:53:58 | WARNING  | polymarket_bot.unified_executor | 🔴 Circuit breaker TRIPPED — blocking trade
2026-03-06 11:53:58 | WARNING  | __main__ | ❌ Signal execution failed: circuit_breaker_tripped
2026-03-06 11:53:58 | WARNING  | polymarket_bot.unified_executor | 🔴 Circuit breaker TRIPPED — blocking trade
2026-03-06 11:53:58 | WARNING  | __main__ | ❌ Signal execution failed: circuit_breaker_tripped
2026-03-06 11:53:58 | INFO     | __main__ | ======================================================================
2026-03-06 11:53:58 | INFO     | __main__ | ⏱️  UPTIME: 2404.5 minutes
2026-03-06 11:53:58 | INFO     | __main__ | 📊 SIGNALS: seen=56708 executed=180
2026-03-06 11:53:58 | INFO     | __main__ | 📈 EXECUTIONS: total=54129 success=180 failed=0
2026-03-06 11:53:58 | INFO     | __main__ | 🎯 STRATEGIES: 5 enabled
2026-03-06 11:53:58 | INFO     | __main__ | ⚡ SHORT-DURATION: 48 markets — unknown=48
2026-03-06 11:53:58 | INFO     | __main__ | 💼 WALLET: equity=$11.78 start=$40.00 adj=$0.00 size_mult=x1.00 dyn_max=$8.00
2026-03-06 11:53:58 | INFO     | __main__ | ⚙️  EXECUTION PROFILE: aggressive_maker
2026-03-06 11:53:58 | INFO     | __main__ | 🛡️  HEDGING: events=0 forced=0
2026-03-06 11:53:58 | INFO     | __main__ | 🧾 OPEN MAKER (paper): gtc_total=1
2026-03-06 11:53:58 | INFO     | __main__ |    Top open GTC by condition: 0xb4a0b846…:1
2026-03-06 11:53:58 | INFO     | __main__ | 🏦 Top inventory by condition (cost): 0xfe09259f…:$1.99, 0xdd5ab6d0…:$1.99, 0x69bd84ce…:$1.99
2026-03-06 11:53:58 | INFO     | __main__ | ──────────────────────────────────────────────────────────────────────
2026-03-06 11:53:58 | INFO     | __main__ | 💼 PORTFOLIO:
2026-03-06 11:53:58 | INFO     | __main__ |    Open Positions: 5
2026-03-06 11:53:58 | INFO     | __main__ |    Closed Positions: 169
2026-03-06 11:53:58 | INFO     | __main__ |    Redeemable: 0
2026-03-06 11:53:58 | INFO     | __main__ |    Cost Basis: $9.95
2026-03-06 11:53:58 | INFO     | __main__ | ──────────────────────────────────────────────────────────────────────
2026-03-06 11:53:58 | INFO     | __main__ | 💰 PROFITABILITY:
2026-03-06 11:53:58 | INFO     | __main__ |      Wallet: $11.78  (started $40.00)
2026-03-06 11:53:58 | INFO     | __main__ |      Realized P&L: $-28.2244
2026-03-06 11:53:58 | INFO     | __main__ |      Unrealized P&L: $0.0999
2026-03-06 11:53:58 | INFO     | __main__ |      Total P&L: $-28.1245
2026-03-06 11:53:58 | INFO     | __main__ |      Open Cost Basis: $9.95
2026-03-06 11:53:58 | INFO     | __main__ |      Realized ROI: -283.67%
2026-03-06 11:53:58 | INFO     | __main__ |    Closed: 169 positions
2026-03-06 11:53:58 | INFO     | __main__ |    Redeemed: 0 positions
2026-03-06 11:53:58 | INFO     | __main__ |    Total Realized: $-28.2244
2026-03-06 11:53:58 | INFO     | __main__ | ──────────────────────────────────────────────────────────────────────
2026-03-06 11:53:58 | INFO     | __main__ | 📊 STRATEGY BREAKDOWN (actual P&L):
2026-03-06 11:53:58 | INFO     | __main__ |    short_duration: 180 trades, realized=$-28.2244, total=$-28.1245
2026-03-06 11:53:58 | INFO     | __main__ | ──────────────────────────────────────────────────────────────────────
2026-03-06 11:53:58 | INFO     | __main__ | 🔁 QUOTE CHURN (paper): canceled=5 requoted=0
2026-03-06 11:53:58 | INFO     | __main__ | ──────────────────────────────────────────────────────────────────────
2026-03-06 11:53:58 | INFO     | __main__ | 🔌 CIRCUIT BREAKER: state=cooldown daily_loss=$0.00 drawdown=0.0% consec_losses=0 trips=77
2026-03-06 11:53:58 | INFO     | __main__ | ──────────────────────────────────────────────────────────────────────
2026-03-06 11:53:58 | INFO     | __main__ | 🧠 STRATEGY ATTRIBUTION (actual):
2026-03-06 11:53:58 | INFO     | __main__ |    short_duration: cost=$9.95 realized=$-28.2244 unrealized=$0.0999
2026-03-06 11:53:58 | INFO     | __main__ | ======================================================================
2026-03-06 11:53:58 | INFO     | __main__ | Iteration 14416: processed 4 signals
2026-03-06 11:54:06 | INFO     | polymarket_bot.orchestrator | 🕐 Resolution window [2d]: 477 → 0 markets
2026-03-06 11:54:06 | INFO     | polymarket_bot.scanner | 🔍 Short-duration scan: 48 markets found — unknown=48
2026-03-06 11:54:06 | INFO     | polymarket_bot.orchestrator | 📡 Short-duration: added 48 markets to universe (48 total in scan, 0 already present)
2026-03-06 11:54:08 | INFO     | polymarket_bot.strategies.short_duration_strategy | ⚡ SHORT-DUR: ETH Up cid=0xa59d1c7711 price=0.225 prob=54.4% edge=31.8¢ mom=0.728 trend=0.50 vol=0.0023 size=22.1 type=GTC  q=Ethereum Up or Down - March 6, 11AM ET
2026-03-06 11:54:08 | INFO     | polymarket_bot.strategies.short_duration_strategy | ⚡ SHORT-DUR: ETH Up cid=0x62af176cac price=0.495 prob=54.4% edge=4.6¢ mom=0.728 trend=0.50 vol=0.0023 size=10.1 type=GTC  q=Ethereum Up or Down - March 6, 12:00PM-12:05PM ET
2026-03-06 11:54:08 | INFO     | polymarket_bot.strategies.short_duration_strategy | ⚡ SHORT-DUR: ETH Up cid=0xaa911a8609 price=0.495 prob=54.4% edge=4.6¢ mom=0.728 trend=0.50 vol=0.0023 size=10.1 type=GTC  q=Ethereum Up or Down - March 6, 12:05PM-12:10PM ET
2026-03-06 11:54:08 | INFO     | polymarket_bot.strategies.short_duration_strategy | ⚡ SHORT-DUR: BTC Up cid=0x7034ed5c09 price=0.505 prob=58.8% edge=8.1¢ mom=0.983 trend=0.75 vol=0.0017 size=9.8 type=GTC  q=Bitcoin Up or Down - March 6, 12:00PM-12:15PM ET
2026-03-06 11:54:08 | INFO     | polymarket_bot.orchestrator | Found 4 total signals across all strategies
2026-03-06 11:54:08 | INFO     | polymarket_bot.orchestrator | 📐 Sized 0xa59d1c7711 tier 1/3: $5.00 → $1.99 (25%)
2026-03-06 11:54:08 | INFO     | polymarket_bot.orchestrator | 📐 Sized 0x7034ed5c09 tier 1/3: $5.00 → $1.99 (25%)
2026-03-06 11:54:08 | INFO     | polymarket_bot.orchestrator | 📐 Sized 0x62af176cac tier 1/3: $5.00 → $1.99 (25%)
2026-03-06 11:54:08 | INFO     | polymarket_bot.orchestrator | 📐 Sized 0xaa911a8609 tier 1/3: $5.00 → $1.99 (25%)
2026-03-06 11:54:08 | WARNING  | polymarket_bot.unified_executor | 🔴 Circuit breaker TRIPPED — blocking trade
2026-03-06 11:54:08 | WARNING  | __main__ | ❌ Signal execution failed: circuit_breaker_tripped
2026-03-06 11:54:08 | WARNING  | polymarket_bot.unified_executor | 🔴 Circuit breaker TRIPPED — blocking trade
2026-03-06 11:54:08 | WARNING  | __main__ | ❌ Signal execution failed: circuit_breaker_tripped
2026-03-06 11:54:08 | WARNING  | polymarket_bot.unified_executor | 🔴 Circuit breaker TRIPPED — blocking trade
2026-03-06 11:54:08 | WARNING  | __main__ | ❌ Signal execution failed: circuit_breaker_tripped
2026-03-06 11:54:08 | WARNING  | polymarket_bot.unified_executor | 🔴 Circuit breaker TRIPPED — blocking trade
2026-03-06 11:54:08 | WARNING  | __main__ | ❌ Signal execution failed: circuit_breaker_tripped
2026-03-06 11:54:08 | INFO     | __main__ | Iteration 14417: processed 4 signals
2026-03-06 11:54:16 | INFO     | polymarket_bot.orchestrator | 🕐 Resolution window [2d]: 477 → 0 markets
2026-03-06 11:54:16 | INFO     | polymarket_bot.scanner | 🔍 Short-duration scan: 48 markets found — unknown=48
2026-03-06 11:54:16 | INFO     | polymarket_bot.orchestrator | 📡 Short-duration: added 48 markets to universe (48 total in scan, 0 already present)
2026-03-06 11:54:17 | INFO     | polymarket_bot.strategies.short_duration_strategy | ⚡ SHORT-DUR: ETH Up cid=0xa20173c6c0 price=0.505 prob=54.4% edge=3.6¢ mom=0.728 trend=0.50 vol=0.0023 size=9.8 type=GTC  q=Ethereum Up or Down - March 6, 12:00PM-12:15PM ET
2026-03-06 11:54:17 | INFO     | polymarket_bot.strategies.short_duration_strategy | ⚡ SHORT-DUR: BTC Up cid=0x8504132b88 price=0.505 prob=58.8% edge=8.1¢ mom=0.983 trend=0.75 vol=0.0017 size=9.8 type=GTC  q=Bitcoin Up or Down - March 6, 12:10PM-12:15PM ET
2026-03-06 11:54:17 | INFO     | polymarket_bot.strategies.short_duration_strategy | ⚡ SHORT-DUR: BTC Up cid=0x6f1159986b price=0.505 prob=58.8% edge=8.1¢ mom=0.983 trend=0.75 vol=0.0017 size=9.8 type=GTC  q=Bitcoin Up or Down - March 6, 12:20PM-12:25PM ET
2026-03-06 11:54:17 | INFO     | polymarket_bot.strategies.short_duration_strategy | ⚡ SHORT-DUR: XRP Up cid=0xed4647cead price=0.505 prob=58.9% edge=8.2¢ mom=0.991 trend=0.75 vol=0.0006 size=9.8 type=GTC  q=XRP Up or Down - March 6, 12:20PM-12:25PM ET
2026-03-06 11:54:17 | INFO     | polymarket_bot.orchestrator | Found 4 total signals across all strategies
2026-03-06 11:54:17 | INFO     | polymarket_bot.orchestrator | 📐 Sized 0xed4647cead tier 1/3: $5.00 → $1.99 (25%)
2026-03-06 11:54:17 | INFO     | polymarket_bot.orchestrator | 📐 Sized 0x8504132b88 tier 1/3: $5.00 → $1.99 (25%)
2026-03-06 11:54:17 | INFO     | polymarket_bot.orchestrator | 📐 Sized 0x6f1159986b tier 1/3: $5.00 → $1.99 (25%)
2026-03-06 11:54:17 | INFO     | polymarket_bot.orchestrator | 📐 Sized 0xa20173c6c0 tier 1/3: $5.00 → $1.99 (25%)
2026-03-06 11:54:17 | WARNING  | polymarket_bot.unified_executor | 🔴 Circuit breaker TRIPPED — blocking trade
2026-03-06 11:54:17 | WARNING  | __main__ | ❌ Signal execution failed: circuit_breaker_tripped
2026-03-06 11:54:17 | WARNING  | polymarket_bot.unified_executor | 🔴 Circuit breaker TRIPPED — blocking trade
2026-03-06 11:54:17 | WARNING  | __main__ | ❌ Signal execution failed: circuit_breaker_tripped
2026-03-06 11:54:17 | WARNING  | polymarket_bot.unified_executor | 🔴 Circuit breaker TRIPPED — blocking trade
2026-03-06 11:54:17 | WARNING  | __main__ | ❌ Signal execution failed: circuit_breaker_tripped
2026-03-06 11:54:17 | WARNING  | polymarket_bot.unified_executor | 🔴 Circuit breaker TRIPPED — blocking trade
2026-03-06 11:54:17 | WARNING  | __main__ | ❌ Signal execution failed: circuit_breaker_tripped
2026-03-06 11:54:17 | INFO     | __main__ | Iteration 14418: processed 4 signals
2026-03-06 11:54:26 | INFO     | polymarket_bot.orchestrator | 🕐 Resolution window [2d]: 477 → 0 markets
2026-03-06 11:54:26 | INFO     | polymarket_bot.scanner | 🔍 Short-duration scan: 48 markets found — unknown=48
2026-03-06 11:54:26 | INFO     | polymarket_bot.orchestrator | 📡 Short-duration: added 48 markets to universe (48 total in scan, 0 already present)
2026-03-06 11:54:28 | INFO     | polymarket_bot.strategies.short_duration_strategy | ⚡ SHORT-DUR: BTC Up cid=0x3e45183cca price=0.505 prob=58.8% edge=8.1¢ mom=0.983 trend=0.75 vol=0.0017 size=9.8 type=GTC  q=Bitcoin Up or Down - March 6, 11:50AM-11:55AM ET
2026-03-06 11:54:28 | INFO     | polymarket_bot.strategies.short_duration_strategy | ⚡ SHORT-DUR: XRP Up cid=0xde34f3bd55 price=0.495 prob=58.9% edge=9.2¢ mom=0.991 trend=0.75 vol=0.0006 size=10.1 type=GTC  q=XRP Up or Down - March 6, 11:50AM-11:55AM ET
2026-03-06 11:54:28 | INFO     | polymarket_bot.strategies.short_duration_strategy | ⚡ SHORT-DUR: ETH Up cid=0x553e1a9925 price=0.500 prob=54.4% edge=4.1¢ mom=0.728 trend=0.50 vol=0.0023 size=9.9 type=GTC  q=Ethereum Up or Down - March 6, 11:50AM-11:55AM ET
2026-03-06 11:54:28 | INFO     | polymarket_bot.strategies.short_duration_strategy | ⚡ SHORT-DUR: BTC Up cid=0x6c6a68e9c4 price=0.505 prob=58.8% edge=8.1¢ mom=0.983 trend=0.75 vol=0.0017 size=9.8 type=GTC  q=Bitcoin Up or Down - March 6, 11:55AM-12:00PM ET
2026-03-06 11:54:28 | INFO     | polymarket_bot.orchestrator | Found 4 total signals across all strategies
2026-03-06 11:54:28 | INFO     | polymarket_bot.orchestrator | 📐 Sized 0xde34f3bd55 tier 1/3: $5.00 → $1.99 (25%)
2026-03-06 11:54:28 | INFO     | polymarket_bot.orchestrator | 📐 Sized 0x3e45183cca tier 1/3: $5.00 → $1.99 (25%)
2026-03-06 11:54:28 | INFO     | polymarket_bot.orchestrator | 📐 Sized 0x6c6a68e9c4 tier 1/3: $5.00 → $1.99 (25%)
2026-03-06 11:54:28 | INFO     | polymarket_bot.orchestrator | 📐 Sized 0x553e1a9925 tier 1/3: $5.00 → $1.99 (25%)
2026-03-06 11:54:28 | WARNING  | polymarket_bot.unified_executor | 🔴 Circuit breaker TRIPPED — blocking trade
2026-03-06 11:54:28 | WARNING  | __main__ | ❌ Signal execution failed: circuit_breaker_tripped
2026-03-06 11:54:28 | WARNING  | polymarket_bot.unified_executor | 🔴 Circuit breaker TRIPPED — blocking trade
2026-03-06 11:54:28 | WARNING  | __main__ | ❌ Signal execution failed: circuit_breaker_tripped
2026-03-06 11:54:28 | WARNING  | polymarket_bot.unified_executor | 🔴 Circuit breaker TRIPPED — blocking trade
2026-03-06 11:54:28 | WARNING  | __main__ | ❌ Signal execution failed: circuit_breaker_tripped
2026-03-06 11:54:28 | WARNING  | polymarket_bot.unified_executor | 🔴 Circuit breaker TRIPPED — blocking trade
2026-03-06 11:54:28 | WARNING  | __main__ | ❌ Signal execution failed: circuit_breaker_tripped
2026-03-06 11:54:28 | INFO     | __main__ | Iteration 14419: processed 4 signals
2026-03-06 11:54:36 | INFO     | polymarket_bot.orchestrator | 🕐 Resolution window [2d]: 477 → 0 markets
2026-03-06 11:54:36 | INFO     | polymarket_bot.scanner | 🔍 Short-duration scan: 48 markets found — unknown=48
2026-03-06 11:54:36 | INFO     | polymarket_bot.orchestrator | 📡 Short-duration: added 48 markets to universe (48 total in scan, 0 already present)
2026-03-06 11:54:37 | INFO     | polymarket_bot.strategies.short_duration_strategy | ⚡ SHORT-DUR: ETH Up cid=0x1c89a881f1 price=0.500 prob=54.4% edge=4.1¢ mom=0.728 trend=0.50 vol=0.0023 size=9.9 type=GTC  q=Ethereum Up or Down - March 6, 11:55AM-12:00PM ET
2026-03-06 11:54:37 | INFO     | polymarket_bot.strategies.short_duration_strategy | ⚡ SHORT-DUR: BTC Up cid=0x4aa05f7c17 price=0.435 prob=58.8% edge=15.1¢ mom=0.983 trend=0.75 vol=0.0017 size=11.4 type=GTC  q=Bitcoin Up or Down - March 6, 11:45AM-12:00PM ET
2026-03-06 11:54:37 | INFO     | polymarket_bot.strategies.short_duration_strategy | ⚡ SHORT-DUR: XRP Up cid=0xe8460623a8 price=0.505 prob=58.9% edge=8.2¢ mom=0.991 trend=0.75 vol=0.0006 size=9.8 type=GTC  q=XRP Up or Down - March 6, 12:00PM-12:05PM ET
2026-03-06 11:54:37 | INFO     | polymarket_bot.strategies.short_duration_strategy | ⚡ SHORT-DUR: BTC Up cid=0x703ccc81a9 price=0.505 prob=58.8% edge=8.1¢ mom=0.983 trend=0.75 vol=0.0017 size=9.8 type=GTC  q=Bitcoin Up or Down - March 6, 12:00PM-12:05PM ET
2026-03-06 11:54:37 | INFO     | polymarket_bot.orchestrator | Found 4 total signals across all strategies
2026-03-06 11:54:37 | INFO     | polymarket_bot.orchestrator | 📐 Sized 0x4aa05f7c17 tier 1/3: $5.00 → $1.99 (25%)
2026-03-06 11:54:37 | INFO     | polymarket_bot.orchestrator | 📐 Sized 0xe8460623a8 tier 1/3: $5.00 → $1.99 (25%)
2026-03-06 11:54:37 | INFO     | polymarket_bot.orchestrator | 📐 Sized 0x703ccc81a9 tier 1/3: $5.00 → $1.99 (25%)
2026-03-06 11:54:37 | INFO     | polymarket_bot.orchestrator | 📐 Sized 0x1c89a881f1 tier 1/3: $5.00 → $1.99 (25%)
2026-03-06 11:54:37 | WARNING  | polymarket_bot.unified_executor | 🔴 Circuit breaker TRIPPED — blocking trade
2026-03-06 11:54:37 | WARNING  | __main__ | ❌ Signal execution failed: circuit_breaker_tripped
2026-03-06 11:54:37 | WARNING  | polymarket_bot.unified_executor | 🔴 Circuit breaker TRIPPED — blocking trade
2026-03-06 11:54:37 | WARNING  | __main__ | ❌ Signal execution failed: circuit_breaker_tripped
2026-03-06 11:54:37 | WARNING  | polymarket_bot.unified_executor | 🔴 Circuit breaker TRIPPED — blocking trade
2026-03-06 11:54:37 | WARNING  | __main__ | ❌ Signal execution failed: circuit_breaker_tripped
2026-03-06 11:54:37 | WARNING  | polymarket_bot.unified_executor | 🔴 Circuit breaker TRIPPED — blocking trade
2026-03-06 11:54:37 | WARNING  | __main__ | ❌ Signal execution failed: circuit_breaker_tripped
2026-03-06 11:54:37 | INFO     | __main__ | Iteration 14420: processed 4 signals
2026-03-06 11:54:46 | INFO     | polymarket_bot.orchestrator | 🕐 Resolution window [2d]: 477 → 0 markets
2026-03-06 11:54:47 | INFO     | polymarket_bot.scanner | 🔍 Short-duration scan: 48 markets found — unknown=48
2026-03-06 11:54:47 | INFO     | polymarket_bot.orchestrator | 📡 Short-duration: added 48 markets to universe (48 total in scan, 0 already present)
2026-03-06 11:54:49 | INFO     | polymarket_bot.strategies.short_duration_strategy | ⚡ SHORT-DUR: XRP Up cid=0xa864925b45 price=0.505 prob=58.9% edge=8.2¢ mom=0.991 trend=0.75 vol=0.0006 size=9.8 type=GTC  q=XRP Up or Down - March 6, 11:55AM-12:00PM ET
2026-03-06 11:54:49 | INFO     | polymarket_bot.strategies.short_duration_strategy | ⚡ SHORT-DUR: ETH Up cid=0x0e8dca3bc7 price=0.400 prob=54.4% edge=14.2¢ mom=0.728 trend=0.50 vol=0.0023 size=12.4 type=GTC  q=Ethereum Up or Down - March 6, 11:45AM-12:00PM ET
2026-03-06 11:54:49 | INFO     | polymarket_bot.strategies.short_duration_strategy | ⚡ SHORT-DUR: BTC Up cid=0x6a3cc2a337 price=0.505 prob=58.8% edge=8.1¢ mom=0.983 trend=0.75 vol=0.0017 size=9.8 type=GTC  q=Bitcoin Up or Down - March 6, 12:05PM-12:10PM ET
2026-03-06 11:54:49 | INFO     | polymarket_bot.strategies.short_duration_strategy | ⚡ SHORT-DUR: XRP Up cid=0x97d2ac34a4 price=0.505 prob=58.9% edge=8.2¢ mom=0.991 trend=0.75 vol=0.0006 size=9.8 type=GTC  q=XRP Up or Down - March 6, 12:05PM-12:10PM ET
2026-03-06 11:54:49 | INFO     | polymarket_bot.orchestrator | Found 4 total signals across all strategies
2026-03-06 11:54:49 | INFO     | polymarket_bot.orchestrator | 📐 Sized 0x0e8dca3bc7 tier 1/3: $5.00 → $1.99 (25%)
2026-03-06 11:54:49 | INFO     | polymarket_bot.orchestrator | 📐 Sized 0xa864925b45 tier 1/3: $5.00 → $1.99 (25%)
2026-03-06 11:54:49 | INFO     | polymarket_bot.orchestrator | 📐 Sized 0x97d2ac34a4 tier 1/3: $5.00 → $1.99 (25%)
2026-03-06 11:54:49 | INFO     | polymarket_bot.orchestrator | 📐 Sized 0x6a3cc2a337 tier 1/3: $5.00 → $1.99 (25%)
2026-03-06 11:54:49 | WARNING  | polymarket_bot.unified_executor | 🔴 Circuit breaker TRIPPED — blocking trade
2026-03-06 11:54:49 | WARNING  | __main__ | ❌ Signal execution failed: circuit_breaker_tripped
2026-03-06 11:54:49 | WARNING  | polymarket_bot.unified_executor | 🔴 Circuit breaker TRIPPED — blocking trade
2026-03-06 11:54:49 | WARNING  | __main__ | ❌ Signal execution failed: circuit_breaker_tripped
2026-03-06 11:54:49 | WARNING  | polymarket_bot.unified_executor | 🔴 Circuit breaker TRIPPED — blocking trade
2026-03-06 11:54:49 | WARNING  | __main__ | ❌ Signal execution failed: circuit_breaker_tripped
2026-03-06 11:54:49 | WARNING  | polymarket_bot.unified_executor | 🔴 Circuit breaker TRIPPED — blocking trade
2026-03-06 11:54:49 | WARNING  | __main__ | ❌ Signal execution failed: circuit_breaker_tripped
2026-03-06 11:54:49 | INFO     | __main__ | Iteration 14421: processed 4 signals
2026-03-06 11:54:56 | INFO     | polymarket_bot.orchestrator | 🕐 Resolution window [2d]: 477 → 0 markets
2026-03-06 11:54:56 | INFO     | polymarket_bot.scanner | 🔍 Short-duration scan: 48 markets found — unknown=48
2026-03-06 11:54:56 | INFO     | polymarket_bot.orchestrator | 📡 Short-duration: added 48 markets to universe (48 total in scan, 0 already present)
2026-03-06 11:54:57 | INFO     | polymarket_bot.strategies.short_duration_strategy | ⚡ SHORT-DUR: XRP Up cid=0x66c3d17158 price=0.440 prob=58.9% edge=14.7¢ mom=0.991 trend=0.75 vol=0.0006 size=11.3 type=GTC  q=XRP Up or Down - March 6, 11:45AM-12:00PM ET
2026-03-06 11:54:57 | INFO     | polymarket_bot.strategies.short_duration_strategy | ⚡ SHORT-DUR: ETH Up cid=0x430aa33115 price=0.500 prob=54.4% edge=4.1¢ mom=0.728 trend=0.50 vol=0.0023 size=9.9 type=GTC  q=Ethereum Up or Down - March 6, 12:10PM-12:15PM ET
2026-03-06 11:54:57 | INFO     | polymarket_bot.strategies.short_duration_strategy | ⚡ SHORT-DUR: XRP Up cid=0xd3a2b67836 price=0.505 prob=58.9% edge=8.2¢ mom=0.991 trend=0.75 vol=0.0006 size=9.8 type=GTC  q=XRP Up or Down - March 6, 12:10PM-12:15PM ET
2026-03-06 11:54:57 | INFO     | polymarket_bot.strategies.short_duration_strategy | ⚡ SHORT-DUR: XRP Up cid=0x2046289d24 price=0.505 prob=58.9% edge=8.2¢ mom=0.991 trend=0.75 vol=0.0006 size=9.8 type=GTC  q=XRP Up or Down - March 6, 12:00PM-12:15PM ET
2026-03-06 11:54:57 | INFO     | polymarket_bot.orchestrator | Found 4 total signals across all strategies
2026-03-06 11:54:57 | INFO     | polymarket_bot.orchestrator | 📐 Sized 0x66c3d17158 tier 1/3: $5.00 → $1.99 (25%)
2026-03-06 11:54:57 | INFO     | polymarket_bot.orchestrator | 📐 Sized 0xd3a2b67836 tier 1/3: $5.00 → $1.99 (25%)
2026-03-06 11:54:57 | INFO     | polymarket_bot.orchestrator | 📐 Sized 0x2046289d24 tier 1/3: $5.00 → $1.99 (25%)
2026-03-06 11:54:57 | INFO     | polymarket_bot.orchestrator | 📐 Sized 0x430aa33115 tier 1/3: $5.00 → $1.99 (25%)
2026-03-06 11:54:57 | WARNING  | polymarket_bot.unified_executor | 🔴 Circuit breaker TRIPPED — blocking trade
2026-03-06 11:54:57 | WARNING  | __main__ | ❌ Signal execution failed: circuit_breaker_tripped
2026-03-06 11:54:57 | WARNING  | polymarket_bot.unified_executor | 🔴 Circuit breaker TRIPPED — blocking trade
2026-03-06 11:54:57 | WARNING  | __main__ | ❌ Signal execution failed: circuit_breaker_tripped
2026-03-06 11:54:57 | WARNING  | polymarket_bot.unified_executor | 🔴 Circuit breaker TRIPPED — blocking trade
2026-03-06 11:54:57 | WARNING  | __main__ | ❌ Signal execution failed: circuit_breaker_tripped
2026-03-06 11:54:57 | WARNING  | polymarket_bot.unified_executor | 🔴 Circuit breaker TRIPPED — blocking trade
2026-03-06 11:54:57 | WARNING  | __main__ | ❌ Signal execution failed: circuit_breaker_tripped
2026-03-06 11:54:57 | INFO     | __main__ | Iteration 14422: processed 4 signals
2026-03-06 11:55:06 | INFO     | polymarket_bot.orchestrator | 🕐 Resolution window [2d]: 477 → 0 markets
2026-03-06 11:55:07 | INFO     | polymarket_bot.scanner | 🔍 Short-duration scan: 44 markets found — unknown=44
2026-03-06 11:55:07 | INFO     | polymarket_bot.orchestrator | 📡 Short-duration: added 44 markets to universe (44 total in scan, 0 already present)
2026-03-06 11:55:09 | INFO     | polymarket_bot.strategies.short_duration_strategy | ⚡ SHORT-DUR: SOL Down cid=0xc4cbfe23b7 price=0.495 prob=54.2% edge=4.4¢ mom=-0.693 trend=0.50 vol=0.0010 size=10.1 type=GTC  q=Solana Up or Down - March 6, 11:55AM-12:00PM ET
2026-03-06 11:55:09 | INFO     | polymarket_bot.strategies.short_duration_strategy | ⚡ SHORT-DUR: ETH Up cid=0xa59d1c7711 price=0.225 prob=53.2% edge=30.5¢ mom=0.525 trend=0.50 vol=0.0023 size=22.1 type=GTC  q=Ethereum Up or Down - March 6, 11AM ET
2026-03-06 11:55:09 | INFO     | polymarket_bot.strategies.short_duration_strategy | ⚡ SHORT-DUR: ETH Up cid=0x62af176cac price=0.495 prob=53.2% edge=3.4¢ mom=0.525 trend=0.50 vol=0.0023 size=10.1 type=GTC  q=Ethereum Up or Down - March 6, 12:00PM-12:05PM ET
2026-03-06 11:55:09 | INFO     | polymarket_bot.strategies.short_duration_strategy | ⚡ SHORT-DUR: SOL Down cid=0x05b93fd152 price=0.505 prob=54.2% edge=3.4¢ mom=-0.693 trend=0.50 vol=0.0010 size=9.8 type=GTC  q=Solana Up or Down - March 6, 12:00PM-12:05PM ET
2026-03-06 11:55:09 | INFO     | polymarket_bot.orchestrator | Found 4 total signals across all strategies
2026-03-06 11:55:09 | INFO     | polymarket_bot.orchestrator | 📐 Sized 0xa59d1c7711 tier 1/3: $5.00 → $1.99 (25%)
2026-03-06 11:55:09 | INFO     | polymarket_bot.orchestrator | 📐 Sized 0xc4cbfe23b7 tier 1/3: $5.00 → $1.99 (25%)
2026-03-06 11:55:09 | INFO     | polymarket_bot.orchestrator | 📐 Sized 0x62af176cac tier 1/3: $5.00 → $1.99 (25%)
2026-03-06 11:55:09 | INFO     | polymarket_bot.orchestrator | 📐 Sized 0x05b93fd152 tier 1/3: $5.00 → $1.99 (25%)
2026-03-06 11:55:09 | WARNING  | polymarket_bot.unified_executor | 🔴 Circuit breaker TRIPPED — blocking trade
2026-03-06 11:55:09 | WARNING  | __main__ | ❌ Signal execution failed: circuit_breaker_tripped
2026-03-06 11:55:09 | WARNING  | polymarket_bot.unified_executor | 🔴 Circuit breaker TRIPPED — blocking trade
2026-03-06 11:55:09 | WARNING  | __main__ | ❌ Signal execution failed: circuit_breaker_tripped
2026-03-06 11:55:09 | WARNING  | polymarket_bot.unified_executor | 🔴 Circuit breaker TRIPPED — blocking trade
2026-03-06 11:55:09 | WARNING  | __main__ | ❌ Signal execution failed: circuit_breaker_tripped
2026-03-06 11:55:09 | WARNING  | polymarket_bot.unified_executor | 🔴 Circuit breaker TRIPPED — blocking trade
2026-03-06 11:55:09 | WARNING  | __main__ | ❌ Signal execution failed: circuit_breaker_tripped
2026-03-06 11:55:09 | INFO     | __main__ | ======================================================================
2026-03-06 11:55:09 | INFO     | __main__ | ⏱️  UPTIME: 2405.7 minutes
2026-03-06 11:55:09 | INFO     | __main__ | 📊 SIGNALS: seen=56736 executed=180
2026-03-06 11:55:09 | INFO     | __main__ | 📈 EXECUTIONS: total=54157 success=180 failed=0
2026-03-06 11:55:09 | INFO     | __main__ | 🎯 STRATEGIES: 5 enabled
2026-03-06 11:55:09 | INFO     | __main__ | ⚡ SHORT-DURATION: 44 markets — unknown=44
2026-03-06 11:55:09 | INFO     | __main__ | 💼 WALLET: equity=$11.78 start=$40.00 adj=$0.00 size_mult=x1.00 dyn_max=$8.00
2026-03-06 11:55:09 | INFO     | __main__ | ⚙️  EXECUTION PROFILE: aggressive_maker
2026-03-06 11:55:09 | INFO     | __main__ | 🛡️  HEDGING: events=0 forced=0
2026-03-06 11:55:09 | INFO     | __main__ | 🧾 OPEN MAKER (paper): gtc_total=1
2026-03-06 11:55:09 | INFO     | __main__ |    Top open GTC by condition: 0xb4a0b846…:1
2026-03-06 11:55:09 | INFO     | __main__ | 🏦 Top inventory by condition (cost): 0xfe09259f…:$1.99, 0xdd5ab6d0…:$1.99, 0x69bd84ce…:$1.99
2026-03-06 11:55:09 | INFO     | __main__ | ──────────────────────────────────────────────────────────────────────
2026-03-06 11:55:09 | INFO     | __main__ | 💼 PORTFOLIO:
2026-03-06 11:55:09 | INFO     | __main__ |    Open Positions: 5
2026-03-06 11:55:09 | INFO     | __main__ |    Closed Positions: 169
2026-03-06 11:55:09 | INFO     | __main__ |    Redeemable: 0
2026-03-06 11:55:09 | INFO     | __main__ |    Cost Basis: $9.95
2026-03-06 11:55:09 | INFO     | __main__ | ──────────────────────────────────────────────────────────────────────
2026-03-06 11:55:09 | INFO     | __main__ | 💰 PROFITABILITY:
2026-03-06 11:55:09 | INFO     | __main__ |      Wallet: $11.78  (started $40.00)
2026-03-06 11:55:09 | INFO     | __main__ |      Realized P&L: $-28.2244
2026-03-06 11:55:09 | INFO     | __main__ |      Unrealized P&L: $0.0999
2026-03-06 11:55:09 | INFO     | __main__ |      Total P&L: $-28.1245
2026-03-06 11:55:09 | INFO     | __main__ |      Open Cost Basis: $9.95
2026-03-06 11:55:09 | INFO     | __main__ |      Realized ROI: -283.67%
2026-03-06 11:55:09 | INFO     | __main__ |    Closed: 169 positions
2026-03-06 11:55:09 | INFO     | __main__ |    Redeemed: 0 positions
2026-03-06 11:55:09 | INFO     | __main__ |    Total Realized: $-28.2244
2026-03-06 11:55:09 | INFO     | __main__ | ──────────────────────────────────────────────────────────────────────
2026-03-06 11:55:09 | INFO     | __main__ | 📊 STRATEGY BREAKDOWN (actual P&L):
2026-03-06 11:55:09 | INFO     | __main__ |    short_duration: 180 trades, realized=$-28.2244, total=$-28.1245
2026-03-06 11:55:09 | INFO     | __main__ | ──────────────────────────────────────────────────────────────────────
2026-03-06 11:55:09 | INFO     | __main__ | 🔁 QUOTE CHURN (paper): canceled=5 requoted=0
2026-03-06 11:55:09 | INFO     | __main__ | ──────────────────────────────────────────────────────────────────────
2026-03-06 11:55:09 | INFO     | __main__ | 🔌 CIRCUIT BREAKER: state=cooldown daily_loss=$0.00 drawdown=0.0% consec_losses=0 trips=77
2026-03-06 11:55:09 | INFO     | __main__ | ──────────────────────────────────────────────────────────────────────
2026-03-06 11:55:09 | INFO     | __main__ | 🧠 STRATEGY ATTRIBUTION (actual):
2026-03-06 11:55:09 | INFO     | __main__ |    short_duration: cost=$9.95 realized=$-28.2244 unrealized=$0.0999
2026-03-06 11:55:09 | INFO     | __main__ | ======================================================================
2026-03-06 11:55:09 | INFO     | __main__ | Iteration 14423: processed 4 signals
2026-03-06 11:55:16 | INFO     | polymarket_bot.orchestrator | 🕐 Resolution window [2d]: 477 → 0 markets
2026-03-06 11:55:16 | INFO     | polymarket_bot.scanner | 🔍 Short-duration scan: 44 markets found — unknown=44
2026-03-06 11:55:16 | INFO     | polymarket_bot.orchestrator | 📡 Short-duration: added 44 markets to universe (44 total in scan, 0 already present)
2026-03-06 11:55:17 | INFO     | polymarket_bot.strategies.short_duration_strategy | ⚡ SHORT-DUR: SOL Down cid=0x32a116c4f0 price=0.495 prob=54.2% edge=4.4¢ mom=-0.693 trend=0.50 vol=0.0010 size=10.1 type=GTC  q=Solana Up or Down - March 6, 12:05PM-12:10PM ET
2026-03-06 11:55:17 | INFO     | polymarket_bot.strategies.short_duration_strategy | ⚡ SHORT-DUR: ETH Up cid=0xaa911a8609 price=0.495 prob=53.2% edge=3.4¢ mom=0.525 trend=0.50 vol=0.0023 size=10.1 type=GTC  q=Ethereum Up or Down - March 6, 12:05PM-12:10PM ET
2026-03-06 11:55:17 | INFO     | polymarket_bot.strategies.short_duration_strategy | ⚡ SHORT-DUR: ETH Up cid=0xa20173c6c0 price=0.505 prob=53.2% edge=2.4¢ mom=0.525 trend=0.50 vol=0.0023 size=9.8 type=GTC  q=Ethereum Up or Down - March 6, 12:00PM-12:15PM ET
2026-03-06 11:55:17 | INFO     | polymarket_bot.strategies.short_duration_strategy | ⚡ SHORT-DUR: BTC Up cid=0x7034ed5c09 price=0.505 prob=53.1% edge=2.4¢ mom=0.518 trend=0.50 vol=0.0017 size=9.8 type=GTC  q=Bitcoin Up or Down - March 6, 12:00PM-12:15PM ET
2026-03-06 11:55:17 | INFO     | polymarket_bot.orchestrator | Found 4 total signals across all strategies
2026-03-06 11:55:17 | INFO     | polymarket_bot.orchestrator | 📐 Sized 0x32a116c4f0 tier 1/3: $5.00 → $1.99 (25%)
2026-03-06 11:55:17 | INFO     | polymarket_bot.orchestrator | 📐 Sized 0xaa911a8609 tier 1/3: $5.00 → $1.99 (25%)
2026-03-06 11:55:17 | INFO     | polymarket_bot.orchestrator | 📐 Sized 0xa20173c6c0 tier 1/3: $5.00 → $1.99 (25%)
2026-03-06 11:55:17 | INFO     | polymarket_bot.orchestrator | 📐 Sized 0x7034ed5c09 tier 1/3: $5.00 → $1.99 (25%)
2026-03-06 11:55:17 | WARNING  | polymarket_bot.unified_executor | 🔴 Circuit breaker TRIPPED — blocking trade
2026-03-06 11:55:17 | WARNING  | __main__ | ❌ Signal execution failed: circuit_breaker_tripped
2026-03-06 11:55:17 | WARNING  | polymarket_bot.unified_executor | 🔴 Circuit breaker TRIPPED — blocking trade
2026-03-06 11:55:17 | WARNING  | __main__ | ❌ Signal execution failed: circuit_breaker_tripped
2026-03-06 11:55:17 | WARNING  | polymarket_bot.unified_executor | 🔴 Circuit breaker TRIPPED — blocking trade
2026-03-06 11:55:17 | WARNING  | __main__ | ❌ Signal execution failed: circuit_breaker_tripped
2026-03-06 11:55:17 | WARNING  | polymarket_bot.unified_executor | 🔴 Circuit breaker TRIPPED — blocking trade
2026-03-06 11:55:17 | WARNING  | __main__ | ❌ Signal execution failed: circuit_breaker_tripped
2026-03-06 11:55:17 | INFO     | __main__ | Iteration 14424: processed 4 signals
2026-03-06 11:55:26 | INFO     | polymarket_bot.orchestrator | 🕐 Resolution window [2d]: 477 → 0 markets
2026-03-06 11:55:26 | INFO     | polymarket_bot.scanner | 🔍 Short-duration scan: 44 markets found — unknown=44
2026-03-06 11:55:26 | INFO     | polymarket_bot.orchestrator | 📡 Short-duration: added 44 markets to universe (44 total in scan, 0 already present)
2026-03-06 11:55:28 | INFO     | polymarket_bot.strategies.short_duration_strategy | ⚡ SHORT-DUR: BTC Up cid=0x6c6a68e9c4 price=0.505 prob=53.1% edge=2.4¢ mom=0.518 trend=0.50 vol=0.0017 size=9.8 type=GTC  q=Bitcoin Up or Down - March 6, 11:55AM-12:00PM ET
2026-03-06 11:55:28 | INFO     | polymarket_bot.strategies.short_duration_strategy | ⚡ SHORT-DUR: BTC Up cid=0x8504132b88 price=0.505 prob=53.1% edge=2.4¢ mom=0.518 trend=0.50 vol=0.0017 size=9.8 type=GTC  q=Bitcoin Up or Down - March 6, 12:10PM-12:15PM ET
2026-03-06 11:55:28 | INFO     | polymarket_bot.strategies.short_duration_strategy | ⚡ SHORT-DUR: SOL Down cid=0x5d3ee6f01a price=0.495 prob=54.2% edge=4.4¢ mom=-0.693 trend=0.50 vol=0.0010 size=10.1 type=GTC  q=Solana Up or Down - March 6, 12:10PM-12:15PM ET
2026-03-06 11:55:28 | INFO     | polymarket_bot.strategies.short_duration_strategy | ⚡ SHORT-DUR: SOL Down cid=0x7511354ba0 price=0.490 prob=54.2% edge=4.9¢ mom=-0.693 trend=0.50 vol=0.0010 size=10.2 type=GTC  q=Solana Up or Down - March 6, 12:00PM-12:15PM ET
2026-03-06 11:55:28 | INFO     | polymarket_bot.orchestrator | Found 4 total signals across all strategies
2026-03-06 11:55:28 | INFO     | polymarket_bot.orchestrator | 📐 Sized 0x7511354ba0 tier 1/3: $5.00 → $1.99 (25%)
2026-03-06 11:55:28 | INFO     | polymarket_bot.orchestrator | 📐 Sized 0x5d3ee6f01a tier 1/3: $5.00 → $1.99 (25%)
2026-03-06 11:55:28 | INFO     | polymarket_bot.orchestrator | 📐 Sized 0x6c6a68e9c4 tier 1/3: $5.00 → $1.99 (25%)
2026-03-06 11:55:28 | INFO     | polymarket_bot.orchestrator | 📐 Sized 0x8504132b88 tier 1/3: $5.00 → $1.99 (25%)
2026-03-06 11:55:28 | WARNING  | polymarket_bot.unified_executor | 🔴 Circuit breaker TRIPPED — blocking trade
2026-03-06 11:55:28 | WARNING  | __main__ | ❌ Signal execution failed: circuit_breaker_tripped
2026-03-06 11:55:28 | WARNING  | polymarket_bot.unified_executor | 🔴 Circuit breaker TRIPPED — blocking trade
2026-03-06 11:55:28 | WARNING  | __main__ | ❌ Signal execution failed: circuit_breaker_tripped
2026-03-06 11:55:28 | WARNING  | polymarket_bot.unified_executor | 🔴 Circuit breaker TRIPPED — blocking trade
2026-03-06 11:55:28 | WARNING  | __main__ | ❌ Signal execution failed: circuit_breaker_tripped
2026-03-06 11:55:28 | WARNING  | polymarket_bot.unified_executor | 🔴 Circuit breaker TRIPPED — blocking trade
2026-03-06 11:55:28 | WARNING  | __main__ | ❌ Signal execution failed: circuit_breaker_tripped
2026-03-06 11:55:28 | INFO     | __main__ | Iteration 14425: processed 4 signals
2026-03-06 11:55:36 | INFO     | polymarket_bot.orchestrator | 🕐 Resolution window [2d]: 477 → 0 markets
2026-03-06 11:55:36 | INFO     | polymarket_bot.scanner | 🔍 Short-duration scan: 44 markets found — unknown=44
2026-03-06 11:55:36 | INFO     | polymarket_bot.orchestrator | 📡 Short-duration: added 44 markets to universe (44 total in scan, 0 already present)
2026-03-06 11:55:37 | INFO     | polymarket_bot.strategies.short_duration_strategy | ⚡ SHORT-DUR: BTC Up cid=0x4aa05f7c17 price=0.435 prob=53.1% edge=9.4¢ mom=0.518 trend=0.50 vol=0.0017 size=11.4 type=GTC  q=Bitcoin Up or Down - March 6, 11:45AM-12:00PM ET
2026-03-06 11:55:37 | INFO     | polymarket_bot.strategies.short_duration_strategy | ⚡ SHORT-DUR: ETH Up cid=0x1c89a881f1 price=0.500 prob=53.2% edge=2.9¢ mom=0.525 trend=0.50 vol=0.0022 size=9.9 type=GTC  q=Ethereum Up or Down - March 6, 11:55AM-12:00PM ET
2026-03-06 11:55:37 | INFO     | polymarket_bot.strategies.short_duration_strategy | ⚡ SHORT-DUR: XRP Up cid=0xe8460623a8 price=0.505 prob=55.8% edge=5.1¢ mom=0.969 trend=0.50 vol=0.0006 size=9.8 type=GTC  q=XRP Up or Down - March 6, 12:00PM-12:05PM ET
2026-03-06 11:55:37 | INFO     | polymarket_bot.strategies.short_duration_strategy | ⚡ SHORT-DUR: BTC Up cid=0x703ccc81a9 price=0.505 prob=53.1% edge=2.4¢ mom=0.518 trend=0.50 vol=0.0017 size=9.8 type=GTC  q=Bitcoin Up or Down - March 6, 12:00PM-12:05PM ET
2026-03-06 11:55:37 | INFO     | polymarket_bot.orchestrator | Found 4 total signals across all strategies
2026-03-06 11:55:37 | INFO     | polymarket_bot.orchestrator | 📐 Sized 0x4aa05f7c17 tier 1/3: $5.00 → $1.99 (25%)
2026-03-06 11:55:37 | INFO     | polymarket_bot.orchestrator | 📐 Sized 0xe8460623a8 tier 1/3: $5.00 → $1.99 (25%)
2026-03-06 11:55:37 | INFO     | polymarket_bot.orchestrator | 📐 Sized 0x1c89a881f1 tier 1/3: $5.00 → $1.99 (25%)
2026-03-06 11:55:37 | INFO     | polymarket_bot.orchestrator | 📐 Sized 0x703ccc81a9 tier 1/3: $5.00 → $1.99 (25%)
2026-03-06 11:55:37 | WARNING  | polymarket_bot.unified_executor | 🔴 Circuit breaker TRIPPED — blocking trade
2026-03-06 11:55:37 | WARNING  | __main__ | ❌ Signal execution failed: circuit_breaker_tripped
2026-03-06 11:55:37 | WARNING  | polymarket_bot.unified_executor | 🔴 Circuit breaker TRIPPED — blocking trade
2026-03-06 11:55:37 | WARNING  | __main__ | ❌ Signal execution failed: circuit_breaker_tripped
2026-03-06 11:55:37 | WARNING  | polymarket_bot.unified_executor | 🔴 Circuit breaker TRIPPED — blocking trade
2026-03-06 11:55:37 | WARNING  | __main__ | ❌ Signal execution failed: circuit_breaker_tripped
2026-03-06 11:55:37 | WARNING  | polymarket_bot.unified_executor | 🔴 Circuit breaker TRIPPED — blocking trade
2026-03-06 11:55:37 | WARNING  | __main__ | ❌ Signal execution failed: circuit_breaker_tripped
2026-03-06 11:55:37 | INFO     | __main__ | Iteration 14426: processed 4 signals
2026-03-06 11:55:46 | INFO     | polymarket_bot.orchestrator | 🕐 Resolution window [2d]: 477 → 0 markets
2026-03-06 11:55:46 | INFO     | polymarket_bot.scanner | 🔍 Short-duration scan: 44 markets found — unknown=44
2026-03-06 11:55:46 | INFO     | polymarket_bot.orchestrator | 📡 Short-duration: added 44 markets to universe (44 total in scan, 0 already present)
2026-03-06 11:55:48 | INFO     | polymarket_bot.strategies.short_duration_strategy | ⚡ SHORT-DUR: XRP Up cid=0x655c539f87 price=0.505 prob=55.8% edge=5.1¢ mom=0.969 trend=0.50 vol=0.0006 size=9.8 type=GTC  q=XRP Up or Down - March 6, 12:15PM-12:20PM ET
2026-03-06 11:55:48 | INFO     | polymarket_bot.strategies.short_duration_strategy | ⚡ SHORT-DUR: BTC Up cid=0x075b9a8228 price=0.505 prob=53.1% edge=2.4¢ mom=0.518 trend=0.50 vol=0.0017 size=9.8 type=GTC  q=Bitcoin Up or Down - March 6, 12:15PM-12:20PM ET
2026-03-06 11:55:48 | INFO     | polymarket_bot.strategies.short_duration_strategy | ⚡ SHORT-DUR: ETH Up cid=0x2e220b9446 price=0.495 prob=53.2% edge=3.4¢ mom=0.525 trend=0.50 vol=0.0022 size=10.1 type=GTC  q=Ethereum Up or Down - March 6, 12:15PM-12:20PM ET
2026-03-06 11:55:48 | INFO     | polymarket_bot.strategies.short_duration_strategy | ⚡ SHORT-DUR: SOL Down cid=0xddf2e3a610 price=0.495 prob=54.2% edge=4.4¢ mom=-0.693 trend=0.50 vol=0.0010 size=10.1 type=GTC  q=Solana Up or Down - March 6, 12:15PM-12:20PM ET
2026-03-06 11:55:48 | INFO     | polymarket_bot.orchestrator | Found 4 total signals across all strategies
2026-03-06 11:55:48 | INFO     | polymarket_bot.orchestrator | 📐 Sized 0x655c539f87 tier 1/3: $5.00 → $1.99 (25%)
2026-03-06 11:55:48 | INFO     | polymarket_bot.orchestrator | 📐 Sized 0xddf2e3a610 tier 1/3: $5.00 → $1.99 (25%)
2026-03-06 11:55:48 | INFO     | polymarket_bot.orchestrator | 📐 Sized 0x2e220b9446 tier 1/3: $5.00 → $1.99 (25%)
2026-03-06 11:55:48 | INFO     | polymarket_bot.orchestrator | 📐 Sized 0x075b9a8228 tier 1/3: $5.00 → $1.99 (25%)
2026-03-06 11:55:48 | WARNING  | polymarket_bot.unified_executor | 🔴 Circuit breaker TRIPPED — blocking trade
2026-03-06 11:55:48 | WARNING  | __main__ | ❌ Signal execution failed: circuit_breaker_tripped
2026-03-06 11:55:48 | WARNING  | polymarket_bot.unified_executor | 🔴 Circuit breaker TRIPPED — blocking trade
2026-03-06 11:55:48 | WARNING  | __main__ | ❌ Signal execution failed: circuit_breaker_tripped
2026-03-06 11:55:48 | WARNING  | polymarket_bot.unified_executor | 🔴 Circuit breaker TRIPPED — blocking trade
2026-03-06 11:55:48 | WARNING  | __main__ | ❌ Signal execution failed: circuit_breaker_tripped
2026-03-06 11:55:48 | WARNING  | polymarket_bot.unified_executor | 🔴 Circuit breaker TRIPPED — blocking trade
2026-03-06 11:55:48 | WARNING  | __main__ | ❌ Signal execution failed: circuit_breaker_tripped
2026-03-06 11:55:48 | INFO     | __main__ | Iteration 14427: processed 4 signals
2026-03-06 11:55:56 | INFO     | polymarket_bot.orchestrator | 🕐 Resolution window [2d]: 477 → 0 markets
2026-03-06 11:55:57 | INFO     | polymarket_bot.scanner | 🔍 Short-duration scan: 44 markets found — unknown=44
2026-03-06 11:55:57 | INFO     | polymarket_bot.orchestrator | 📡 Short-duration: added 44 markets to universe (44 total in scan, 0 already present)
2026-03-06 11:55:58 | INFO     | polymarket_bot.strategies.short_duration_strategy | ⚡ SHORT-DUR: XRP Up cid=0xa864925b45 price=0.505 prob=55.8% edge=5.1¢ mom=0.969 trend=0.50 vol=0.0006 size=9.8 type=GTC  q=XRP Up or Down - March 6, 11:55AM-12:00PM ET
2026-03-06 11:55:58 | INFO     | polymarket_bot.strategies.short_duration_strategy | ⚡ SHORT-DUR: ETH Up cid=0x0e8dca3bc7 price=0.400 prob=53.2% edge=13.0¢ mom=0.525 trend=0.50 vol=0.0022 size=12.4 type=GTC  q=Ethereum Up or Down - March 6, 11:45AM-12:00PM ET
2026-03-06 11:55:58 | INFO     | polymarket_bot.strategies.short_duration_strategy | ⚡ SHORT-DUR: XRP Up cid=0x66c3d17158 price=0.440 prob=55.8% edge=11.6¢ mom=0.969 trend=0.50 vol=0.0006 size=11.3 type=GTC  q=XRP Up or Down - March 6, 11:45AM-12:00PM ET
2026-03-06 11:55:58 | INFO     | polymarket_bot.strategies.short_duration_strategy | ⚡ SHORT-DUR: BTC Up cid=0x6a3cc2a337 price=0.505 prob=53.1% edge=2.4¢ mom=0.518 trend=0.50 vol=0.0017 size=9.8 type=GTC  q=Bitcoin Up or Down - March 6, 12:05PM-12:10PM ET
2026-03-06 11:55:58 | INFO     | polymarket_bot.orchestrator | Found 4 total signals across all strategies
2026-03-06 11:55:58 | INFO     | polymarket_bot.orchestrator | 📐 Sized 0x0e8dca3bc7 tier 1/3: $5.00 → $1.99 (25%)
2026-03-06 11:55:58 | INFO     | polymarket_bot.orchestrator | 📐 Sized 0x66c3d17158 tier 1/3: $5.00 → $1.99 (25%)
2026-03-06 11:55:58 | INFO     | polymarket_bot.orchestrator | 📐 Sized 0xa864925b45 tier 1/3: $5.00 → $1.99 (25%)
2026-03-06 11:55:58 | INFO     | polymarket_bot.orchestrator | 📐 Sized 0x6a3cc2a337 tier 1/3: $5.00 → $1.99 (25%)
2026-03-06 11:55:58 | WARNING  | polymarket_bot.unified_executor | 🔴 Circuit breaker TRIPPED — blocking trade
2026-03-06 11:55:58 | WARNING  | __main__ | ❌ Signal execution failed: circuit_breaker_tripped
2026-03-06 11:55:58 | WARNING  | polymarket_bot.unified_executor | 🔴 Circuit breaker TRIPPED — blocking trade
2026-03-06 11:55:58 | WARNING  | __main__ | ❌ Signal execution failed: circuit_breaker_tripped
2026-03-06 11:55:58 | WARNING  | polymarket_bot.unified_executor | 🔴 Circuit breaker TRIPPED — blocking trade
2026-03-06 11:55:58 | WARNING  | __main__ | ❌ Signal execution failed: circuit_breaker_tripped
2026-03-06 11:55:58 | WARNING  | polymarket_bot.unified_executor | 🔴 Circuit breaker TRIPPED — blocking trade
2026-03-06 11:55:58 | WARNING  | __main__ | ❌ Signal execution failed: circuit_breaker_tripped
2026-03-06 11:55:58 | INFO     | __main__ | Iteration 14428: processed 4 signals
2026-03-06 11:56:06 | INFO     | polymarket_bot.orchestrator | 🕐 Resolution window [2d]: 477 → 0 markets
2026-03-06 11:56:06 | INFO     | polymarket_bot.scanner | 🔍 Short-duration scan: 44 markets found — unknown=44
2026-03-06 11:56:06 | INFO     | polymarket_bot.orchestrator | 📡 Short-duration: added 44 markets to universe (44 total in scan, 0 already present)
2026-03-06 11:56:09 | INFO     | polymarket_bot.strategies.short_duration_strategy | ⚡ SHORT-DUR: XRP Up cid=0x97d2ac34a4 price=0.505 prob=55.8% edge=5.1¢ mom=0.969 trend=0.50 vol=0.0006 size=9.8 type=GTC  q=XRP Up or Down - March 6, 12:05PM-12:10PM ET
2026-03-06 11:56:09 | INFO     | polymarket_bot.strategies.short_duration_strategy | ⚡ SHORT-DUR: ETH Up cid=0x430aa33115 price=0.500 prob=53.2% edge=2.9¢ mom=0.525 trend=0.50 vol=0.0022 size=9.9 type=GTC  q=Ethereum Up or Down - March 6, 12:10PM-12:15PM ET
2026-03-06 11:56:09 | INFO     | polymarket_bot.strategies.short_duration_strategy | ⚡ SHORT-DUR: XRP Up cid=0xd3a2b67836 price=0.505 prob=55.8% edge=5.1¢ mom=0.969 trend=0.50 vol=0.0006 size=9.8 type=GTC  q=XRP Up or Down - March 6, 12:10PM-12:15PM ET
2026-03-06 11:56:09 | INFO     | polymarket_bot.strategies.short_duration_strategy | ⚡ SHORT-DUR: XRP Up cid=0x2046289d24 price=0.505 prob=55.8% edge=5.1¢ mom=0.969 trend=0.50 vol=0.0006 size=9.8 type=GTC  q=XRP Up or Down - March 6, 12:00PM-12:15PM ET
2026-03-06 11:56:09 | INFO     | polymarket_bot.orchestrator | Found 4 total signals across all strategies
2026-03-06 11:56:09 | INFO     | polymarket_bot.orchestrator | 📐 Sized 0x97d2ac34a4 tier 1/3: $5.00 → $1.99 (25%)
2026-03-06 11:56:09 | INFO     | polymarket_bot.orchestrator | 📐 Sized 0xd3a2b67836 tier 1/3: $5.00 → $1.99 (25%)
2026-03-06 11:56:09 | INFO     | polymarket_bot.orchestrator | 📐 Sized 0x2046289d24 tier 1/3: $5.00 → $1.99 (25%)
2026-03-06 11:56:09 | INFO     | polymarket_bot.orchestrator | 📐 Sized 0x430aa33115 tier 1/3: $5.00 → $1.99 (25%)
2026-03-06 11:56:09 | WARNING  | polymarket_bot.unified_executor | 🔴 Circuit breaker TRIPPED — blocking trade
2026-03-06 11:56:09 | WARNING  | __main__ | ❌ Signal execution failed: circuit_breaker_tripped
2026-03-06 11:56:09 | WARNING  | polymarket_bot.unified_executor | 🔴 Circuit breaker TRIPPED — blocking trade
2026-03-06 11:56:09 | WARNING  | __main__ | ❌ Signal execution failed: circuit_breaker_tripped
2026-03-06 11:56:09 | WARNING  | polymarket_bot.unified_executor | 🔴 Circuit breaker TRIPPED — blocking trade
2026-03-06 11:56:09 | WARNING  | __main__ | ❌ Signal execution failed: circuit_breaker_tripped
2026-03-06 11:56:09 | WARNING  | polymarket_bot.unified_executor | 🔴 Circuit breaker TRIPPED — blocking trade
2026-03-06 11:56:09 | WARNING  | __main__ | ❌ Signal execution failed: circuit_breaker_tripped
2026-03-06 11:56:09 | INFO     | __main__ | Iteration 14429: processed 4 signals
2026-03-06 11:56:16 | INFO     | polymarket_bot.orchestrator | 🕐 Resolution window [2d]: 477 → 0 markets
2026-03-06 11:56:16 | INFO     | polymarket_bot.scanner | 🔍 Short-duration scan: 44 markets found — unknown=44
2026-03-06 11:56:16 | INFO     | polymarket_bot.orchestrator | 📡 Short-duration: added 44 markets to universe (44 total in scan, 0 already present)
2026-03-06 11:56:17 | INFO     | polymarket_bot.strategies.short_duration_strategy | ⚡ SHORT-DUR: SOL Down cid=0xc4cbfe23b7 price=0.495 prob=54.2% edge=4.4¢ mom=-0.693 trend=0.50 vol=0.0010 size=10.1 type=GTC  q=Solana Up or Down - March 6, 11:55AM-12:00PM ET
2026-03-06 11:56:17 | INFO     | polymarket_bot.strategies.short_duration_strategy | ⚡ SHORT-DUR: ETH Up cid=0xa59d1c7711 price=0.225 prob=53.2% edge=30.5¢ mom=0.525 trend=0.50 vol=0.0022 size=22.1 type=GTC  q=Ethereum Up or Down - March 6, 11AM ET
2026-03-06 11:56:17 | INFO     | polymarket_bot.strategies.short_duration_strategy | ⚡ SHORT-DUR: ETH Up cid=0x62af176cac price=0.495 prob=53.2% edge=3.4¢ mom=0.525 trend=0.50 vol=0.0022 size=10.1 type=GTC  q=Ethereum Up or Down - March 6, 12:00PM-12:05PM ET
2026-03-06 11:56:17 | INFO     | polymarket_bot.strategies.short_duration_strategy | ⚡ SHORT-DUR: SOL Down cid=0x05b93fd152 price=0.505 prob=54.2% edge=3.4¢ mom=-0.693 trend=0.50 vol=0.0010 size=9.8 type=GTC  q=Solana Up or Down - March 6, 12:00PM-12:05PM ET
2026-03-06 11:56:17 | INFO     | polymarket_bot.orchestrator | Found 4 total signals across all strategies
2026-03-06 11:56:17 | INFO     | polymarket_bot.orchestrator | 📐 Sized 0xa59d1c7711 tier 1/3: $5.00 → $1.99 (25%)
2026-03-06 11:56:17 | INFO     | polymarket_bot.orchestrator | 📐 Sized 0xc4cbfe23b7 tier 1/3: $5.00 → $1.99 (25%)
2026-03-06 11:56:17 | INFO     | polymarket_bot.orchestrator | 📐 Sized 0x62af176cac tier 1/3: $5.00 → $1.99 (25%)
2026-03-06 11:56:17 | INFO     | polymarket_bot.orchestrator | 📐 Sized 0x05b93fd152 tier 1/3: $5.00 → $1.99 (25%)
2026-03-06 11:56:17 | WARNING  | polymarket_bot.unified_executor | 🔴 Circuit breaker TRIPPED — blocking trade
2026-03-06 11:56:17 | WARNING  | __main__ | ❌ Signal execution failed: circuit_breaker_tripped
2026-03-06 11:56:17 | WARNING  | polymarket_bot.unified_executor | 🔴 Circuit breaker TRIPPED — blocking trade
2026-03-06 11:56:17 | WARNING  | __main__ | ❌ Signal execution failed: circuit_breaker_tripped
2026-03-06 11:56:17 | WARNING  | polymarket_bot.unified_executor | 🔴 Circuit breaker TRIPPED — blocking trade
2026-03-06 11:56:17 | WARNING  | __main__ | ❌ Signal execution failed: circuit_breaker_tripped
2026-03-06 11:56:17 | WARNING  | polymarket_bot.unified_executor | 🔴 Circuit breaker TRIPPED — blocking trade
2026-03-06 11:56:17 | WARNING  | __main__ | ❌ Signal execution failed: circuit_breaker_tripped
2026-03-06 11:56:17 | INFO     | __main__ | ======================================================================
2026-03-06 11:56:17 | INFO     | __main__ | ⏱️  UPTIME: 2406.8 minutes
2026-03-06 11:56:17 | INFO     | __main__ | 📊 SIGNALS: seen=56764 executed=180
2026-03-06 11:56:17 | INFO     | __main__ | 📈 EXECUTIONS: total=54185 success=180 failed=0
2026-03-06 11:56:17 | INFO     | __main__ | 🎯 STRATEGIES: 5 enabled
2026-03-06 11:56:17 | INFO     | __main__ | ⚡ SHORT-DURATION: 44 markets — unknown=44
2026-03-06 11:56:17 | INFO     | __main__ | 💼 WALLET: equity=$11.78 start=$40.00 adj=$0.00 size_mult=x1.00 dyn_max=$8.00
2026-03-06 11:56:17 | INFO     | __main__ | ⚙️  EXECUTION PROFILE: aggressive_maker
2026-03-06 11:56:17 | INFO     | __main__ | 🛡️  HEDGING: events=0 forced=0
2026-03-06 11:56:17 | INFO     | __main__ | 🧾 OPEN MAKER (paper): gtc_total=1
2026-03-06 11:56:17 | INFO     | __main__ |    Top open GTC by condition: 0xb4a0b846…:1
2026-03-06 11:56:17 | INFO     | __main__ | 🏦 Top inventory by condition (cost): 0xfe09259f…:$1.99, 0xdd5ab6d0…:$1.99, 0x69bd84ce…:$1.99
2026-03-06 11:56:17 | INFO     | __main__ | ──────────────────────────────────────────────────────────────────────
2026-03-06 11:56:17 | INFO     | __main__ | 💼 PORTFOLIO:
2026-03-06 11:56:17 | INFO     | __main__ |    Open Positions: 5
2026-03-06 11:56:17 | INFO     | __main__ |    Closed Positions: 169
2026-03-06 11:56:17 | INFO     | __main__ |    Redeemable: 0
2026-03-06 11:56:17 | INFO     | __main__ |    Cost Basis: $9.95
2026-03-06 11:56:17 | INFO     | __main__ | ──────────────────────────────────────────────────────────────────────
2026-03-06 11:56:17 | INFO     | __main__ | 💰 PROFITABILITY:
2026-03-06 11:56:17 | INFO     | __main__ |      Wallet: $11.78  (started $40.00)
2026-03-06 11:56:17 | INFO     | __main__ |      Realized P&L: $-28.2244
2026-03-06 11:56:17 | INFO     | __main__ |      Unrealized P&L: $0.0999
2026-03-06 11:56:17 | INFO     | __main__ |      Total P&L: $-28.1245
2026-03-06 11:56:17 | INFO     | __main__ |      Open Cost Basis: $9.95
2026-03-06 11:56:17 | INFO     | __main__ |      Realized ROI: -283.67%
2026-03-06 11:56:17 | INFO     | __main__ |    Closed: 169 positions
2026-03-06 11:56:17 | INFO     | __main__ |    Redeemed: 0 positions
2026-03-06 11:56:17 | INFO     | __main__ |    Total Realized: $-28.2244
2026-03-06 11:56:17 | INFO     | __main__ | ──────────────────────────────────────────────────────────────────────
2026-03-06 11:56:17 | INFO     | __main__ | 📊 STRATEGY BREAKDOWN (actual P&L):
2026-03-06 11:56:17 | INFO     | __main__ |    short_duration: 180 trades, realized=$-28.2244, total=$-28.1245
2026-03-06 11:56:17 | INFO     | __main__ | ──────────────────────────────────────────────────────────────────────
2026-03-06 11:56:17 | INFO     | __main__ | 🔁 QUOTE CHURN (paper): canceled=5 requoted=0
2026-03-06 11:56:17 | INFO     | __main__ | ──────────────────────────────────────────────────────────────────────
2026-03-06 11:56:17 | INFO     | __main__ | 🔌 CIRCUIT BREAKER: state=cooldown daily_loss=$0.00 drawdown=0.0% consec_losses=0 trips=77
2026-03-06 11:56:17 | INFO     | __main__ | ──────────────────────────────────────────────────────────────────────
2026-03-06 11:56:17 | INFO     | __main__ | 🧠 STRATEGY ATTRIBUTION (actual):
2026-03-06 11:56:17 | INFO     | __main__ |    short_duration: cost=$9.95 realized=$-28.2244 unrealized=$0.0999
2026-03-06 11:56:17 | INFO     | __main__ | ======================================================================
2026-03-06 11:56:17 | INFO     | __main__ | Iteration 14430: processed 4 signals
2026-03-06 11:56:26 | INFO     | polymarket_bot.orchestrator | 🕐 Resolution window [2d]: 477 → 0 markets
2026-03-06 11:56:26 | INFO     | polymarket_bot.scanner | 🔍 Short-duration scan: 44 markets found — unknown=44
2026-03-06 11:56:26 | INFO     | polymarket_bot.orchestrator | 📡 Short-duration: added 44 markets to universe (44 total in scan, 0 already present)
2026-03-06 11:56:29 | INFO     | polymarket_bot.strategies.short_duration_strategy | ⚡ SHORT-DUR: SOL Down cid=0x32a116c4f0 price=0.495 prob=54.2% edge=4.4¢ mom=-0.693 trend=0.50 vol=0.0010 size=10.1 type=GTC  q=Solana Up or Down - March 6, 12:05PM-12:10PM ET
2026-03-06 11:56:29 | INFO     | polymarket_bot.strategies.short_duration_strategy | ⚡ SHORT-DUR: ETH Down cid=0xaa911a8609 price=0.505 prob=59.0% edge=8.2¢ mom=-0.999 trend=0.75 vol=0.0023 size=9.8 type=GTC  q=Ethereum Up or Down - March 6, 12:05PM-12:10PM ET
2026-03-06 11:56:29 | INFO     | polymarket_bot.strategies.short_duration_strategy | ⚡ SHORT-DUR: ETH Down cid=0xa20173c6c0 price=0.495 prob=59.0% edge=9.2¢ mom=-0.999 trend=0.75 vol=0.0023 size=10.1 type=GTC  q=Ethereum Up or Down - March 6, 12:00PM-12:15PM ET
2026-03-06 11:56:29 | INFO     | polymarket_bot.strategies.short_duration_strategy | ⚡ SHORT-DUR: BTC Up cid=0x7034ed5c09 price=0.505 prob=53.1% edge=2.4¢ mom=0.518 trend=0.50 vol=0.0017 size=9.8 type=GTC  q=Bitcoin Up or Down - March 6, 12:00PM-12:15PM ET
2026-03-06 11:56:29 | INFO     | polymarket_bot.orchestrator | Found 4 total signals across all strategies
2026-03-06 11:56:29 | INFO     | polymarket_bot.orchestrator | 📐 Sized 0xa20173c6c0 tier 1/3: $5.00 → $1.99 (25%)
2026-03-06 11:56:29 | INFO     | polymarket_bot.orchestrator | 📐 Sized 0xaa911a8609 tier 1/3: $5.00 → $1.99 (25%)
2026-03-06 11:56:29 | INFO     | polymarket_bot.orchestrator | 📐 Sized 0x32a116c4f0 tier 1/3: $5.00 → $1.99 (25%)
2026-03-06 11:56:29 | INFO     | polymarket_bot.orchestrator | 📐 Sized 0x7034ed5c09 tier 1/3: $5.00 → $1.99 (25%)
2026-03-06 11:56:29 | WARNING  | polymarket_bot.unified_executor | 🔴 Circuit breaker TRIPPED — blocking trade
2026-03-06 11:56:29 | WARNING  | __main__ | ❌ Signal execution failed: circuit_breaker_tripped
2026-03-06 11:56:29 | WARNING  | polymarket_bot.unified_executor | 🔴 Circuit breaker TRIPPED — blocking trade
2026-03-06 11:56:29 | WARNING  | __main__ | ❌ Signal execution failed: circuit_breaker_tripped
2026-03-06 11:56:29 | WARNING  | polymarket_bot.unified_executor | 🔴 Circuit breaker TRIPPED — blocking trade
2026-03-06 11:56:29 | WARNING  | __main__ | ❌ Signal execution failed: circuit_breaker_tripped
2026-03-06 11:56:29 | WARNING  | polymarket_bot.unified_executor | 🔴 Circuit breaker TRIPPED — blocking trade
2026-03-06 11:56:29 | WARNING  | __main__ | ❌ Signal execution failed: circuit_breaker_tripped
2026-03-06 11:56:29 | INFO     | __main__ | Iteration 14431: processed 4 signals
2026-03-06 11:56:36 | INFO     | polymarket_bot.orchestrator | 🕐 Resolution window [2d]: 477 → 0 markets
2026-03-06 11:56:36 | INFO     | polymarket_bot.scanner | 🔍 Short-duration scan: 44 markets found — unknown=44
2026-03-06 11:56:36 | INFO     | polymarket_bot.orchestrator | 📡 Short-duration: added 44 markets to universe (44 total in scan, 0 already present)
2026-03-06 11:56:37 | INFO     | polymarket_bot.strategies.short_duration_strategy | ⚡ SHORT-DUR: BTC Up cid=0x6c6a68e9c4 price=0.505 prob=53.1% edge=2.4¢ mom=0.518 trend=0.50 vol=0.0017 size=9.8 type=GTC  q=Bitcoin Up or Down - March 6, 11:55AM-12:00PM ET
2026-03-06 11:56:37 | INFO     | polymarket_bot.strategies.short_duration_strategy | ⚡ SHORT-DUR: BTC Up cid=0x8504132b88 price=0.505 prob=53.1% edge=2.4¢ mom=0.518 trend=0.50 vol=0.0017 size=9.8 type=GTC  q=Bitcoin Up or Down - March 6, 12:10PM-12:15PM ET
2026-03-06 11:56:37 | INFO     | polymarket_bot.strategies.short_duration_strategy | ⚡ SHORT-DUR: SOL Down cid=0x5d3ee6f01a price=0.495 prob=54.2% edge=4.4¢ mom=-0.693 trend=0.50 vol=0.0010 size=10.1 type=GTC  q=Solana Up or Down - March 6, 12:10PM-12:15PM ET
2026-03-06 11:56:37 | INFO     | polymarket_bot.strategies.short_duration_strategy | ⚡ SHORT-DUR: SOL Down cid=0x7511354ba0 price=0.490 prob=54.2% edge=4.9¢ mom=-0.693 trend=0.50 vol=0.0010 size=10.2 type=GTC  q=Solana Up or Down - March 6, 12:00PM-12:15PM ET
2026-03-06 11:56:37 | INFO     | polymarket_bot.orchestrator | Found 4 total signals across all strategies
2026-03-06 11:56:37 | INFO     | polymarket_bot.orchestrator | 📐 Sized 0x7511354ba0 tier 1/3: $5.00 → $1.99 (25%)
2026-03-06 11:56:37 | INFO     | polymarket_bot.orchestrator | 📐 Sized 0x5d3ee6f01a tier 1/3: $5.00 → $1.99 (25%)
2026-03-06 11:56:37 | INFO     | polymarket_bot.orchestrator | 📐 Sized 0x6c6a68e9c4 tier 1/3: $5.00 → $1.99 (25%)
2026-03-06 11:56:37 | INFO     | polymarket_bot.orchestrator | 📐 Sized 0x8504132b88 tier 1/3: $5.00 → $1.99 (25%)
2026-03-06 11:56:37 | WARNING  | polymarket_bot.unified_executor | 🔴 Circuit breaker TRIPPED — blocking trade
2026-03-06 11:56:37 | WARNING  | __main__ | ❌ Signal execution failed: circuit_breaker_tripped
2026-03-06 11:56:37 | WARNING  | polymarket_bot.unified_executor | 🔴 Circuit breaker TRIPPED — blocking trade
2026-03-06 11:56:37 | WARNING  | __main__ | ❌ Signal execution failed: circuit_breaker_tripped
2026-03-06 11:56:37 | WARNING  | polymarket_bot.unified_executor | 🔴 Circuit breaker TRIPPED — blocking trade
2026-03-06 11:56:37 | WARNING  | __main__ | ❌ Signal execution failed: circuit_breaker_tripped
2026-03-06 11:56:37 | WARNING  | polymarket_bot.unified_executor | 🔴 Circuit breaker TRIPPED — blocking trade
2026-03-06 11:56:37 | WARNING  | __main__ | ❌ Signal execution failed: circuit_breaker_tripped
2026-03-06 11:56:37 | INFO     | __main__ | Iteration 14432: processed 4 signals
2026-03-06 11:56:46 | INFO     | polymarket_bot.orchestrator | 🕐 Resolution window [2d]: 477 → 0 markets
2026-03-06 11:56:46 | INFO     | polymarket_bot.scanner | 🔍 Short-duration scan: 44 markets found — unknown=44
2026-03-06 11:56:46 | INFO     | polymarket_bot.orchestrator | 📡 Short-duration: added 44 markets to universe (44 total in scan, 0 already present)
2026-03-06 11:56:49 | INFO     | polymarket_bot.strategies.short_duration_strategy | ⚡ SHORT-DUR: BTC Up cid=0x4aa05f7c17 price=0.435 prob=53.1% edge=9.4¢ mom=0.518 trend=0.50 vol=0.0017 size=11.4 type=GTC  q=Bitcoin Up or Down - March 6, 11:45AM-12:00PM ET
2026-03-06 11:56:49 | INFO     | polymarket_bot.strategies.short_duration_strategy | ⚡ SHORT-DUR: ETH Down cid=0x1c89a881f1 price=0.500 prob=59.0% edge=8.7¢ mom=-0.999 trend=0.75 vol=0.0023 size=9.9 type=GTC  q=Ethereum Up or Down - March 6, 11:55AM-12:00PM ET
2026-03-06 11:56:49 | INFO     | polymarket_bot.strategies.short_duration_strategy | ⚡ SHORT-DUR: XRP Up cid=0xe8460623a8 price=0.505 prob=55.8% edge=5.1¢ mom=0.969 trend=0.50 vol=0.0006 size=9.8 type=GTC  q=XRP Up or Down - March 6, 12:00PM-12:05PM ET
2026-03-06 11:56:49 | INFO     | polymarket_bot.strategies.short_duration_strategy | ⚡ SHORT-DUR: BTC Up cid=0x703ccc81a9 price=0.505 prob=53.1% edge=2.4¢ mom=0.518 trend=0.50 vol=0.0017 size=9.8 type=GTC  q=Bitcoin Up or Down - March 6, 12:00PM-12:05PM ET
2026-03-06 11:56:49 | INFO     | polymarket_bot.orchestrator | Found 4 total signals across all strategies
2026-03-06 11:56:49 | INFO     | polymarket_bot.orchestrator | 📐 Sized 0x4aa05f7c17 tier 1/3: $5.00 → $1.99 (25%)
2026-03-06 11:56:49 | INFO     | polymarket_bot.orchestrator | 📐 Sized 0x1c89a881f1 tier 1/3: $5.00 → $1.99 (25%)
2026-03-06 11:56:49 | INFO     | polymarket_bot.orchestrator | 📐 Sized 0xe8460623a8 tier 1/3: $5.00 → $1.99 (25%)
2026-03-06 11:56:49 | INFO     | polymarket_bot.orchestrator | 📐 Sized 0x703ccc81a9 tier 1/3: $5.00 → $1.99 (25%)
2026-03-06 11:56:49 | WARNING  | polymarket_bot.unified_executor | 🔴 Circuit breaker TRIPPED — blocking trade
2026-03-06 11:56:49 | WARNING  | __main__ | ❌ Signal execution failed: circuit_breaker_tripped
2026-03-06 11:56:49 | WARNING  | polymarket_bot.unified_executor | 🔴 Circuit breaker TRIPPED — blocking trade
2026-03-06 11:56:49 | WARNING  | __main__ | ❌ Signal execution failed: circuit_breaker_tripped
2026-03-06 11:56:49 | WARNING  | polymarket_bot.unified_executor | 🔴 Circuit breaker TRIPPED — blocking trade
2026-03-06 11:56:49 | WARNING  | __main__ | ❌ Signal execution failed: circuit_breaker_tripped
2026-03-06 11:56:49 | WARNING  | polymarket_bot.unified_executor | 🔴 Circuit breaker TRIPPED — blocking trade
2026-03-06 11:56:49 | WARNING  | __main__ | ❌ Signal execution failed: circuit_breaker_tripped
2026-03-06 11:56:49 | INFO     | __main__ | Iteration 14433: processed 4 signals
2026-03-06 11:56:56 | INFO     | polymarket_bot.orchestrator | 🕐 Resolution window [2d]: 477 → 0 markets
2026-03-06 11:56:56 | INFO     | polymarket_bot.scanner | 🔍 Short-duration scan: 44 markets found — unknown=44
2026-03-06 11:56:56 | INFO     | polymarket_bot.orchestrator | 📡 Short-duration: added 44 markets to universe (44 total in scan, 0 already present)
2026-03-06 11:56:59 | INFO     | polymarket_bot.strategies.short_duration_strategy | ⚡ SHORT-DUR: XRP Up cid=0x655c539f87 price=0.505 prob=55.8% edge=5.1¢ mom=0.969 trend=0.50 vol=0.0006 size=9.8 type=GTC  q=XRP Up or Down - March 6, 12:15PM-12:20PM ET
2026-03-06 11:56:59 | INFO     | polymarket_bot.strategies.short_duration_strategy | ⚡ SHORT-DUR: BTC Up cid=0x075b9a8228 price=0.505 prob=53.1% edge=2.4¢ mom=0.518 trend=0.50 vol=0.0017 size=9.8 type=GTC  q=Bitcoin Up or Down - March 6, 12:15PM-12:20PM ET
2026-03-06 11:56:59 | INFO     | polymarket_bot.strategies.short_duration_strategy | ⚡ SHORT-DUR: ETH Down cid=0x2e220b9446 price=0.505 prob=59.0% edge=8.2¢ mom=-0.999 trend=0.75 vol=0.0023 size=9.8 type=GTC  q=Ethereum Up or Down - March 6, 12:15PM-12:20PM ET
2026-03-06 11:56:59 | INFO     | polymarket_bot.strategies.short_duration_strategy | ⚡ SHORT-DUR: SOL Down cid=0xddf2e3a610 price=0.495 prob=54.2% edge=4.4¢ mom=-0.693 trend=0.50 vol=0.0010 size=10.1 type=GTC  q=Solana Up or Down - March 6, 12:15PM-12:20PM ET
2026-03-06 11:56:59 | INFO     | polymarket_bot.orchestrator | Found 4 total signals across all strategies
2026-03-06 11:56:59 | INFO     | polymarket_bot.orchestrator | 📐 Sized 0x2e220b9446 tier 1/3: $5.00 → $1.99 (25%)
2026-03-06 11:56:59 | INFO     | polymarket_bot.orchestrator | 📐 Sized 0x655c539f87 tier 1/3: $5.00 → $1.99 (25%)
2026-03-06 11:56:59 | INFO     | polymarket_bot.orchestrator | 📐 Sized 0xddf2e3a610 tier 1/3: $5.00 → $1.99 (25%)
2026-03-06 11:56:59 | INFO     | polymarket_bot.orchestrator | 📐 Sized 0x075b9a8228 tier 1/3: $5.00 → $1.99 (25%)
2026-03-06 11:56:59 | WARNING  | polymarket_bot.unified_executor | 🔴 Circuit breaker TRIPPED — blocking trade
2026-03-06 11:56:59 | WARNING  | __main__ | ❌ Signal execution failed: circuit_breaker_tripped
2026-03-06 11:56:59 | WARNING  | polymarket_bot.unified_executor | 🔴 Circuit breaker TRIPPED — blocking trade
2026-03-06 11:56:59 | WARNING  | __main__ | ❌ Signal execution failed: circuit_breaker_tripped
2026-03-06 11:56:59 | WARNING  | polymarket_bot.unified_executor | 🔴 Circuit breaker TRIPPED — blocking trade
2026-03-06 11:56:59 | WARNING  | __main__ | ❌ Signal execution failed: circuit_breaker_tripped
2026-03-06 11:56:59 | WARNING  | polymarket_bot.unified_executor | 🔴 Circuit breaker TRIPPED — blocking trade
2026-03-06 11:56:59 | WARNING  | __main__ | ❌ Signal execution failed: circuit_breaker_tripped
2026-03-06 11:56:59 | INFO     | __main__ | Iteration 14434: processed 4 signals
2026-03-06 11:57:06 | INFO     | polymarket_bot.orchestrator | 🕐 Resolution window [2d]: 477 → 0 markets
2026-03-06 11:57:06 | INFO     | polymarket_bot.scanner | 🔍 Short-duration scan: 44 markets found — unknown=44
2026-03-06 11:57:06 | INFO     | polymarket_bot.orchestrator | 📡 Short-duration: added 44 markets to universe (44 total in scan, 0 already present)
2026-03-06 11:57:09 | INFO     | polymarket_bot.strategies.short_duration_strategy | ⚡ SHORT-DUR: XRP Up cid=0xa864925b45 price=0.505 prob=55.8% edge=5.1¢ mom=0.969 trend=0.50 vol=0.0006 size=9.8 type=GTC  q=XRP Up or Down - March 6, 11:55AM-12:00PM ET
2026-03-06 11:57:09 | INFO     | polymarket_bot.strategies.short_duration_strategy | ⚡ SHORT-DUR: ETH Down cid=0x0e8dca3bc7 price=0.325 prob=59.0% edge=26.3¢ mom=-0.999 trend=0.75 vol=0.0023 size=15.3 type=GTC  q=Ethereum Up or Down - March 6, 11:45AM-12:00PM ET
2026-03-06 11:57:09 | INFO     | polymarket_bot.strategies.short_duration_strategy | ⚡ SHORT-DUR: XRP Up cid=0x66c3d17158 price=0.440 prob=55.8% edge=11.6¢ mom=0.969 trend=0.50 vol=0.0006 size=11.3 type=GTC  q=XRP Up or Down - March 6, 11:45AM-12:00PM ET
2026-03-06 11:57:09 | INFO     | polymarket_bot.strategies.short_duration_strategy | ⚡ SHORT-DUR: BTC Up cid=0x6a3cc2a337 price=0.505 prob=53.1% edge=2.4¢ mom=0.518 trend=0.50 vol=0.0017 size=9.8 type=GTC  q=Bitcoin Up or Down - March 6, 12:05PM-12:10PM ET
2026-03-06 11:57:09 | INFO     | polymarket_bot.orchestrator | Found 4 total signals across all strategies
2026-03-06 11:57:09 | INFO     | polymarket_bot.orchestrator | 📐 Sized 0x0e8dca3bc7 tier 1/3: $5.00 → $1.99 (25%)
2026-03-06 11:57:09 | INFO     | polymarket_bot.orchestrator | 📐 Sized 0x66c3d17158 tier 1/3: $5.00 → $1.99 (25%)
2026-03-06 11:57:09 | INFO     | polymarket_bot.orchestrator | 📐 Sized 0xa864925b45 tier 1/3: $5.00 → $1.99 (25%)
2026-03-06 11:57:09 | INFO     | polymarket_bot.orchestrator | 📐 Sized 0x6a3cc2a337 tier 1/3: $5.00 → $1.99 (25%)
2026-03-06 11:57:09 | WARNING  | polymarket_bot.unified_executor | 🔴 Circuit breaker TRIPPED — blocking trade
2026-03-06 11:57:09 | WARNING  | __main__ | ❌ Signal execution failed: circuit_breaker_tripped
2026-03-06 11:57:09 | WARNING  | polymarket_bot.unified_executor | 🔴 Circuit breaker TRIPPED — blocking trade
2026-03-06 11:57:09 | WARNING  | __main__ | ❌ Signal execution failed: circuit_breaker_tripped
2026-03-06 11:57:09 | WARNING  | polymarket_bot.unified_executor | 🔴 Circuit breaker TRIPPED — blocking trade
2026-03-06 11:57:09 | WARNING  | __main__ | ❌ Signal execution failed: circuit_breaker_tripped
2026-03-06 11:57:09 | WARNING  | polymarket_bot.unified_executor | 🔴 Circuit breaker TRIPPED — blocking trade
2026-03-06 11:57:09 | WARNING  | __main__ | ❌ Signal execution failed: circuit_breaker_tripped
2026-03-06 11:57:09 | INFO     | __main__ | Iteration 14435: processed 4 signals
2026-03-06 11:57:16 | INFO     | polymarket_bot.orchestrator | 🕐 Resolution window [2d]: 477 → 0 markets
2026-03-06 11:57:17 | INFO     | polymarket_bot.scanner | 🔍 Short-duration scan: 44 markets found — unknown=44
2026-03-06 11:57:17 | INFO     | polymarket_bot.orchestrator | 📡 Short-duration: added 44 markets to universe (44 total in scan, 0 already present)
2026-03-06 11:57:19 | INFO     | polymarket_bot.strategies.short_duration_strategy | ⚡ SHORT-DUR: SOL Down cid=0xc4cbfe23b7 price=0.495 prob=54.2% edge=4.4¢ mom=-0.693 trend=0.50 vol=0.0010 size=10.1 type=GTC  q=Solana Up or Down - March 6, 11:55AM-12:00PM ET
2026-03-06 11:57:19 | INFO     | polymarket_bot.strategies.short_duration_strategy | ⚡ SHORT-DUR: ETH Down cid=0xa59d1c7711 price=0.535 prob=59.0% edge=5.3¢ mom=-0.999 trend=0.75 vol=0.0023 size=9.3 type=GTC  q=Ethereum Up or Down - March 6, 11AM ET
2026-03-06 11:57:19 | INFO     | polymarket_bot.strategies.short_duration_strategy | ⚡ SHORT-DUR: ETH Down cid=0x62af176cac price=0.505 prob=59.0% edge=8.2¢ mom=-0.999 trend=0.75 vol=0.0023 size=9.8 type=GTC  q=Ethereum Up or Down - March 6, 12:00PM-12:05PM ET
2026-03-06 11:57:19 | INFO     | polymarket_bot.strategies.short_duration_strategy | ⚡ SHORT-DUR: SOL Down cid=0x05b93fd152 price=0.505 prob=54.2% edge=3.4¢ mom=-0.693 trend=0.50 vol=0.0010 size=9.8 type=GTC  q=Solana Up or Down - March 6, 12:00PM-12:05PM ET
2026-03-06 11:57:19 | INFO     | polymarket_bot.orchestrator | Found 4 total signals across all strategies
2026-03-06 11:57:19 | INFO     | polymarket_bot.orchestrator | 📐 Sized 0x62af176cac tier 1/3: $5.00 → $1.99 (25%)
2026-03-06 11:57:19 | INFO     | polymarket_bot.orchestrator | 📐 Sized 0xa59d1c7711 tier 1/3: $5.00 → $1.99 (25%)
2026-03-06 11:57:19 | INFO     | polymarket_bot.orchestrator | 📐 Sized 0xc4cbfe23b7 tier 1/3: $5.00 → $1.99 (25%)
2026-03-06 11:57:19 | INFO     | polymarket_bot.orchestrator | 📐 Sized 0x05b93fd152 tier 1/3: $5.00 → $1.99 (25%)
2026-03-06 11:57:19 | WARNING  | polymarket_bot.unified_executor | 🔴 Circuit breaker TRIPPED — blocking trade
2026-03-06 11:57:19 | WARNING  | __main__ | ❌ Signal execution failed: circuit_breaker_tripped
2026-03-06 11:57:19 | WARNING  | polymarket_bot.unified_executor | 🔴 Circuit breaker TRIPPED — blocking trade
2026-03-06 11:57:19 | WARNING  | __main__ | ❌ Signal execution failed: circuit_breaker_tripped
2026-03-06 11:57:19 | WARNING  | polymarket_bot.unified_executor | 🔴 Circuit breaker TRIPPED — blocking trade
2026-03-06 11:57:19 | WARNING  | __main__ | ❌ Signal execution failed: circuit_breaker_tripped
2026-03-06 11:57:19 | WARNING  | polymarket_bot.unified_executor | 🔴 Circuit breaker TRIPPED — blocking trade
2026-03-06 11:57:19 | WARNING  | __main__ | ❌ Signal execution failed: circuit_breaker_tripped
2026-03-06 11:57:19 | INFO     | __main__ | ======================================================================
2026-03-06 11:57:19 | INFO     | __main__ | ⏱️  UPTIME: 2407.8 minutes
2026-03-06 11:57:19 | INFO     | __main__ | 📊 SIGNALS: seen=56788 executed=180
2026-03-06 11:57:19 | INFO     | __main__ | 📈 EXECUTIONS: total=54209 success=180 failed=0
2026-03-06 11:57:19 | INFO     | __main__ | 🎯 STRATEGIES: 5 enabled
2026-03-06 11:57:19 | INFO     | __main__ | ⚡ SHORT-DURATION: 44 markets — unknown=44
2026-03-06 11:57:19 | INFO     | __main__ | 💼 WALLET: equity=$11.78 start=$40.00 adj=$0.00 size_mult=x1.00 dyn_max=$8.00
2026-03-06 11:57:19 | INFO     | __main__ | ⚙️  EXECUTION PROFILE: aggressive_maker
2026-03-06 11:57:19 | INFO     | __main__ | 🛡️  HEDGING: events=0 forced=0
2026-03-06 11:57:19 | INFO     | __main__ | 🧾 OPEN MAKER (paper): gtc_total=1
2026-03-06 11:57:19 | INFO     | __main__ |    Top open GTC by condition: 0xb4a0b846…:1
2026-03-06 11:57:19 | INFO     | __main__ | 🏦 Top inventory by condition (cost): 0xfe09259f…:$1.99, 0xdd5ab6d0…:$1.99, 0x69bd84ce…:$1.99
2026-03-06 11:57:19 | INFO     | __main__ | ──────────────────────────────────────────────────────────────────────
2026-03-06 11:57:19 | INFO     | __main__ | 💼 PORTFOLIO:
2026-03-06 11:57:19 | INFO     | __main__ |    Open Positions: 5
2026-03-06 11:57:19 | INFO     | __main__ |    Closed Positions: 169
2026-03-06 11:57:19 | INFO     | __main__ |    Redeemable: 0
2026-03-06 11:57:19 | INFO     | __main__ |    Cost Basis: $9.95
2026-03-06 11:57:19 | INFO     | __main__ | ──────────────────────────────────────────────────────────────────────
2026-03-06 11:57:19 | INFO     | __main__ | 💰 PROFITABILITY:
2026-03-06 11:57:19 | INFO     | __main__ |      Wallet: $11.78  (started $40.00)
2026-03-06 11:57:19 | INFO     | __main__ |      Realized P&L: $-28.2244
2026-03-06 11:57:19 | INFO     | __main__ |      Unrealized P&L: $0.0999
2026-03-06 11:57:19 | INFO     | __main__ |      Total P&L: $-28.1245
2026-03-06 11:57:19 | INFO     | __main__ |      Open Cost Basis: $9.95
2026-03-06 11:57:19 | INFO     | __main__ |      Realized ROI: -283.67%
2026-03-06 11:57:19 | INFO     | __main__ |    Closed: 169 positions
2026-03-06 11:57:19 | INFO     | __main__ |    Redeemed: 0 positions
2026-03-06 11:57:19 | INFO     | __main__ |    Total Realized: $-28.2244
2026-03-06 11:57:19 | INFO     | __main__ | ──────────────────────────────────────────────────────────────────────
2026-03-06 11:57:19 | INFO     | __main__ | 📊 STRATEGY BREAKDOWN (actual P&L):
2026-03-06 11:57:19 | INFO     | __main__ |    short_duration: 180 trades, realized=$-28.2244, total=$-28.1245
2026-03-06 11:57:19 | INFO     | __main__ | ──────────────────────────────────────────────────────────────────────
2026-03-06 11:57:19 | INFO     | __main__ | 🔁 QUOTE CHURN (paper): canceled=5 requoted=0
2026-03-06 11:57:19 | INFO     | __main__ | ──────────────────────────────────────────────────────────────────────
2026-03-06 11:57:19 | INFO     | __main__ | 🔌 CIRCUIT BREAKER: state=cooldown daily_loss=$0.00 drawdown=0.0% consec_losses=0 trips=77
2026-03-06 11:57:19 | INFO     | __main__ | ──────────────────────────────────────────────────────────────────────
2026-03-06 11:57:19 | INFO     | __main__ | 🧠 STRATEGY ATTRIBUTION (actual):
2026-03-06 11:57:19 | INFO     | __main__ |    short_duration: cost=$9.95 realized=$-28.2244 unrealized=$0.0999
2026-03-06 11:57:19 | INFO     | __main__ | ======================================================================
2026-03-06 11:57:19 | INFO     | __main__ | Iteration 14436: processed 4 signals
2026-03-06 11:57:26 | INFO     | polymarket_bot.orchestrator | 🕐 Resolution window [2d]: 477 → 0 markets
2026-03-06 11:57:26 | INFO     | polymarket_bot.scanner | 🔍 Short-duration scan: 44 markets found — unknown=44
2026-03-06 11:57:26 | INFO     | polymarket_bot.orchestrator | 📡 Short-duration: added 44 markets to universe (44 total in scan, 0 already present)
2026-03-06 11:57:27 | INFO     | polymarket_bot.strategies.short_duration_strategy | ⚡ SHORT-DUR: SOL Down cid=0x32a116c4f0 price=0.495 prob=54.2% edge=4.4¢ mom=-0.693 trend=0.50 vol=0.0010 size=10.1 type=GTC  q=Solana Up or Down - March 6, 12:05PM-12:10PM ET
2026-03-06 11:57:27 | INFO     | polymarket_bot.strategies.short_duration_strategy | ⚡ SHORT-DUR: ETH Down cid=0xaa911a8609 price=0.505 prob=59.0% edge=8.2¢ mom=-0.999 trend=0.75 vol=0.0023 size=9.8 type=GTC  q=Ethereum Up or Down - March 6, 12:05PM-12:10PM ET
2026-03-06 11:57:27 | INFO     | polymarket_bot.strategies.short_duration_strategy | ⚡ SHORT-DUR: XRP Up cid=0x97d2ac34a4 price=0.505 prob=55.8% edge=5.1¢ mom=0.969 trend=0.50 vol=0.0006 size=9.8 type=GTC  q=XRP Up or Down - March 6, 12:05PM-12:10PM ET
2026-03-06 11:57:27 | INFO     | polymarket_bot.strategies.short_duration_strategy | ⚡ SHORT-DUR: ETH Down cid=0xa20173c6c0 price=0.495 prob=59.0% edge=9.2¢ mom=-0.999 trend=0.75 vol=0.0023 size=10.1 type=GTC  q=Ethereum Up or Down - March 6, 12:00PM-12:15PM ET
2026-03-06 11:57:27 | INFO     | polymarket_bot.orchestrator | Found 4 total signals across all strategies
2026-03-06 11:57:27 | INFO     | polymarket_bot.orchestrator | 📐 Sized 0xa20173c6c0 tier 1/3: $5.00 → $1.99 (25%)
2026-03-06 11:57:27 | INFO     | polymarket_bot.orchestrator | 📐 Sized 0xaa911a8609 tier 1/3: $5.00 → $1.99 (25%)
2026-03-06 11:57:27 | INFO     | polymarket_bot.orchestrator | 📐 Sized 0x97d2ac34a4 tier 1/3: $5.00 → $1.99 (25%)
2026-03-06 11:57:27 | INFO     | polymarket_bot.orchestrator | 📐 Sized 0x32a116c4f0 tier 1/3: $5.00 → $1.99 (25%)
2026-03-06 11:57:27 | WARNING  | polymarket_bot.unified_executor | 🔴 Circuit breaker TRIPPED — blocking trade
2026-03-06 11:57:27 | WARNING  | __main__ | ❌ Signal execution failed: circuit_breaker_tripped
2026-03-06 11:57:27 | WARNING  | polymarket_bot.unified_executor | 🔴 Circuit breaker TRIPPED — blocking trade
2026-03-06 11:57:27 | WARNING  | __main__ | ❌ Signal execution failed: circuit_breaker_tripped
2026-03-06 11:57:27 | WARNING  | polymarket_bot.unified_executor | 🔴 Circuit breaker TRIPPED — blocking trade
2026-03-06 11:57:27 | WARNING  | __main__ | ❌ Signal execution failed: circuit_breaker_tripped
2026-03-06 11:57:27 | WARNING  | polymarket_bot.unified_executor | 🔴 Circuit breaker TRIPPED — blocking trade
2026-03-06 11:57:27 | WARNING  | __main__ | ❌ Signal execution failed: circuit_breaker_tripped
2026-03-06 11:57:27 | INFO     | __main__ | Iteration 14437: processed 4 signals
2026-03-06 11:57:36 | INFO     | polymarket_bot.orchestrator | 🕐 Resolution window [2d]: 477 → 0 markets
2026-03-06 11:57:36 | INFO     | polymarket_bot.scanner | 🔍 Short-duration scan: 44 markets found — unknown=44
2026-03-06 11:57:36 | INFO     | polymarket_bot.orchestrator | 📡 Short-duration: added 44 markets to universe (44 total in scan, 0 already present)
2026-03-06 11:57:38 | INFO     | polymarket_bot.strategies.short_duration_strategy | ⚡ SHORT-DUR: XRP Down cid=0xe427d79c9a price=0.155 prob=54.0% edge=38.5¢ mom=-0.672 trend=0.50 vol=0.0009 size=32.1 type=GTC  q=XRP Up or Down - March 6, 11AM ET
2026-03-06 11:57:38 | INFO     | polymarket_bot.strategies.short_duration_strategy | ⚡ SHORT-DUR: ETH Down cid=0x430aa33115 price=0.500 prob=59.0% edge=8.7¢ mom=-1.000 trend=0.75 vol=0.0022 size=9.9 type=GTC  q=Ethereum Up or Down - March 6, 12:10PM-12:15PM ET
2026-03-06 11:57:38 | INFO     | polymarket_bot.strategies.short_duration_strategy | ⚡ SHORT-DUR: XRP Down cid=0xd3a2b67836 price=0.495 prob=54.0% edge=4.3¢ mom=-0.672 trend=0.50 vol=0.0009 size=10.1 type=GTC  q=XRP Up or Down - March 6, 12:10PM-12:15PM ET
2026-03-06 11:57:38 | INFO     | polymarket_bot.strategies.short_duration_strategy | ⚡ SHORT-DUR: SOL Down cid=0x5d3ee6f01a price=0.495 prob=59.0% edge=9.3¢ mom=-1.000 trend=0.75 vol=0.0011 size=10.1 type=GTC  q=Solana Up or Down - March 6, 12:10PM-12:15PM ET
2026-03-06 11:57:38 | INFO     | polymarket_bot.orchestrator | Found 4 total signals across all strategies
2026-03-06 11:57:38 | INFO     | polymarket_bot.orchestrator | 📐 Sized 0xe427d79c9a tier 1/3: $5.00 → $1.99 (25%)
2026-03-06 11:57:38 | INFO     | polymarket_bot.orchestrator | 📐 Sized 0x5d3ee6f01a tier 1/3: $5.00 → $1.99 (25%)
2026-03-06 11:57:38 | INFO     | polymarket_bot.orchestrator | 📐 Sized 0x430aa33115 tier 1/3: $5.00 → $1.99 (25%)
2026-03-06 11:57:38 | INFO     | polymarket_bot.orchestrator | 📐 Sized 0xd3a2b67836 tier 1/3: $5.00 → $1.99 (25%)
2026-03-06 11:57:38 | WARNING  | polymarket_bot.unified_executor | 🔴 Circuit breaker TRIPPED — blocking trade
2026-03-06 11:57:38 | WARNING  | __main__ | ❌ Signal execution failed: circuit_breaker_tripped
2026-03-06 11:57:38 | WARNING  | polymarket_bot.unified_executor | 🔴 Circuit breaker TRIPPED — blocking trade
2026-03-06 11:57:38 | WARNING  | __main__ | ❌ Signal execution failed: circuit_breaker_tripped
2026-03-06 11:57:38 | WARNING  | polymarket_bot.unified_executor | 🔴 Circuit breaker TRIPPED — blocking trade
2026-03-06 11:57:38 | WARNING  | __main__ | ❌ Signal execution failed: circuit_breaker_tripped
2026-03-06 11:57:38 | WARNING  | polymarket_bot.unified_executor | 🔴 Circuit breaker TRIPPED — blocking trade
2026-03-06 11:57:38 | WARNING  | __main__ | ❌ Signal execution failed: circuit_breaker_tripped
2026-03-06 11:57:38 | INFO     | __main__ | Iteration 14438: processed 4 signals
2026-03-06 11:57:46 | INFO     | polymarket_bot.orchestrator | 🕐 Resolution window [2d]: 477 → 0 markets
2026-03-06 11:57:46 | INFO     | polymarket_bot.scanner | 🔍 Short-duration scan: 44 markets found — unknown=44
2026-03-06 11:57:46 | INFO     | polymarket_bot.orchestrator | 📡 Short-duration: added 44 markets to universe (44 total in scan, 0 already present)
2026-03-06 11:57:47 | INFO     | polymarket_bot.strategies.short_duration_strategy | ⚡ SHORT-DUR: ETH Down cid=0x1c89a881f1 price=0.500 prob=59.0% edge=8.7¢ mom=-1.000 trend=0.75 vol=0.0022 size=9.9 type=GTC  q=Ethereum Up or Down - March 6, 11:55AM-12:00PM ET
2026-03-06 11:57:47 | INFO     | polymarket_bot.strategies.short_duration_strategy | ⚡ SHORT-DUR: XRP Down cid=0xe8460623a8 price=0.495 prob=54.0% edge=4.3¢ mom=-0.672 trend=0.50 vol=0.0009 size=10.1 type=GTC  q=XRP Up or Down - March 6, 12:00PM-12:05PM ET
2026-03-06 11:57:47 | INFO     | polymarket_bot.strategies.short_duration_strategy | ⚡ SHORT-DUR: SOL Down cid=0x7511354ba0 price=0.490 prob=59.0% edge=9.8¢ mom=-1.000 trend=0.75 vol=0.0011 size=10.2 type=GTC  q=Solana Up or Down - March 6, 12:00PM-12:15PM ET
2026-03-06 11:57:47 | INFO     | polymarket_bot.strategies.short_duration_strategy | ⚡ SHORT-DUR: XRP Down cid=0x2046289d24 price=0.495 prob=54.0% edge=4.3¢ mom=-0.672 trend=0.50 vol=0.0009 size=10.1 type=GTC  q=XRP Up or Down - March 6, 12:00PM-12:15PM ET
2026-03-06 11:57:47 | INFO     | polymarket_bot.orchestrator | Found 4 total signals across all strategies
2026-03-06 11:57:47 | INFO     | polymarket_bot.orchestrator | 📐 Sized 0x7511354ba0 tier 1/3: $5.00 → $1.99 (25%)
2026-03-06 11:57:47 | INFO     | polymarket_bot.orchestrator | 📐 Sized 0x1c89a881f1 tier 1/3: $5.00 → $1.99 (25%)
2026-03-06 11:57:47 | INFO     | polymarket_bot.orchestrator | 📐 Sized 0xe8460623a8 tier 1/3: $5.00 → $1.99 (25%)
2026-03-06 11:57:47 | INFO     | polymarket_bot.orchestrator | 📐 Sized 0x2046289d24 tier 1/3: $5.00 → $1.99 (25%)
2026-03-06 11:57:47 | WARNING  | polymarket_bot.unified_executor | 🔴 Circuit breaker TRIPPED — blocking trade
2026-03-06 11:57:47 | WARNING  | __main__ | ❌ Signal execution failed: circuit_breaker_tripped
2026-03-06 11:57:47 | WARNING  | polymarket_bot.unified_executor | 🔴 Circuit breaker TRIPPED — blocking trade
2026-03-06 11:57:47 | WARNING  | __main__ | ❌ Signal execution failed: circuit_breaker_tripped
2026-03-06 11:57:47 | WARNING  | polymarket_bot.unified_executor | 🔴 Circuit breaker TRIPPED — blocking trade
2026-03-06 11:57:47 | WARNING  | __main__ | ❌ Signal execution failed: circuit_breaker_tripped
2026-03-06 11:57:47 | WARNING  | polymarket_bot.unified_executor | 🔴 Circuit breaker TRIPPED — blocking trade
2026-03-06 11:57:47 | WARNING  | __main__ | ❌ Signal execution failed: circuit_breaker_tripped
2026-03-06 11:57:47 | INFO     | __main__ | Iteration 14439: processed 4 signals
2026-03-06 11:57:56 | INFO     | polymarket_bot.orchestrator | 🕐 Resolution window [2d]: 477 → 0 markets
2026-03-06 11:57:56 | INFO     | polymarket_bot.scanner | 🔍 Short-duration scan: 44 markets found — unknown=44
2026-03-06 11:57:56 | INFO     | polymarket_bot.orchestrator | 📡 Short-duration: added 44 markets to universe (44 total in scan, 0 already present)
2026-03-06 11:57:58 | INFO     | polymarket_bot.strategies.short_duration_strategy | ⚡ SHORT-DUR: XRP Down cid=0x655c539f87 price=0.495 prob=54.2% edge=4.5¢ mom=-0.704 trend=0.50 vol=0.0009 size=10.1 type=GTC  q=XRP Up or Down - March 6, 12:15PM-12:20PM ET
2026-03-06 11:57:58 | INFO     | polymarket_bot.strategies.short_duration_strategy | ⚡ SHORT-DUR: ETH Down cid=0x2e220b9446 price=0.505 prob=59.0% edge=8.3¢ mom=-1.000 trend=0.75 vol=0.0022 size=9.8 type=GTC  q=Ethereum Up or Down - March 6, 12:15PM-12:20PM ET
2026-03-06 11:57:58 | INFO     | polymarket_bot.strategies.short_duration_strategy | ⚡ SHORT-DUR: SOL Down cid=0xddf2e3a610 price=0.495 prob=59.0% edge=9.2¢ mom=-0.999 trend=0.75 vol=0.0011 size=10.1 type=GTC  q=Solana Up or Down - March 6, 12:15PM-12:20PM ET
2026-03-06 11:57:58 | INFO     | polymarket_bot.strategies.short_duration_strategy | ⚡ SHORT-DUR: ETH Down cid=0xb66225f865 price=0.505 prob=59.0% edge=8.3¢ mom=-1.000 trend=0.75 vol=0.0022 size=9.8 type=GTC  q=Ethereum Up or Down - March 6, 12:20PM-12:25PM ET
2026-03-06 11:57:58 | INFO     | polymarket_bot.orchestrator | Found 4 total signals across all strategies
2026-03-06 11:57:58 | INFO     | polymarket_bot.orchestrator | 📐 Sized 0xddf2e3a610 tier 1/3: $5.00 → $1.99 (25%)
2026-03-06 11:57:58 | INFO     | polymarket_bot.orchestrator | 📐 Sized 0x2e220b9446 tier 1/3: $5.00 → $1.99 (25%)
2026-03-06 11:57:58 | INFO     | polymarket_bot.orchestrator | 📐 Sized 0xb66225f865 tier 1/3: $5.00 → $1.99 (25%)
2026-03-06 11:57:58 | INFO     | polymarket_bot.orchestrator | 📐 Sized 0x655c539f87 tier 1/3: $5.00 → $1.99 (25%)
2026-03-06 11:57:58 | WARNING  | polymarket_bot.unified_executor | 🔴 Circuit breaker TRIPPED — blocking trade
2026-03-06 11:57:58 | WARNING  | __main__ | ❌ Signal execution failed: circuit_breaker_tripped
2026-03-06 11:57:58 | WARNING  | polymarket_bot.unified_executor | 🔴 Circuit breaker TRIPPED — blocking trade
2026-03-06 11:57:58 | WARNING  | __main__ | ❌ Signal execution failed: circuit_breaker_tripped
2026-03-06 11:57:58 | WARNING  | polymarket_bot.unified_executor | 🔴 Circuit breaker TRIPPED — blocking trade
2026-03-06 11:57:58 | WARNING  | __main__ | ❌ Signal execution failed: circuit_breaker_tripped
2026-03-06 11:57:58 | WARNING  | polymarket_bot.unified_executor | 🔴 Circuit breaker TRIPPED — blocking trade
2026-03-06 11:57:58 | WARNING  | __main__ | ❌ Signal execution failed: circuit_breaker_tripped
2026-03-06 11:57:58 | INFO     | __main__ | Iteration 14440: processed 4 signals
2026-03-06 11:58:06 | INFO     | polymarket_bot.orchestrator | 🕐 Resolution window [2d]: 477 → 0 markets
2026-03-06 11:58:07 | INFO     | polymarket_bot.scanner | 🔍 Short-duration scan: 44 markets found — unknown=44
2026-03-06 11:58:07 | INFO     | polymarket_bot.orchestrator | 📡 Short-duration: added 44 markets to universe (44 total in scan, 0 already present)
2026-03-06 11:58:08 | INFO     | polymarket_bot.strategies.short_duration_strategy | ⚡ SHORT-DUR: XRP Down cid=0xa864925b45 price=0.495 prob=54.2% edge=4.5¢ mom=-0.704 trend=0.50 vol=0.0009 size=10.1 type=GTC  q=XRP Up or Down - March 6, 11:55AM-12:00PM ET
2026-03-06 11:58:08 | INFO     | polymarket_bot.strategies.short_duration_strategy | ⚡ SHORT-DUR: ETH Down cid=0x0e8dca3bc7 price=0.325 prob=59.0% edge=26.3¢ mom=-1.000 trend=0.75 vol=0.0022 size=15.3 type=GTC  q=Ethereum Up or Down - March 6, 11:45AM-12:00PM ET
2026-03-06 11:58:08 | INFO     | polymarket_bot.strategies.short_duration_strategy | ⚡ SHORT-DUR: XRP Down cid=0xed4647cead price=0.495 prob=54.2% edge=4.5¢ mom=-0.704 trend=0.50 vol=0.0009 size=10.1 type=GTC  q=XRP Up or Down - March 6, 12:20PM-12:25PM ET
2026-03-06 11:58:08 | INFO     | polymarket_bot.strategies.short_duration_strategy | ⚡ SHORT-DUR: SOL Down cid=0x573bd987fa price=0.495 prob=59.0% edge=9.2¢ mom=-0.999 trend=0.75 vol=0.0011 size=10.1 type=GTC  q=Solana Up or Down - March 6, 12:20PM-12:25PM ET
2026-03-06 11:58:08 | INFO     | polymarket_bot.orchestrator | Found 4 total signals across all strategies
2026-03-06 11:58:08 | INFO     | polymarket_bot.orchestrator | 📐 Sized 0x0e8dca3bc7 tier 1/3: $5.00 → $1.99 (25%)
2026-03-06 11:58:08 | INFO     | polymarket_bot.orchestrator | 📐 Sized 0x573bd987fa tier 1/3: $5.00 → $1.99 (25%)
2026-03-06 11:58:08 | INFO     | polymarket_bot.orchestrator | 📐 Sized 0xa864925b45 tier 1/3: $5.00 → $1.99 (25%)
2026-03-06 11:58:08 | INFO     | polymarket_bot.orchestrator | 📐 Sized 0xed4647cead tier 1/3: $5.00 → $1.99 (25%)
2026-03-06 11:58:08 | WARNING  | polymarket_bot.unified_executor | 🔴 Circuit breaker TRIPPED — blocking trade
2026-03-06 11:58:08 | WARNING  | __main__ | ❌ Signal execution failed: circuit_breaker_tripped
2026-03-06 11:58:08 | WARNING  | polymarket_bot.unified_executor | 🔴 Circuit breaker TRIPPED — blocking trade
2026-03-06 11:58:08 | WARNING  | __main__ | ❌ Signal execution failed: circuit_breaker_tripped
2026-03-06 11:58:08 | WARNING  | polymarket_bot.unified_executor | 🔴 Circuit breaker TRIPPED — blocking trade
2026-03-06 11:58:08 | WARNING  | __main__ | ❌ Signal execution failed: circuit_breaker_tripped
2026-03-06 11:58:08 | WARNING  | polymarket_bot.unified_executor | 🔴 Circuit breaker TRIPPED — blocking trade
2026-03-06 11:58:08 | WARNING  | __main__ | ❌ Signal execution failed: circuit_breaker_tripped
2026-03-06 11:58:08 | INFO     | __main__ | Iteration 14441: processed 4 signals
2026-03-06 11:58:16 | INFO     | polymarket_bot.orchestrator | 🕐 Resolution window [2d]: 477 → 0 markets
2026-03-06 11:58:17 | INFO     | polymarket_bot.scanner | 🔍 Short-duration scan: 44 markets found — unknown=44
2026-03-06 11:58:17 | INFO     | polymarket_bot.orchestrator | 📡 Short-duration: added 44 markets to universe (44 total in scan, 0 already present)
2026-03-06 11:58:19 | INFO     | polymarket_bot.strategies.short_duration_strategy | ⚡ SHORT-DUR: SOL Down cid=0xc4cbfe23b7 price=0.495 prob=59.0% edge=9.2¢ mom=-0.999 trend=0.75 vol=0.0011 size=10.1 type=GTC  q=Solana Up or Down - March 6, 11:55AM-12:00PM ET
2026-03-06 11:58:19 | INFO     | polymarket_bot.strategies.short_duration_strategy | ⚡ SHORT-DUR: ETH Down cid=0x62af176cac price=0.505 prob=59.0% edge=8.2¢ mom=-0.999 trend=0.75 vol=0.0022 size=9.8 type=GTC  q=Ethereum Up or Down - March 6, 12:00PM-12:05PM ET
2026-03-06 11:58:19 | INFO     | polymarket_bot.strategies.short_duration_strategy | ⚡ SHORT-DUR: SOL Down cid=0x05b93fd152 price=0.505 prob=59.0% edge=8.2¢ mom=-0.999 trend=0.75 vol=0.0011 size=9.8 type=GTC  q=Solana Up or Down - March 6, 12:00PM-12:05PM ET
2026-03-06 11:58:19 | INFO     | polymarket_bot.orchestrator | Found 3 total signals across all strategies
2026-03-06 11:58:19 | INFO     | polymarket_bot.orchestrator | 📐 Sized 0xc4cbfe23b7 tier 1/3: $5.00 → $1.99 (25%)
2026-03-06 11:58:19 | INFO     | polymarket_bot.orchestrator | 📐 Sized 0x62af176cac tier 1/3: $5.00 → $1.99 (25%)
2026-03-06 11:58:19 | INFO     | polymarket_bot.orchestrator | 📐 Sized 0x05b93fd152 tier 1/3: $5.00 → $1.99 (25%)
2026-03-06 11:58:19 | WARNING  | polymarket_bot.unified_executor | 🔴 Circuit breaker TRIPPED — blocking trade
2026-03-06 11:58:19 | WARNING  | __main__ | ❌ Signal execution failed: circuit_breaker_tripped
2026-03-06 11:58:19 | WARNING  | polymarket_bot.unified_executor | 🔴 Circuit breaker TRIPPED — blocking trade
2026-03-06 11:58:19 | WARNING  | __main__ | ❌ Signal execution failed: circuit_breaker_tripped
2026-03-06 11:58:19 | WARNING  | polymarket_bot.unified_executor | 🔴 Circuit breaker TRIPPED — blocking trade
2026-03-06 11:58:19 | WARNING  | __main__ | ❌ Signal execution failed: circuit_breaker_tripped
2026-03-06 11:58:19 | INFO     | __main__ | Iteration 14442: processed 3 signals
2026-03-06 11:58:26 | INFO     | polymarket_bot.orchestrator | 🕐 Resolution window [2d]: 477 → 0 markets
2026-03-06 11:58:27 | INFO     | polymarket_bot.scanner | 🔍 Short-duration scan: 44 markets found — unknown=44
2026-03-06 11:58:27 | INFO     | polymarket_bot.orchestrator | 📡 Short-duration: added 44 markets to universe (44 total in scan, 0 already present)
2026-03-06 11:58:27 | INFO     | polymarket_bot.strategies.short_duration_strategy | ⚡ SHORT-DUR: SOL Down cid=0x32a116c4f0 price=0.495 prob=59.0% edge=9.2¢ mom=-0.999 trend=0.75 vol=0.0011 size=10.1 type=GTC  q=Solana Up or Down - March 6, 12:05PM-12:10PM ET
2026-03-06 11:58:27 | INFO     | polymarket_bot.strategies.short_duration_strategy | ⚡ SHORT-DUR: ETH Down cid=0xaa911a8609 price=0.505 prob=59.0% edge=8.2¢ mom=-0.999 trend=0.75 vol=0.0022 size=9.8 type=GTC  q=Ethereum Up or Down - March 6, 12:05PM-12:10PM ET
2026-03-06 11:58:27 | INFO     | polymarket_bot.strategies.short_duration_strategy | ⚡ SHORT-DUR: XRP Down cid=0x97d2ac34a4 price=0.495 prob=54.2% edge=4.5¢ mom=-0.704 trend=0.50 vol=0.0009 size=10.1 type=GTC  q=XRP Up or Down - March 6, 12:05PM-12:10PM ET
2026-03-06 11:58:27 | INFO     | polymarket_bot.strategies.short_duration_strategy | ⚡ SHORT-DUR: ETH Down cid=0xa20173c6c0 price=0.495 prob=59.0% edge=9.2¢ mom=-0.999 trend=0.75 vol=0.0022 size=10.1 type=GTC  q=Ethereum Up or Down - March 6, 12:00PM-12:15PM ET
2026-03-06 11:58:27 | INFO     | polymarket_bot.orchestrator | Found 4 total signals across all strategies
2026-03-06 11:58:27 | INFO     | polymarket_bot.orchestrator | 📐 Sized 0xa20173c6c0 tier 1/3: $5.00 → $1.99 (25%)
2026-03-06 11:58:27 | INFO     | polymarket_bot.orchestrator | 📐 Sized 0x32a116c4f0 tier 1/3: $5.00 → $1.99 (25%)
2026-03-06 11:58:27 | INFO     | polymarket_bot.orchestrator | 📐 Sized 0xaa911a8609 tier 1/3: $5.00 → $1.99 (25%)
2026-03-06 11:58:27 | INFO     | polymarket_bot.orchestrator | 📐 Sized 0x97d2ac34a4 tier 1/3: $5.00 → $1.99 (25%)
2026-03-06 11:58:27 | WARNING  | polymarket_bot.unified_executor | 🔴 Circuit breaker TRIPPED — blocking trade
2026-03-06 11:58:27 | WARNING  | __main__ | ❌ Signal execution failed: circuit_breaker_tripped
2026-03-06 11:58:27 | WARNING  | polymarket_bot.unified_executor | 🔴 Circuit breaker TRIPPED — blocking trade
2026-03-06 11:58:27 | WARNING  | __main__ | ❌ Signal execution failed: circuit_breaker_tripped
2026-03-06 11:58:27 | WARNING  | polymarket_bot.unified_executor | 🔴 Circuit breaker TRIPPED — blocking trade
2026-03-06 11:58:27 | WARNING  | __main__ | ❌ Signal execution failed: circuit_breaker_tripped
2026-03-06 11:58:27 | WARNING  | polymarket_bot.unified_executor | 🔴 Circuit breaker TRIPPED — blocking trade
2026-03-06 11:58:27 | WARNING  | __main__ | ❌ Signal execution failed: circuit_breaker_tripped
2026-03-06 11:58:27 | INFO     | __main__ | ======================================================================
2026-03-06 11:58:27 | INFO     | __main__ | ⏱️  UPTIME: 2409.0 minutes
2026-03-06 11:58:27 | INFO     | __main__ | 📊 SIGNALS: seen=56815 executed=180
2026-03-06 11:58:27 | INFO     | __main__ | 📈 EXECUTIONS: total=54236 success=180 failed=0
2026-03-06 11:58:27 | INFO     | __main__ | 🎯 STRATEGIES: 5 enabled
2026-03-06 11:58:27 | INFO     | __main__ | ⚡ SHORT-DURATION: 44 markets — unknown=44
2026-03-06 11:58:27 | INFO     | __main__ | 💼 WALLET: equity=$11.78 start=$40.00 adj=$0.00 size_mult=x1.00 dyn_max=$8.00
2026-03-06 11:58:27 | INFO     | __main__ | ⚙️  EXECUTION PROFILE: aggressive_maker
2026-03-06 11:58:27 | INFO     | __main__ | 🛡️  HEDGING: events=0 forced=0
2026-03-06 11:58:27 | INFO     | __main__ | 🧾 OPEN MAKER (paper): gtc_total=1
2026-03-06 11:58:27 | INFO     | __main__ |    Top open GTC by condition: 0xb4a0b846…:1
2026-03-06 11:58:27 | INFO     | __main__ | 🏦 Top inventory by condition (cost): 0xfe09259f…:$1.99, 0xdd5ab6d0…:$1.99, 0x69bd84ce…:$1.99
2026-03-06 11:58:27 | INFO     | __main__ | ──────────────────────────────────────────────────────────────────────
2026-03-06 11:58:27 | INFO     | __main__ | 💼 PORTFOLIO:
2026-03-06 11:58:27 | INFO     | __main__ |    Open Positions: 5
2026-03-06 11:58:27 | INFO     | __main__ |    Closed Positions: 169
2026-03-06 11:58:27 | INFO     | __main__ |    Redeemable: 0
2026-03-06 11:58:27 | INFO     | __main__ |    Cost Basis: $9.95
2026-03-06 11:58:27 | INFO     | __main__ | ──────────────────────────────────────────────────────────────────────
2026-03-06 11:58:27 | INFO     | __main__ | 💰 PROFITABILITY:
2026-03-06 11:58:27 | INFO     | __main__ |      Wallet: $11.78  (started $40.00)
2026-03-06 11:58:27 | INFO     | __main__ |      Realized P&L: $-28.2244
2026-03-06 11:58:27 | INFO     | __main__ |      Unrealized P&L: $0.0999
2026-03-06 11:58:27 | INFO     | __main__ |      Total P&L: $-28.1245
2026-03-06 11:58:27 | INFO     | __main__ |      Open Cost Basis: $9.95
2026-03-06 11:58:27 | INFO     | __main__ |      Realized ROI: -283.67%
2026-03-06 11:58:27 | INFO     | __main__ |    Closed: 169 positions
2026-03-06 11:58:27 | INFO     | __main__ |    Redeemed: 0 positions
2026-03-06 11:58:27 | INFO     | __main__ |    Total Realized: $-28.2244
2026-03-06 11:58:27 | INFO     | __main__ | ──────────────────────────────────────────────────────────────────────
2026-03-06 11:58:27 | INFO     | __main__ | 📊 STRATEGY BREAKDOWN (actual P&L):
2026-03-06 11:58:27 | INFO     | __main__ |    short_duration: 180 trades, realized=$-28.2244, total=$-28.1245
2026-03-06 11:58:27 | INFO     | __main__ | ──────────────────────────────────────────────────────────────────────
2026-03-06 11:58:27 | INFO     | __main__ | 🔁 QUOTE CHURN (paper): canceled=5 requoted=0
2026-03-06 11:58:27 | INFO     | __main__ | ──────────────────────────────────────────────────────────────────────
2026-03-06 11:58:27 | INFO     | __main__ | 🔌 CIRCUIT BREAKER: state=cooldown daily_loss=$0.00 drawdown=0.0% consec_losses=0 trips=77
2026-03-06 11:58:27 | INFO     | __main__ | ──────────────────────────────────────────────────────────────────────
2026-03-06 11:58:27 | INFO     | __main__ | 🧠 STRATEGY ATTRIBUTION (actual):
2026-03-06 11:58:27 | INFO     | __main__ |    short_duration: cost=$9.95 realized=$-28.2244 unrealized=$0.0999
2026-03-06 11:58:27 | INFO     | __main__ | ======================================================================
2026-03-06 11:58:27 | INFO     | __main__ | Iteration 14443: processed 4 signals
2026-03-06 11:58:36 | INFO     | polymarket_bot.orchestrator | 🕐 Resolution window [2d]: 477 → 0 markets
2026-03-06 11:58:37 | INFO     | polymarket_bot.scanner | 🔍 Short-duration scan: 44 markets found — unknown=44
2026-03-06 11:58:37 | INFO     | polymarket_bot.orchestrator | 📡 Short-duration: added 44 markets to universe (44 total in scan, 0 already present)
2026-03-06 11:58:39 | INFO     | polymarket_bot.strategies.short_duration_strategy | ⚡ SHORT-DUR: BTC Down cid=0x4aa05f7c17 price=0.565 prob=59.0% edge=2.3¢ mom=-1.000 trend=0.75 vol=0.0018 size=8.8 type=GTC  q=Bitcoin Up or Down - March 6, 11:45AM-12:00PM ET
2026-03-06 11:58:39 | INFO     | polymarket_bot.strategies.short_duration_strategy | ⚡ SHORT-DUR: XRP Down cid=0xe427d79c9a price=0.155 prob=55.5% edge=39.9¢ mom=-0.912 trend=0.50 vol=0.0009 size=32.1 type=GTC  q=XRP Up or Down - March 6, 11AM ET
2026-03-06 11:58:39 | INFO     | polymarket_bot.strategies.short_duration_strategy | ⚡ SHORT-DUR: BTC Down cid=0x93e0253b0f price=0.335 prob=59.0% edge=25.3¢ mom=-1.000 trend=0.75 vol=0.0018 size=14.8 type=GTC  q=Bitcoin Up or Down - March 6, 11AM ET
2026-03-06 11:58:39 | INFO     | polymarket_bot.strategies.short_duration_strategy | ⚡ SHORT-DUR: BTC Down cid=0x6c6a68e9c4 price=0.495 prob=59.0% edge=9.2¢ mom=-1.000 trend=0.75 vol=0.0018 size=10.1 type=GTC  q=Bitcoin Up or Down - March 6, 11:55AM-12:00PM ET
2026-03-06 11:58:39 | INFO     | polymarket_bot.orchestrator | Found 4 total signals across all strategies
2026-03-06 11:58:39 | INFO     | polymarket_bot.orchestrator | 📐 Sized 0xe427d79c9a tier 1/3: $5.00 → $1.99 (25%)
2026-03-06 11:58:39 | INFO     | polymarket_bot.orchestrator | 📐 Sized 0x93e0253b0f tier 1/3: $5.00 → $1.99 (25%)
2026-03-06 11:58:39 | INFO     | polymarket_bot.orchestrator | 📐 Sized 0x6c6a68e9c4 tier 1/3: $5.00 → $1.99 (25%)
2026-03-06 11:58:39 | INFO     | polymarket_bot.orchestrator | 📐 Sized 0x4aa05f7c17 tier 1/3: $5.00 → $1.99 (25%)
2026-03-06 11:58:39 | WARNING  | polymarket_bot.unified_executor | 🔴 Circuit breaker TRIPPED — blocking trade
2026-03-06 11:58:39 | WARNING  | __main__ | ❌ Signal execution failed: circuit_breaker_tripped
2026-03-06 11:58:39 | WARNING  | polymarket_bot.unified_executor | 🔴 Circuit breaker TRIPPED — blocking trade
2026-03-06 11:58:39 | WARNING  | __main__ | ❌ Signal execution failed: circuit_breaker_tripped
2026-03-06 11:58:39 | WARNING  | polymarket_bot.unified_executor | 🔴 Circuit breaker TRIPPED — blocking trade
2026-03-06 11:58:39 | WARNING  | __main__ | ❌ Signal execution failed: circuit_breaker_tripped
2026-03-06 11:58:39 | WARNING  | polymarket_bot.unified_executor | 🔴 Circuit breaker TRIPPED — blocking trade
2026-03-06 11:58:39 | WARNING  | __main__ | ❌ Signal execution failed: circuit_breaker_tripped
2026-03-06 11:58:39 | INFO     | __main__ | Iteration 14444: processed 4 signals
2026-03-06 11:58:46 | INFO     | polymarket_bot.orchestrator | 🕐 Resolution window [2d]: 477 → 0 markets
2026-03-06 11:58:46 | INFO     | polymarket_bot.scanner | 🔍 Short-duration scan: 44 markets found — unknown=44
2026-03-06 11:58:46 | INFO     | polymarket_bot.orchestrator | 📡 Short-duration: added 44 markets to universe (44 total in scan, 0 already present)
2026-03-06 11:58:47 | INFO     | polymarket_bot.strategies.short_duration_strategy | ⚡ SHORT-DUR: ETH Down cid=0x1c89a881f1 price=0.500 prob=59.0% edge=8.7¢ mom=-1.000 trend=0.75 vol=0.0022 size=9.9 type=GTC  q=Ethereum Up or Down - March 6, 11:55AM-12:00PM ET
2026-03-06 11:58:47 | INFO     | polymarket_bot.strategies.short_duration_strategy | ⚡ SHORT-DUR: XRP Down cid=0xe8460623a8 price=0.495 prob=55.5% edge=5.7¢ mom=-0.912 trend=0.50 vol=0.0009 size=10.1 type=GTC  q=XRP Up or Down - March 6, 12:00PM-12:05PM ET
2026-03-06 11:58:47 | INFO     | polymarket_bot.strategies.short_duration_strategy | ⚡ SHORT-DUR: BTC Down cid=0x703ccc81a9 price=0.495 prob=59.0% edge=9.2¢ mom=-1.000 trend=0.75 vol=0.0018 size=10.1 type=GTC  q=Bitcoin Up or Down - March 6, 12:00PM-12:05PM ET
2026-03-06 11:58:47 | INFO     | polymarket_bot.strategies.short_duration_strategy | ⚡ SHORT-DUR: BTC Down cid=0x6a3cc2a337 price=0.495 prob=59.0% edge=9.2¢ mom=-1.000 trend=0.75 vol=0.0018 size=10.1 type=GTC  q=Bitcoin Up or Down - March 6, 12:05PM-12:10PM ET
2026-03-06 11:58:47 | INFO     | polymarket_bot.orchestrator | Found 4 total signals across all strategies
2026-03-06 11:58:47 | INFO     | polymarket_bot.orchestrator | 📐 Sized 0x703ccc81a9 tier 1/3: $5.00 → $1.99 (25%)
2026-03-06 11:58:47 | INFO     | polymarket_bot.orchestrator | 📐 Sized 0x6a3cc2a337 tier 1/3: $5.00 → $1.99 (25%)
2026-03-06 11:58:47 | INFO     | polymarket_bot.orchestrator | 📐 Sized 0x1c89a881f1 tier 1/3: $5.00 → $1.99 (25%)
2026-03-06 11:58:47 | INFO     | polymarket_bot.orchestrator | 📐 Sized 0xe8460623a8 tier 1/3: $5.00 → $1.99 (25%)
2026-03-06 11:58:47 | WARNING  | polymarket_bot.unified_executor | 🔴 Circuit breaker TRIPPED — blocking trade
2026-03-06 11:58:47 | WARNING  | __main__ | ❌ Signal execution failed: circuit_breaker_tripped
2026-03-06 11:58:47 | WARNING  | polymarket_bot.unified_executor | 🔴 Circuit breaker TRIPPED — blocking trade
2026-03-06 11:58:47 | WARNING  | __main__ | ❌ Signal execution failed: circuit_breaker_tripped
2026-03-06 11:58:47 | WARNING  | polymarket_bot.unified_executor | 🔴 Circuit breaker TRIPPED — blocking trade
2026-03-06 11:58:47 | WARNING  | __main__ | ❌ Signal execution failed: circuit_breaker_tripped
2026-03-06 11:58:47 | WARNING  | polymarket_bot.unified_executor | 🔴 Circuit breaker TRIPPED — blocking trade
2026-03-06 11:58:47 | WARNING  | __main__ | ❌ Signal execution failed: circuit_breaker_tripped
2026-03-06 11:58:47 | INFO     | __main__ | Iteration 14445: processed 4 signals
2026-03-06 11:58:56 | INFO     | polymarket_bot.orchestrator | 🕐 Resolution window [2d]: 477 → 0 markets
2026-03-06 11:58:56 | INFO     | polymarket_bot.scanner | 🔍 Short-duration scan: 44 markets found — unknown=44
2026-03-06 11:58:56 | INFO     | polymarket_bot.orchestrator | 📡 Short-duration: added 44 markets to universe (44 total in scan, 0 already present)
2026-03-06 11:58:57 | INFO     | polymarket_bot.strategies.short_duration_strategy | ⚡ SHORT-DUR: XRP Down cid=0x66c3d17158 price=0.355 prob=55.5% edge=19.8¢ mom=-0.912 trend=0.50 vol=0.0009 size=14.0 type=GTC  q=XRP Up or Down - March 6, 11:45AM-12:00PM ET
2026-03-06 11:58:57 | INFO     | polymarket_bot.strategies.short_duration_strategy | ⚡ SHORT-DUR: SOL Down cid=0x9e462b77b0 price=0.455 prob=59.0% edge=13.3¢ mom=-1.000 trend=0.75 vol=0.0011 size=10.9 type=GTC  q=Solana Up or Down - March 6, 11:45AM-12:00PM ET
2026-03-06 11:58:57 | INFO     | polymarket_bot.strategies.short_duration_strategy | ⚡ SHORT-DUR: SOL Down cid=0x065dbaaa20 price=0.395 prob=59.0% edge=19.3¢ mom=-1.000 trend=0.75 vol=0.0011 size=12.6 type=GTC  q=Solana Up or Down - March 6, 11AM ET
2026-03-06 11:58:57 | INFO     | polymarket_bot.strategies.short_duration_strategy | ⚡ SHORT-DUR: ETH Down cid=0xa59d1c7711 price=0.535 prob=59.0% edge=5.3¢ mom=-1.000 trend=0.75 vol=0.0022 size=9.3 type=GTC  q=Ethereum Up or Down - March 6, 11AM ET
2026-03-06 11:58:57 | INFO     | polymarket_bot.orchestrator | Found 4 total signals across all strategies
2026-03-06 11:58:57 | INFO     | polymarket_bot.orchestrator | 📐 Sized 0x66c3d17158 tier 1/3: $5.00 → $1.99 (25%)
2026-03-06 11:58:57 | INFO     | polymarket_bot.orchestrator | 📐 Sized 0x065dbaaa20 tier 1/3: $5.00 → $1.99 (25%)
2026-03-06 11:58:57 | INFO     | polymarket_bot.orchestrator | 📐 Sized 0x9e462b77b0 tier 1/3: $5.00 → $1.99 (25%)
2026-03-06 11:58:57 | INFO     | polymarket_bot.orchestrator | 📐 Sized 0xa59d1c7711 tier 1/3: $5.00 → $1.99 (25%)
2026-03-06 11:58:57 | WARNING  | polymarket_bot.unified_executor | 🔴 Circuit breaker TRIPPED — blocking trade
2026-03-06 11:58:57 | WARNING  | __main__ | ❌ Signal execution failed: circuit_breaker_tripped
2026-03-06 11:58:57 | WARNING  | polymarket_bot.unified_executor | 🔴 Circuit breaker TRIPPED — blocking trade
2026-03-06 11:58:57 | WARNING  | __main__ | ❌ Signal execution failed: circuit_breaker_tripped
2026-03-06 11:58:57 | WARNING  | polymarket_bot.unified_executor | 🔴 Circuit breaker TRIPPED — blocking trade
2026-03-06 11:58:57 | WARNING  | __main__ | ❌ Signal execution failed: circuit_breaker_tripped
2026-03-06 11:58:57 | WARNING  | polymarket_bot.unified_executor | 🔴 Circuit breaker TRIPPED — blocking trade
2026-03-06 11:58:57 | WARNING  | __main__ | ❌ Signal execution failed: circuit_breaker_tripped
2026-03-06 11:58:57 | INFO     | __main__ | Iteration 14446: processed 4 signals
2026-03-06 11:59:06 | INFO     | polymarket_bot.orchestrator | 🕐 Resolution window [2d]: 477 → 0 markets
2026-03-06 11:59:06 | INFO     | polymarket_bot.scanner | 🔍 Short-duration scan: 44 markets found — unknown=44
2026-03-06 11:59:06 | INFO     | polymarket_bot.orchestrator | 📡 Short-duration: added 44 markets to universe (44 total in scan, 0 already present)
2026-03-06 11:59:07 | INFO     | polymarket_bot.strategies.short_duration_strategy | ⚡ SHORT-DUR: BTC Down cid=0x7034ed5c09 price=0.495 prob=59.0% edge=9.2¢ mom=-1.000 trend=0.75 vol=0.0018 size=10.1 type=GTC  q=Bitcoin Up or Down - March 6, 12:00PM-12:15PM ET
2026-03-06 11:59:07 | INFO     | polymarket_bot.strategies.short_duration_strategy | ⚡ SHORT-DUR: BTC Down cid=0x8504132b88 price=0.495 prob=59.0% edge=9.2¢ mom=-1.000 trend=0.75 vol=0.0018 size=10.1 type=GTC  q=Bitcoin Up or Down - March 6, 12:10PM-12:15PM ET
2026-03-06 11:59:07 | INFO     | polymarket_bot.strategies.short_duration_strategy | ⚡ SHORT-DUR: ETH Down cid=0x430aa33115 price=0.500 prob=59.0% edge=8.7¢ mom=-1.000 trend=0.75 vol=0.0022 size=9.9 type=GTC  q=Ethereum Up or Down - March 6, 12:10PM-12:15PM ET
2026-03-06 11:59:07 | INFO     | polymarket_bot.strategies.short_duration_strategy | ⚡ SHORT-DUR: XRP Down cid=0xd3a2b67836 price=0.495 prob=55.5% edge=5.7¢ mom=-0.912 trend=0.50 vol=0.0009 size=10.1 type=GTC  q=XRP Up or Down - March 6, 12:10PM-12:15PM ET
2026-03-06 11:59:07 | INFO     | polymarket_bot.orchestrator | Found 4 total signals across all strategies
2026-03-06 11:59:07 | INFO     | polymarket_bot.orchestrator | 📐 Sized 0x7034ed5c09 tier 1/3: $5.00 → $1.99 (25%)
2026-03-06 11:59:07 | INFO     | polymarket_bot.orchestrator | 📐 Sized 0x8504132b88 tier 1/3: $5.00 → $1.99 (25%)
2026-03-06 11:59:07 | INFO     | polymarket_bot.orchestrator | 📐 Sized 0x430aa33115 tier 1/3: $5.00 → $1.99 (25%)
2026-03-06 11:59:07 | INFO     | polymarket_bot.orchestrator | 📐 Sized 0xd3a2b67836 tier 1/3: $5.00 → $1.99 (25%)
2026-03-06 11:59:07 | WARNING  | polymarket_bot.unified_executor | 🔴 Circuit breaker TRIPPED — blocking trade
2026-03-06 11:59:07 | WARNING  | __main__ | ❌ Signal execution failed: circuit_breaker_tripped
2026-03-06 11:59:07 | WARNING  | polymarket_bot.unified_executor | 🔴 Circuit breaker TRIPPED — blocking trade
2026-03-06 11:59:07 | WARNING  | __main__ | ❌ Signal execution failed: circuit_breaker_tripped
2026-03-06 11:59:07 | WARNING  | polymarket_bot.unified_executor | 🔴 Circuit breaker TRIPPED — blocking trade
2026-03-06 11:59:07 | WARNING  | __main__ | ❌ Signal execution failed: circuit_breaker_tripped
2026-03-06 11:59:07 | WARNING  | polymarket_bot.unified_executor | 🔴 Circuit breaker TRIPPED — blocking trade
2026-03-06 11:59:07 | WARNING  | __main__ | ❌ Signal execution failed: circuit_breaker_tripped
2026-03-06 11:59:07 | INFO     | __main__ | Iteration 14447: processed 4 signals
2026-03-06 11:59:16 | INFO     | polymarket_bot.orchestrator | 🕐 Resolution window [2d]: 477 → 0 markets
2026-03-06 11:59:16 | INFO     | polymarket_bot.scanner | 🔍 Short-duration scan: 44 markets found — unknown=44
2026-03-06 11:59:16 | INFO     | polymarket_bot.orchestrator | 📡 Short-duration: added 44 markets to universe (44 total in scan, 0 already present)
2026-03-06 11:59:17 | INFO     | polymarket_bot.strategies.short_duration_strategy | ⚡ SHORT-DUR: XRP Down cid=0xa864925b45 price=0.505 prob=55.5% edge=4.7¢ mom=-0.912 trend=0.50 vol=0.0009 size=9.8 type=GTC  q=XRP Up or Down - March 6, 11:55AM-12:00PM ET
2026-03-06 11:59:17 | INFO     | polymarket_bot.strategies.short_duration_strategy | ⚡ SHORT-DUR: SOL Down cid=0x5d3ee6f01a price=0.495 prob=59.0% edge=9.2¢ mom=-1.000 trend=0.75 vol=0.0011 size=10.1 type=GTC  q=Solana Up or Down - March 6, 12:10PM-12:15PM ET
2026-03-06 11:59:17 | INFO     | polymarket_bot.strategies.short_duration_strategy | ⚡ SHORT-DUR: SOL Down cid=0x7511354ba0 price=0.490 prob=59.0% edge=9.8¢ mom=-1.000 trend=0.75 vol=0.0011 size=10.2 type=GTC  q=Solana Up or Down - March 6, 12:00PM-12:15PM ET
2026-03-06 11:59:17 | INFO     | polymarket_bot.strategies.short_duration_strategy | ⚡ SHORT-DUR: XRP Down cid=0x2046289d24 price=0.495 prob=55.5% edge=5.7¢ mom=-0.912 trend=0.50 vol=0.0009 size=10.1 type=GTC  q=XRP Up or Down - March 6, 12:00PM-12:15PM ET
2026-03-06 11:59:17 | INFO     | polymarket_bot.orchestrator | Found 4 total signals across all strategies
2026-03-06 11:59:17 | INFO     | polymarket_bot.orchestrator | 📐 Sized 0x7511354ba0 tier 1/3: $5.00 → $1.99 (25%)
2026-03-06 11:59:17 | INFO     | polymarket_bot.orchestrator | 📐 Sized 0x5d3ee6f01a tier 1/3: $5.00 → $1.99 (25%)
2026-03-06 11:59:17 | INFO     | polymarket_bot.orchestrator | 📐 Sized 0x2046289d24 tier 1/3: $5.00 → $1.99 (25%)
2026-03-06 11:59:17 | INFO     | polymarket_bot.orchestrator | 📐 Sized 0xa864925b45 tier 1/3: $5.00 → $1.99 (25%)
2026-03-06 11:59:17 | WARNING  | polymarket_bot.unified_executor | 🔴 Circuit breaker TRIPPED — blocking trade
2026-03-06 11:59:17 | WARNING  | __main__ | ❌ Signal execution failed: circuit_breaker_tripped
2026-03-06 11:59:17 | WARNING  | polymarket_bot.unified_executor | 🔴 Circuit breaker TRIPPED — blocking trade
2026-03-06 11:59:17 | WARNING  | __main__ | ❌ Signal execution failed: circuit_breaker_tripped
2026-03-06 11:59:17 | WARNING  | polymarket_bot.unified_executor | 🔴 Circuit breaker TRIPPED — blocking trade
2026-03-06 11:59:17 | WARNING  | __main__ | ❌ Signal execution failed: circuit_breaker_tripped
2026-03-06 11:59:17 | WARNING  | polymarket_bot.unified_executor | 🔴 Circuit breaker TRIPPED — blocking trade
2026-03-06 11:59:17 | WARNING  | __main__ | ❌ Signal execution failed: circuit_breaker_tripped
2026-03-06 11:59:17 | INFO     | __main__ | Iteration 14448: processed 4 signals
2026-03-06 11:59:26 | INFO     | polymarket_bot.orchestrator | 🕐 Resolution window [2d]: 477 → 0 markets
2026-03-06 11:59:26 | INFO     | polymarket_bot.scanner | 🔍 Short-duration scan: 44 markets found — unknown=44
2026-03-06 11:59:26 | INFO     | polymarket_bot.orchestrator | 📡 Short-duration: added 44 markets to universe (44 total in scan, 0 already present)
2026-03-06 11:59:27 | INFO     | polymarket_bot.strategies.short_duration_strategy | ⚡ SHORT-DUR: SOL Down cid=0xc4cbfe23b7 price=0.495 prob=59.0% edge=9.2¢ mom=-1.000 trend=0.75 vol=0.0011 size=10.1 type=GTC  q=Solana Up or Down - March 6, 11:55AM-12:00PM ET
2026-03-06 11:59:27 | INFO     | polymarket_bot.strategies.short_duration_strategy | ⚡ SHORT-DUR: ETH Down cid=0x0e8dca3bc7 price=0.325 prob=59.0% edge=26.3¢ mom=-1.000 trend=0.75 vol=0.0022 size=15.3 type=GTC  q=Ethereum Up or Down - March 6, 11:45AM-12:00PM ET
2026-03-06 11:59:27 | INFO     | polymarket_bot.strategies.short_duration_strategy | ⚡ SHORT-DUR: ETH Down cid=0x62af176cac price=0.505 prob=59.0% edge=8.3¢ mom=-1.000 trend=0.75 vol=0.0022 size=9.8 type=GTC  q=Ethereum Up or Down - March 6, 12:00PM-12:05PM ET
2026-03-06 11:59:27 | INFO     | polymarket_bot.strategies.short_duration_strategy | ⚡ SHORT-DUR: SOL Down cid=0x05b93fd152 price=0.505 prob=59.0% edge=8.2¢ mom=-1.000 trend=0.75 vol=0.0011 size=9.8 type=GTC  q=Solana Up or Down - March 6, 12:00PM-12:05PM ET
2026-03-06 11:59:27 | INFO     | polymarket_bot.orchestrator | Found 4 total signals across all strategies
2026-03-06 11:59:27 | INFO     | polymarket_bot.orchestrator | 📐 Sized 0x0e8dca3bc7 tier 1/3: $5.00 → $1.99 (25%)
2026-03-06 11:59:27 | INFO     | polymarket_bot.orchestrator | 📐 Sized 0xc4cbfe23b7 tier 1/3: $5.00 → $1.99 (25%)
2026-03-06 11:59:27 | INFO     | polymarket_bot.orchestrator | 📐 Sized 0x62af176cac tier 1/3: $5.00 → $1.99 (25%)
2026-03-06 11:59:27 | INFO     | polymarket_bot.orchestrator | 📐 Sized 0x05b93fd152 tier 1/3: $5.00 → $1.99 (25%)
2026-03-06 11:59:27 | WARNING  | polymarket_bot.unified_executor | 🔴 Circuit breaker TRIPPED — blocking trade
2026-03-06 11:59:27 | WARNING  | __main__ | ❌ Signal execution failed: circuit_breaker_tripped
2026-03-06 11:59:27 | WARNING  | polymarket_bot.unified_executor | 🔴 Circuit breaker TRIPPED — blocking trade
2026-03-06 11:59:27 | WARNING  | __main__ | ❌ Signal execution failed: circuit_breaker_tripped
2026-03-06 11:59:27 | WARNING  | polymarket_bot.unified_executor | 🔴 Circuit breaker TRIPPED — blocking trade
2026-03-06 11:59:27 | WARNING  | __main__ | ❌ Signal execution failed: circuit_breaker_tripped
2026-03-06 11:59:27 | WARNING  | polymarket_bot.unified_executor | 🔴 Circuit breaker TRIPPED — blocking trade
2026-03-06 11:59:27 | WARNING  | __main__ | ❌ Signal execution failed: circuit_breaker_tripped
2026-03-06 11:59:27 | INFO     | __main__ | Iteration 14449: processed 4 signals
2026-03-06 11:59:36 | INFO     | polymarket_bot.orchestrator | 🕐 Resolution window [2d]: 477 → 0 markets
2026-03-06 11:59:36 | INFO     | polymarket_bot.scanner | 🔍 Short-duration scan: 44 markets found — unknown=44
2026-03-06 11:59:36 | INFO     | polymarket_bot.orchestrator | 📡 Short-duration: added 44 markets to universe (44 total in scan, 0 already present)
2026-03-06 11:59:37 | INFO     | polymarket_bot.strategies.short_duration_strategy | ⚡ SHORT-DUR: SOL Down cid=0x32a116c4f0 price=0.495 prob=59.0% edge=9.2¢ mom=-1.000 trend=0.75 vol=0.0011 size=10.1 type=GTC  q=Solana Up or Down - March 6, 12:05PM-12:10PM ET
2026-03-06 11:59:37 | INFO     | polymarket_bot.strategies.short_duration_strategy | ⚡ SHORT-DUR: ETH Down cid=0xaa911a8609 price=0.505 prob=59.0% edge=8.3¢ mom=-1.000 trend=0.75 vol=0.0022 size=9.8 type=GTC  q=Ethereum Up or Down - March 6, 12:05PM-12:10PM ET
2026-03-06 11:59:37 | INFO     | polymarket_bot.strategies.short_duration_strategy | ⚡ SHORT-DUR: XRP Down cid=0x97d2ac34a4 price=0.495 prob=55.5% edge=5.7¢ mom=-0.912 trend=0.50 vol=0.0009 size=10.1 type=GTC  q=XRP Up or Down - March 6, 12:05PM-12:10PM ET
2026-03-06 11:59:37 | INFO     | polymarket_bot.strategies.short_duration_strategy | ⚡ SHORT-DUR: ETH Down cid=0xa20173c6c0 price=0.495 prob=59.0% edge=9.3¢ mom=-1.000 trend=0.75 vol=0.0022 size=10.1 type=GTC  q=Ethereum Up or Down - March 6, 12:00PM-12:15PM ET
2026-03-06 11:59:37 | INFO     | polymarket_bot.orchestrator | Found 4 total signals across all strategies
2026-03-06 11:59:37 | INFO     | polymarket_bot.orchestrator | 📐 Sized 0xa20173c6c0 tier 1/3: $5.00 → $1.99 (25%)
2026-03-06 11:59:37 | INFO     | polymarket_bot.orchestrator | 📐 Sized 0x32a116c4f0 tier 1/3: $5.00 → $1.99 (25%)
2026-03-06 11:59:37 | INFO     | polymarket_bot.orchestrator | 📐 Sized 0xaa911a8609 tier 1/3: $5.00 → $1.99 (25%)
2026-03-06 11:59:37 | INFO     | polymarket_bot.orchestrator | 📐 Sized 0x97d2ac34a4 tier 1/3: $5.00 → $1.99 (25%)
2026-03-06 11:59:37 | WARNING  | polymarket_bot.unified_executor | 🔴 Circuit breaker TRIPPED — blocking trade
2026-03-06 11:59:37 | WARNING  | __main__ | ❌ Signal execution failed: circuit_breaker_tripped
2026-03-06 11:59:37 | WARNING  | polymarket_bot.unified_executor | 🔴 Circuit breaker TRIPPED — blocking trade
2026-03-06 11:59:37 | WARNING  | __main__ | ❌ Signal execution failed: circuit_breaker_tripped
2026-03-06 11:59:37 | WARNING  | polymarket_bot.unified_executor | 🔴 Circuit breaker TRIPPED — blocking trade
2026-03-06 11:59:37 | WARNING  | __main__ | ❌ Signal execution failed: circuit_breaker_tripped
2026-03-06 11:59:37 | WARNING  | polymarket_bot.unified_executor | 🔴 Circuit breaker TRIPPED — blocking trade
2026-03-06 11:59:37 | WARNING  | __main__ | ❌ Signal execution failed: circuit_breaker_tripped
2026-03-06 11:59:37 | INFO     | __main__ | ======================================================================
2026-03-06 11:59:37 | INFO     | __main__ | ⏱️  UPTIME: 2410.2 minutes
2026-03-06 11:59:37 | INFO     | __main__ | 📊 SIGNALS: seen=56843 executed=180
2026-03-06 11:59:37 | INFO     | __main__ | 📈 EXECUTIONS: total=54264 success=180 failed=0
2026-03-06 11:59:37 | INFO     | __main__ | 🎯 STRATEGIES: 5 enabled
2026-03-06 11:59:37 | INFO     | __main__ | ⚡ SHORT-DURATION: 44 markets — unknown=44
2026-03-06 11:59:37 | INFO     | __main__ | 💼 WALLET: equity=$11.78 start=$40.00 adj=$0.00 size_mult=x1.00 dyn_max=$8.00
2026-03-06 11:59:37 | INFO     | __main__ | ⚙️  EXECUTION PROFILE: aggressive_maker
2026-03-06 11:59:37 | INFO     | __main__ | 🛡️  HEDGING: events=0 forced=0
2026-03-06 11:59:37 | INFO     | __main__ | 🧾 OPEN MAKER (paper): gtc_total=1
2026-03-06 11:59:37 | INFO     | __main__ |    Top open GTC by condition: 0xb4a0b846…:1
2026-03-06 11:59:37 | INFO     | __main__ | 🏦 Top inventory by condition (cost): 0xfe09259f…:$1.99, 0xdd5ab6d0…:$1.99, 0x69bd84ce…:$1.99
2026-03-06 11:59:37 | INFO     | __main__ | ──────────────────────────────────────────────────────────────────────
2026-03-06 11:59:37 | INFO     | __main__ | 💼 PORTFOLIO:
2026-03-06 11:59:37 | INFO     | __main__ |    Open Positions: 5
2026-03-06 11:59:37 | INFO     | __main__ |    Closed Positions: 169
2026-03-06 11:59:37 | INFO     | __main__ |    Redeemable: 0
2026-03-06 11:59:37 | INFO     | __main__ |    Cost Basis: $9.95
2026-03-06 11:59:37 | INFO     | __main__ | ──────────────────────────────────────────────────────────────────────
2026-03-06 11:59:37 | INFO     | __main__ | 💰 PROFITABILITY:
2026-03-06 11:59:37 | INFO     | __main__ |      Wallet: $11.78  (started $40.00)
2026-03-06 11:59:37 | INFO     | __main__ |      Realized P&L: $-28.2244
2026-03-06 11:59:37 | INFO     | __main__ |      Unrealized P&L: $0.0999
2026-03-06 11:59:37 | INFO     | __main__ |      Total P&L: $-28.1245
2026-03-06 11:59:37 | INFO     | __main__ |      Open Cost Basis: $9.95
2026-03-06 11:59:37 | INFO     | __main__ |      Realized ROI: -283.67%
2026-03-06 11:59:37 | INFO     | __main__ |    Closed: 169 positions
2026-03-06 11:59:37 | INFO     | __main__ |    Redeemed: 0 positions
2026-03-06 11:59:37 | INFO     | __main__ |    Total Realized: $-28.2244
2026-03-06 11:59:37 | INFO     | __main__ | ──────────────────────────────────────────────────────────────────────
2026-03-06 11:59:37 | INFO     | __main__ | 📊 STRATEGY BREAKDOWN (actual P&L):
2026-03-06 11:59:37 | INFO     | __main__ |    short_duration: 180 trades, realized=$-28.2244, total=$-28.1245
2026-03-06 11:59:37 | INFO     | __main__ | ──────────────────────────────────────────────────────────────────────
2026-03-06 11:59:37 | INFO     | __main__ | 🔁 QUOTE CHURN (paper): canceled=5 requoted=0
2026-03-06 11:59:37 | INFO     | __main__ | ──────────────────────────────────────────────────────────────────────
2026-03-06 11:59:37 | INFO     | __main__ | 🔌 CIRCUIT BREAKER: state=cooldown daily_loss=$0.00 drawdown=0.0% consec_losses=0 trips=77
2026-03-06 11:59:37 | INFO     | __main__ | ──────────────────────────────────────────────────────────────────────
2026-03-06 11:59:37 | INFO     | __main__ | 🧠 STRATEGY ATTRIBUTION (actual):
2026-03-06 11:59:37 | INFO     | __main__ |    short_duration: cost=$9.95 realized=$-28.2244 unrealized=$0.0999
2026-03-06 11:59:37 | INFO     | __main__ | ======================================================================
2026-03-06 11:59:37 | INFO     | __main__ | Iteration 14450: processed 4 signals
2026-03-06 11:59:46 | INFO     | polymarket_bot.orchestrator | 🕐 Resolution window [2d]: 477 → 0 markets
2026-03-06 11:59:46 | INFO     | polymarket_bot.scanner | 🔍 Short-duration scan: 44 markets found — unknown=44
2026-03-06 11:59:46 | INFO     | polymarket_bot.orchestrator | 📡 Short-duration: added 44 markets to universe (44 total in scan, 0 already present)
2026-03-06 11:59:47 | INFO     | polymarket_bot.strategies.short_duration_strategy | ⚡ SHORT-DUR: BTC Down cid=0x4aa05f7c17 price=0.565 prob=59.0% edge=2.3¢ mom=-1.000 trend=0.75 vol=0.0018 size=8.8 type=GTC  q=Bitcoin Up or Down - March 6, 11:45AM-12:00PM ET
2026-03-06 11:59:47 | INFO     | polymarket_bot.strategies.short_duration_strategy | ⚡ SHORT-DUR: ETH Down cid=0x1c89a881f1 price=0.500 prob=59.0% edge=8.7¢ mom=-1.000 trend=0.75 vol=0.0022 size=9.9 type=GTC  q=Ethereum Up or Down - March 6, 11:55AM-12:00PM ET
2026-03-06 11:59:47 | INFO     | polymarket_bot.strategies.short_duration_strategy | ⚡ SHORT-DUR: XRP Down cid=0xe427d79c9a price=0.155 prob=55.5% edge=39.9¢ mom=-0.912 trend=0.50 vol=0.0009 size=32.1 type=GTC  q=XRP Up or Down - March 6, 11AM ET
2026-03-06 11:59:47 | INFO     | polymarket_bot.strategies.short_duration_strategy | ⚡ SHORT-DUR: BTC Down cid=0x93e0253b0f price=0.335 prob=59.0% edge=25.3¢ mom=-1.000 trend=0.75 vol=0.0018 size=14.8 type=GTC  q=Bitcoin Up or Down - March 6, 11AM ET
2026-03-06 11:59:47 | INFO     | polymarket_bot.orchestrator | Found 4 total signals across all strategies
2026-03-06 11:59:47 | INFO     | polymarket_bot.orchestrator | 📐 Sized 0xe427d79c9a tier 1/3: $5.00 → $1.99 (25%)
2026-03-06 11:59:47 | INFO     | polymarket_bot.orchestrator | 📐 Sized 0x93e0253b0f tier 1/3: $5.00 → $1.99 (25%)
2026-03-06 11:59:47 | INFO     | polymarket_bot.orchestrator | 📐 Sized 0x1c89a881f1 tier 1/3: $5.00 → $1.99 (25%)
2026-03-06 11:59:47 | INFO     | polymarket_bot.orchestrator | 📐 Sized 0x4aa05f7c17 tier 1/3: $5.00 → $1.99 (25%)
2026-03-06 11:59:47 | WARNING  | polymarket_bot.unified_executor | 🔴 Circuit breaker TRIPPED — blocking trade
2026-03-06 11:59:47 | WARNING  | __main__ | ❌ Signal execution failed: circuit_breaker_tripped
2026-03-06 11:59:47 | WARNING  | polymarket_bot.unified_executor | 🔴 Circuit breaker TRIPPED — blocking trade
2026-03-06 11:59:47 | WARNING  | __main__ | ❌ Signal execution failed: circuit_breaker_tripped
2026-03-06 11:59:47 | WARNING  | polymarket_bot.unified_executor | 🔴 Circuit breaker TRIPPED — blocking trade
2026-03-06 11:59:47 | WARNING  | __main__ | ❌ Signal execution failed: circuit_breaker_tripped
2026-03-06 11:59:47 | WARNING  | polymarket_bot.unified_executor | 🔴 Circuit breaker TRIPPED — blocking trade
2026-03-06 11:59:47 | WARNING  | __main__ | ❌ Signal execution failed: circuit_breaker_tripped
2026-03-06 11:59:47 | INFO     | __main__ | Iteration 14451: processed 4 signals
2026-03-06 11:59:56 | INFO     | polymarket_bot.orchestrator | 🕐 Resolution window [2d]: 477 → 0 markets
2026-03-06 11:59:57 | INFO     | polymarket_bot.scanner | 🔍 Short-duration scan: 44 markets found — unknown=44
2026-03-06 11:59:57 | INFO     | polymarket_bot.orchestrator | 📡 Short-duration: added 44 markets to universe (44 total in scan, 0 already present)
2026-03-06 11:59:58 | INFO     | polymarket_bot.strategies.short_duration_strategy | ⚡ SHORT-DUR: XRP Down cid=0x66c3d17158 price=0.355 prob=55.6% edge=19.9¢ mom=-0.926 trend=0.50 vol=0.0009 size=14.0 type=GTC  q=XRP Up or Down - March 6, 11:45AM-12:00PM ET
2026-03-06 11:59:58 | INFO     | polymarket_bot.strategies.short_duration_strategy | ⚡ SHORT-DUR: SOL Down cid=0x9e462b77b0 price=0.455 prob=59.0% edge=13.3¢ mom=-1.000 trend=0.75 vol=0.0011 size=10.9 type=GTC  q=Solana Up or Down - March 6, 11:45AM-12:00PM ET
2026-03-06 11:59:58 | INFO     | polymarket_bot.strategies.short_duration_strategy | ⚡ SHORT-DUR: SOL Down cid=0x065dbaaa20 price=0.395 prob=59.0% edge=19.3¢ mom=-1.000 trend=0.75 vol=0.0011 size=12.6 type=GTC  q=Solana Up or Down - March 6, 11AM ET
2026-03-06 11:59:58 | INFO     | polymarket_bot.strategies.short_duration_strategy | ⚡ SHORT-DUR: BTC Down cid=0x6c6a68e9c4 price=0.495 prob=59.0% edge=9.2¢ mom=-1.000 trend=0.75 vol=0.0018 size=10.1 type=GTC  q=Bitcoin Up or Down - March 6, 11:55AM-12:00PM ET
2026-03-06 11:59:58 | INFO     | polymarket_bot.orchestrator | Found 4 total signals across all strategies
2026-03-06 11:59:58 | INFO     | polymarket_bot.orchestrator | 📐 Sized 0x66c3d17158 tier 1/3: $5.00 → $1.99 (25%)
2026-03-06 11:59:58 | INFO     | polymarket_bot.orchestrator | 📐 Sized 0x065dbaaa20 tier 1/3: $5.00 → $1.99 (25%)
2026-03-06 11:59:58 | INFO     | polymarket_bot.orchestrator | 📐 Sized 0x9e462b77b0 tier 1/3: $5.00 → $1.99 (25%)
2026-03-06 11:59:58 | INFO     | polymarket_bot.orchestrator | 📐 Sized 0x6c6a68e9c4 tier 1/3: $5.00 → $1.99 (25%)
2026-03-06 11:59:58 | WARNING  | polymarket_bot.unified_executor | 🔴 Circuit breaker TRIPPED — blocking trade
2026-03-06 11:59:58 | WARNING  | __main__ | ❌ Signal execution failed: circuit_breaker_tripped
2026-03-06 11:59:58 | WARNING  | polymarket_bot.unified_executor | 🔴 Circuit breaker TRIPPED — blocking trade
2026-03-06 11:59:58 | WARNING  | __main__ | ❌ Signal execution failed: circuit_breaker_tripped
2026-03-06 11:59:58 | WARNING  | polymarket_bot.unified_executor | 🔴 Circuit breaker TRIPPED — blocking trade
2026-03-06 11:59:58 | WARNING  | __main__ | ❌ Signal execution failed: circuit_breaker_tripped
2026-03-06 11:59:58 | WARNING  | polymarket_bot.unified_executor | 🔴 Circuit breaker TRIPPED — blocking trade
2026-03-06 11:59:58 | WARNING  | __main__ | ❌ Signal execution failed: circuit_breaker_tripped
2026-03-06 11:59:58 | INFO     | __main__ | Iteration 14452: processed 4 signals
2026-03-06 12:00:06 | INFO     | polymarket_bot.orchestrator | 🕐 Resolution window [2d]: 477 → 0 markets
2026-03-06 12:00:07 | INFO     | polymarket_bot.scanner | 🔍 Short-duration scan: 97 markets found — unknown=97
2026-03-06 12:00:07 | INFO     | polymarket_bot.orchestrator | 📡 Short-duration: added 97 markets to universe (97 total in scan, 0 already present)
2026-03-06 12:00:09 | INFO     | polymarket_bot.strategies.short_duration_strategy | ⚡ SHORT-DUR: XRP Down cid=0xe8460623a8 price=0.495 prob=55.6% edge=5.8¢ mom=-0.926 trend=0.50 vol=0.0009 size=10.1 type=GTC  q=XRP Up or Down - March 6, 12:00PM-12:05PM ET
2026-03-06 12:00:09 | INFO     | polymarket_bot.strategies.short_duration_strategy | ⚡ SHORT-DUR: BTC Down cid=0x703ccc81a9 price=0.495 prob=59.0% edge=9.2¢ mom=-1.000 trend=0.75 vol=0.0018 size=10.1 type=GTC  q=Bitcoin Up or Down - March 6, 12:00PM-12:05PM ET
2026-03-06 12:00:09 | INFO     | polymarket_bot.strategies.short_duration_strategy | ⚡ SHORT-DUR: BTC Down cid=0x6a3cc2a337 price=0.495 prob=59.0% edge=9.2¢ mom=-1.000 trend=0.75 vol=0.0018 size=10.1 type=GTC  q=Bitcoin Up or Down - March 6, 12:05PM-12:10PM ET
2026-03-06 12:00:09 | INFO     | polymarket_bot.strategies.short_duration_strategy | ⚡ SHORT-DUR: XRP Down cid=0xd3a2b67836 price=0.495 prob=55.6% edge=5.8¢ mom=-0.926 trend=0.50 vol=0.0009 size=10.1 type=GTC  q=XRP Up or Down - March 6, 12:10PM-12:15PM ET
2026-03-06 12:00:09 | INFO     | polymarket_bot.orchestrator | Found 4 total signals across all strategies
2026-03-06 12:00:09 | INFO     | polymarket_bot.orchestrator | 📐 Sized 0x703ccc81a9 tier 1/3: $5.00 → $1.99 (25%)
2026-03-06 12:00:09 | INFO     | polymarket_bot.orchestrator | 📐 Sized 0x6a3cc2a337 tier 1/3: $5.00 → $1.99 (25%)
2026-03-06 12:00:09 | INFO     | polymarket_bot.orchestrator | 📐 Sized 0xe8460623a8 tier 1/3: $5.00 → $1.99 (25%)
2026-03-06 12:00:09 | INFO     | polymarket_bot.orchestrator | 📐 Sized 0xd3a2b67836 tier 1/3: $5.00 → $1.99 (25%)
2026-03-06 12:00:09 | WARNING  | polymarket_bot.unified_executor | 🔴 Circuit breaker TRIPPED — blocking trade
2026-03-06 12:00:09 | WARNING  | __main__ | ❌ Signal execution failed: circuit_breaker_tripped
2026-03-06 12:00:09 | WARNING  | polymarket_bot.unified_executor | 🔴 Circuit breaker TRIPPED — blocking trade
2026-03-06 12:00:09 | WARNING  | __main__ | ❌ Signal execution failed: circuit_breaker_tripped
2026-03-06 12:00:09 | WARNING  | polymarket_bot.unified_executor | 🔴 Circuit breaker TRIPPED — blocking trade
2026-03-06 12:00:09 | WARNING  | __main__ | ❌ Signal execution failed: circuit_breaker_tripped
2026-03-06 12:00:09 | WARNING  | polymarket_bot.unified_executor | 🔴 Circuit breaker TRIPPED — blocking trade
2026-03-06 12:00:09 | WARNING  | __main__ | ❌ Signal execution failed: circuit_breaker_tripped
2026-03-06 12:00:09 | INFO     | __main__ | Iteration 14453: processed 4 signals
2026-03-06 12:00:16 | INFO     | polymarket_bot.orchestrator | 🕐 Resolution window [2d]: 477 → 0 markets
2026-03-06 12:00:17 | INFO     | polymarket_bot.scanner | 🔍 Short-duration scan: 97 markets found — unknown=97
2026-03-06 12:00:17 | INFO     | polymarket_bot.orchestrator | 📡 Short-duration: added 97 markets to universe (97 total in scan, 0 already present)
2026-03-06 12:00:19 | INFO     | polymarket_bot.strategies.short_duration_strategy | ⚡ SHORT-DUR: XRP Down cid=0x2046289d24 price=0.495 prob=55.6% edge=5.8¢ mom=-0.926 trend=0.50 vol=0.0009 size=10.1 type=GTC  q=XRP Up or Down - March 6, 12:00PM-12:15PM ET
2026-03-06 12:00:19 | INFO     | polymarket_bot.strategies.short_duration_strategy | ⚡ SHORT-DUR: BTC Down cid=0x7034ed5c09 price=0.495 prob=59.0% edge=9.2¢ mom=-1.000 trend=0.75 vol=0.0017 size=10.1 type=GTC  q=Bitcoin Up or Down - March 6, 12:00PM-12:15PM ET
2026-03-06 12:00:19 | INFO     | polymarket_bot.strategies.short_duration_strategy | ⚡ SHORT-DUR: SOL Down cid=0x5d3ee6f01a price=0.495 prob=59.0% edge=9.2¢ mom=-1.000 trend=0.75 vol=0.0011 size=10.1 type=GTC  q=Solana Up or Down - March 6, 12:10PM-12:15PM ET
2026-03-06 12:00:19 | INFO     | polymarket_bot.strategies.short_duration_strategy | ⚡ SHORT-DUR: ETH Down cid=0x430aa33115 price=0.500 prob=58.9% edge=8.7¢ mom=-0.993 trend=0.75 vol=0.0022 size=9.9 type=GTC  q=Ethereum Up or Down - March 6, 12:10PM-12:15PM ET
2026-03-06 12:00:19 | INFO     | polymarket_bot.orchestrator | Found 4 total signals across all strategies
2026-03-06 12:00:19 | INFO     | polymarket_bot.orchestrator | 📐 Sized 0x7034ed5c09 tier 1/3: $5.00 → $1.99 (25%)
2026-03-06 12:00:19 | INFO     | polymarket_bot.orchestrator | 📐 Sized 0x5d3ee6f01a tier 1/3: $5.00 → $1.99 (25%)
2026-03-06 12:00:19 | INFO     | polymarket_bot.orchestrator | 📐 Sized 0x430aa33115 tier 1/3: $5.00 → $1.99 (25%)
2026-03-06 12:00:19 | INFO     | polymarket_bot.orchestrator | 📐 Sized 0x2046289d24 tier 1/3: $5.00 → $1.99 (25%)
2026-03-06 12:00:19 | WARNING  | polymarket_bot.unified_executor | 🔴 Circuit breaker TRIPPED — blocking trade
2026-03-06 12:00:19 | WARNING  | __main__ | ❌ Signal execution failed: circuit_breaker_tripped
2026-03-06 12:00:19 | WARNING  | polymarket_bot.unified_executor | 🔴 Circuit breaker TRIPPED — blocking trade
2026-03-06 12:00:19 | WARNING  | __main__ | ❌ Signal execution failed: circuit_breaker_tripped
2026-03-06 12:00:19 | WARNING  | polymarket_bot.unified_executor | 🔴 Circuit breaker TRIPPED — blocking trade
2026-03-06 12:00:19 | WARNING  | __main__ | ❌ Signal execution failed: circuit_breaker_tripped
2026-03-06 12:00:19 | WARNING  | polymarket_bot.unified_executor | 🔴 Circuit breaker TRIPPED — blocking trade
2026-03-06 12:00:19 | WARNING  | __main__ | ❌ Signal execution failed: circuit_breaker_tripped
2026-03-06 12:00:19 | INFO     | __main__ | Iteration 14454: processed 4 signals
2026-03-06 12:00:26 | INFO     | polymarket_bot.orchestrator | 🕐 Resolution window [2d]: 477 → 0 markets
2026-03-06 12:00:26 | INFO     | polymarket_bot.scanner | 🔍 Short-duration scan: 98 markets found — unknown=98
2026-03-06 12:00:26 | INFO     | polymarket_bot.orchestrator | 📡 Short-duration: added 98 markets to universe (98 total in scan, 0 already present)
2026-03-06 12:00:27 | INFO     | polymarket_bot.strategies.short_duration_strategy | ⚡ SHORT-DUR: BTC Down cid=0x8504132b88 price=0.495 prob=59.0% edge=9.2¢ mom=-1.000 trend=0.75 vol=0.0017 size=10.1 type=GTC  q=Bitcoin Up or Down - March 6, 12:10PM-12:15PM ET
2026-03-06 12:00:27 | INFO     | polymarket_bot.strategies.short_duration_strategy | ⚡ SHORT-DUR: SOL Down cid=0x7511354ba0 price=0.490 prob=59.0% edge=9.8¢ mom=-1.000 trend=0.75 vol=0.0011 size=10.2 type=GTC  q=Solana Up or Down - March 6, 12:00PM-12:15PM ET
2026-03-06 12:00:27 | INFO     | polymarket_bot.strategies.short_duration_strategy | ⚡ SHORT-DUR: BTC Down cid=0x075b9a8228 price=0.495 prob=59.0% edge=9.2¢ mom=-1.000 trend=0.75 vol=0.0017 size=10.1 type=GTC  q=Bitcoin Up or Down - March 6, 12:15PM-12:20PM ET
2026-03-06 12:00:27 | INFO     | polymarket_bot.strategies.short_duration_strategy | ⚡ SHORT-DUR: ETH Down cid=0x2e220b9446 price=0.505 prob=58.9% edge=8.2¢ mom=-0.993 trend=0.75 vol=0.0022 size=9.8 type=GTC  q=Ethereum Up or Down - March 6, 12:15PM-12:20PM ET
2026-03-06 12:00:27 | INFO     | polymarket_bot.orchestrator | Found 4 total signals across all strategies
2026-03-06 12:00:27 | INFO     | polymarket_bot.orchestrator | 📐 Sized 0x7511354ba0 tier 1/3: $5.00 → $1.99 (25%)
2026-03-06 12:00:27 | INFO     | polymarket_bot.orchestrator | 📐 Sized 0x8504132b88 tier 1/3: $5.00 → $1.99 (25%)
2026-03-06 12:00:27 | INFO     | polymarket_bot.orchestrator | 📐 Sized 0x075b9a8228 tier 1/3: $5.00 → $1.99 (25%)
2026-03-06 12:00:27 | INFO     | polymarket_bot.orchestrator | 📐 Sized 0x2e220b9446 tier 1/3: $5.00 → $1.99 (25%)
2026-03-06 12:00:27 | WARNING  | polymarket_bot.unified_executor | 🔴 Circuit breaker TRIPPED — blocking trade
2026-03-06 12:00:27 | WARNING  | __main__ | ❌ Signal execution failed: circuit_breaker_tripped
2026-03-06 12:00:27 | WARNING  | polymarket_bot.unified_executor | 🔴 Circuit breaker TRIPPED — blocking trade
2026-03-06 12:00:27 | WARNING  | __main__ | ❌ Signal execution failed: circuit_breaker_tripped
2026-03-06 12:00:27 | WARNING  | polymarket_bot.unified_executor | 🔴 Circuit breaker TRIPPED — blocking trade
2026-03-06 12:00:27 | WARNING  | __main__ | ❌ Signal execution failed: circuit_breaker_tripped
2026-03-06 12:00:27 | WARNING  | polymarket_bot.unified_executor | 🔴 Circuit breaker TRIPPED — blocking trade
2026-03-06 12:00:27 | WARNING  | __main__ | ❌ Signal execution failed: circuit_breaker_tripped
2026-03-06 12:00:27 | INFO     | __main__ | Iteration 14455: processed 4 signals
2026-03-06 12:00:36 | INFO     | polymarket_bot.orchestrator | 🕐 Resolution window [2d]: 477 → 0 markets
2026-03-06 12:00:37 | INFO     | polymarket_bot.scanner | 🔍 Short-duration scan: 98 markets found — unknown=98
2026-03-06 12:00:37 | INFO     | polymarket_bot.orchestrator | 📡 Short-duration: added 98 markets to universe (98 total in scan, 0 already present)
2026-03-06 12:00:39 | INFO     | polymarket_bot.strategies.short_duration_strategy | ⚡ SHORT-DUR: SOL Down cid=0x05b93fd152 price=0.505 prob=59.0% edge=8.2¢ mom=-1.000 trend=0.75 vol=0.0010 size=9.8 type=GTC  q=Solana Up or Down - March 6, 12:00PM-12:05PM ET
2026-03-06 12:00:39 | INFO     | polymarket_bot.strategies.short_duration_strategy | ⚡ SHORT-DUR: ETH Down cid=0x62af176cac price=0.505 prob=58.9% edge=8.2¢ mom=-0.993 trend=0.75 vol=0.0020 size=9.8 type=GTC  q=Ethereum Up or Down - March 6, 12:00PM-12:05PM ET
2026-03-06 12:00:39 | INFO     | polymarket_bot.strategies.short_duration_strategy | ⚡ SHORT-DUR: SOL Down cid=0x32a116c4f0 price=0.505 prob=59.0% edge=8.2¢ mom=-1.000 trend=0.75 vol=0.0010 size=9.8 type=GTC  q=Solana Up or Down - March 6, 12:05PM-12:10PM ET
2026-03-06 12:00:39 | INFO     | polymarket_bot.strategies.short_duration_strategy | ⚡ SHORT-DUR: XRP Down cid=0x97d2ac34a4 price=0.495 prob=55.6% edge=5.8¢ mom=-0.926 trend=0.50 vol=0.0009 size=10.1 type=GTC  q=XRP Up or Down - March 6, 12:05PM-12:10PM ET
2026-03-06 12:00:39 | INFO     | polymarket_bot.orchestrator | Found 4 total signals across all strategies
2026-03-06 12:00:39 | INFO     | polymarket_bot.orchestrator | 📐 Sized 0x05b93fd152 tier 1/3: $5.00 → $1.99 (25%)
2026-03-06 12:00:39 | INFO     | polymarket_bot.orchestrator | 📐 Sized 0x32a116c4f0 tier 1/3: $5.00 → $1.99 (25%)
2026-03-06 12:00:39 | INFO     | polymarket_bot.orchestrator | 📐 Sized 0x62af176cac tier 1/3: $5.00 → $1.99 (25%)
2026-03-06 12:00:39 | INFO     | polymarket_bot.orchestrator | 📐 Sized 0x97d2ac34a4 tier 1/3: $5.00 → $1.99 (25%)
2026-03-06 12:00:39 | WARNING  | polymarket_bot.unified_executor | 🔴 Circuit breaker TRIPPED — blocking trade
2026-03-06 12:00:39 | WARNING  | __main__ | ❌ Signal execution failed: circuit_breaker_tripped
2026-03-06 12:00:39 | WARNING  | polymarket_bot.unified_executor | 🔴 Circuit breaker TRIPPED — blocking trade
2026-03-06 12:00:39 | WARNING  | __main__ | ❌ Signal execution failed: circuit_breaker_tripped
2026-03-06 12:00:39 | WARNING  | polymarket_bot.unified_executor | 🔴 Circuit breaker TRIPPED — blocking trade
2026-03-06 12:00:39 | WARNING  | __main__ | ❌ Signal execution failed: circuit_breaker_tripped
2026-03-06 12:00:39 | WARNING  | polymarket_bot.unified_executor | 🔴 Circuit breaker TRIPPED — blocking trade
2026-03-06 12:00:39 | WARNING  | __main__ | ❌ Signal execution failed: circuit_breaker_tripped
2026-03-06 12:00:39 | INFO     | __main__ | ======================================================================
2026-03-06 12:00:39 | INFO     | __main__ | ⏱️  UPTIME: 2411.2 minutes
2026-03-06 12:00:39 | INFO     | __main__ | 📊 SIGNALS: seen=56867 executed=180
2026-03-06 12:00:39 | INFO     | __main__ | 📈 EXECUTIONS: total=54288 success=180 failed=0
2026-03-06 12:00:39 | INFO     | __main__ | 🎯 STRATEGIES: 5 enabled
2026-03-06 12:00:39 | INFO     | __main__ | ⚡ SHORT-DURATION: 98 markets — unknown=98
2026-03-06 12:00:39 | INFO     | __main__ | 💼 WALLET: equity=$11.78 start=$40.00 adj=$0.00 size_mult=x1.00 dyn_max=$8.00
2026-03-06 12:00:39 | INFO     | __main__ | ⚙️  EXECUTION PROFILE: aggressive_maker
2026-03-06 12:00:39 | INFO     | __main__ | 🛡️  HEDGING: events=0 forced=0
2026-03-06 12:00:39 | INFO     | __main__ | 🧾 OPEN MAKER (paper): gtc_total=1
2026-03-06 12:00:39 | INFO     | __main__ |    Top open GTC by condition: 0xb4a0b846…:1
2026-03-06 12:00:39 | INFO     | __main__ | 🏦 Top inventory by condition (cost): 0xfe09259f…:$1.99, 0xdd5ab6d0…:$1.99, 0x69bd84ce…:$1.99
2026-03-06 12:00:39 | INFO     | __main__ | ──────────────────────────────────────────────────────────────────────
2026-03-06 12:00:39 | INFO     | __main__ | 💼 PORTFOLIO:
2026-03-06 12:00:39 | INFO     | __main__ |    Open Positions: 5
2026-03-06 12:00:39 | INFO     | __main__ |    Closed Positions: 169
2026-03-06 12:00:39 | INFO     | __main__ |    Redeemable: 0
2026-03-06 12:00:39 | INFO     | __main__ |    Cost Basis: $9.95
2026-03-06 12:00:39 | INFO     | __main__ | ──────────────────────────────────────────────────────────────────────
2026-03-06 12:00:39 | INFO     | __main__ | 💰 PROFITABILITY:
2026-03-06 12:00:39 | INFO     | __main__ |      Wallet: $11.78  (started $40.00)
2026-03-06 12:00:39 | INFO     | __main__ |      Realized P&L: $-28.2244
2026-03-06 12:00:39 | INFO     | __main__ |      Unrealized P&L: $0.0999
2026-03-06 12:00:39 | INFO     | __main__ |      Total P&L: $-28.1245
2026-03-06 12:00:39 | INFO     | __main__ |      Open Cost Basis: $9.95
2026-03-06 12:00:39 | INFO     | __main__ |      Realized ROI: -283.67%
2026-03-06 12:00:39 | INFO     | __main__ |    Closed: 169 positions
2026-03-06 12:00:39 | INFO     | __main__ |    Redeemed: 0 positions
2026-03-06 12:00:39 | INFO     | __main__ |    Total Realized: $-28.2244
2026-03-06 12:00:39 | INFO     | __main__ | ──────────────────────────────────────────────────────────────────────
2026-03-06 12:00:39 | INFO     | __main__ | 📊 STRATEGY BREAKDOWN (actual P&L):
2026-03-06 12:00:39 | INFO     | __main__ |    short_duration: 180 trades, realized=$-28.2244, total=$-28.1245
2026-03-06 12:00:39 | INFO     | __main__ | ──────────────────────────────────────────────────────────────────────
2026-03-06 12:00:39 | INFO     | __main__ | 🔁 QUOTE CHURN (paper): canceled=5 requoted=0
2026-03-06 12:00:39 | INFO     | __main__ | ──────────────────────────────────────────────────────────────────────
2026-03-06 12:00:39 | INFO     | __main__ | 🔌 CIRCUIT BREAKER: state=cooldown daily_loss=$0.00 drawdown=0.0% consec_losses=0 trips=77
2026-03-06 12:00:39 | INFO     | __main__ | ──────────────────────────────────────────────────────────────────────
2026-03-06 12:00:39 | INFO     | __main__ | 🧠 STRATEGY ATTRIBUTION (actual):
2026-03-06 12:00:39 | INFO     | __main__ |    short_duration: cost=$9.95 realized=$-28.2244 unrealized=$0.0999
2026-03-06 12:00:39 | INFO     | __main__ | ======================================================================
2026-03-06 12:00:39 | INFO     | __main__ | Iteration 14456: processed 4 signals
2026-03-06 12:00:46 | INFO     | polymarket_bot.orchestrator | 🕐 Resolution window [2d]: 477 → 0 markets
2026-03-06 12:00:46 | INFO     | polymarket_bot.scanner | 🔍 Short-duration scan: 97 markets found — unknown=97
2026-03-06 12:00:46 | INFO     | polymarket_bot.orchestrator | 📡 Short-duration: added 97 markets to universe (97 total in scan, 0 already present)
2026-03-06 12:00:47 | INFO     | polymarket_bot.strategies.short_duration_strategy | ⚡ SHORT-DUR: ETH Down cid=0xaa911a8609 price=0.505 prob=58.9% edge=8.2¢ mom=-0.993 trend=0.75 vol=0.0020 size=9.8 type=GTC  q=Ethereum Up or Down - March 6, 12:05PM-12:10PM ET
2026-03-06 12:00:47 | INFO     | polymarket_bot.strategies.short_duration_strategy | ⚡ SHORT-DUR: ETH Down cid=0xa20173c6c0 price=0.495 prob=58.9% edge=9.2¢ mom=-0.993 trend=0.75 vol=0.0020 size=10.1 type=GTC  q=Ethereum Up or Down - March 6, 12:00PM-12:15PM ET
2026-03-06 12:00:47 | INFO     | polymarket_bot.strategies.short_duration_strategy | ⚡ SHORT-DUR: XRP Down cid=0x655c539f87 price=0.495 prob=55.6% edge=5.8¢ mom=-0.926 trend=0.50 vol=0.0009 size=10.1 type=GTC  q=XRP Up or Down - March 6, 12:15PM-12:20PM ET
2026-03-06 12:00:47 | INFO     | polymarket_bot.strategies.short_duration_strategy | ⚡ SHORT-DUR: SOL Down cid=0xddf2e3a610 price=0.495 prob=59.0% edge=9.2¢ mom=-1.000 trend=0.75 vol=0.0010 size=10.1 type=GTC  q=Solana Up or Down - March 6, 12:15PM-12:20PM ET
2026-03-06 12:00:47 | INFO     | polymarket_bot.orchestrator | Found 4 total signals across all strategies
2026-03-06 12:00:47 | INFO     | polymarket_bot.orchestrator | 📐 Sized 0xddf2e3a610 tier 1/3: $5.00 → $1.99 (25%)
2026-03-06 12:00:47 | INFO     | polymarket_bot.orchestrator | 📐 Sized 0xa20173c6c0 tier 1/3: $5.00 → $1.99 (25%)
2026-03-06 12:00:47 | INFO     | polymarket_bot.orchestrator | 📐 Sized 0xaa911a8609 tier 1/3: $5.00 → $1.99 (25%)
2026-03-06 12:00:47 | INFO     | polymarket_bot.orchestrator | 📐 Sized 0x655c539f87 tier 1/3: $5.00 → $1.99 (25%)
2026-03-06 12:00:47 | WARNING  | polymarket_bot.unified_executor | 🔴 Circuit breaker TRIPPED — blocking trade
2026-03-06 12:00:47 | WARNING  | __main__ | ❌ Signal execution failed: circuit_breaker_tripped
2026-03-06 12:00:47 | WARNING  | polymarket_bot.unified_executor | 🔴 Circuit breaker TRIPPED — blocking trade
2026-03-06 12:00:47 | WARNING  | __main__ | ❌ Signal execution failed: circuit_breaker_tripped
2026-03-06 12:00:47 | WARNING  | polymarket_bot.unified_executor | 🔴 Circuit breaker TRIPPED — blocking trade
2026-03-06 12:00:47 | WARNING  | __main__ | ❌ Signal execution failed: circuit_breaker_tripped
2026-03-06 12:00:47 | WARNING  | polymarket_bot.unified_executor | 🔴 Circuit breaker TRIPPED — blocking trade
2026-03-06 12:00:47 | WARNING  | __main__ | ❌ Signal execution failed: circuit_breaker_tripped
2026-03-06 12:00:47 | INFO     | __main__ | Iteration 14457: processed 4 signals
2026-03-06 12:00:56 | INFO     | polymarket_bot.orchestrator | 🕐 Resolution window [2d]: 477 → 0 markets
2026-03-06 12:00:57 | INFO     | polymarket_bot.scanner | 🔍 Short-duration scan: 98 markets found — unknown=98
2026-03-06 12:00:57 | INFO     | polymarket_bot.orchestrator | 📡 Short-duration: added 98 markets to universe (98 total in scan, 0 already present)
2026-03-06 12:00:59 | INFO     | polymarket_bot.strategies.short_duration_strategy | ⚡ SHORT-DUR: SOL Down cid=0x573bd987fa price=0.495 prob=59.0% edge=9.2¢ mom=-0.999 trend=0.75 vol=0.0010 size=10.1 type=GTC  q=Solana Up or Down - March 6, 12:20PM-12:25PM ET
2026-03-06 12:00:59 | INFO     | polymarket_bot.strategies.short_duration_strategy | ⚡ SHORT-DUR: BTC Down cid=0x6f1159986b price=0.495 prob=62.0% edge=12.2¢ mom=-0.996 trend=1.00 vol=0.0015 size=10.1 type=GTC  q=Bitcoin Up or Down - March 6, 12:20PM-12:25PM ET
2026-03-06 12:00:59 | INFO     | polymarket_bot.strategies.short_duration_strategy | ⚡ SHORT-DUR: XRP Down cid=0xed4647cead price=0.495 prob=55.6% edge=5.8¢ mom=-0.926 trend=0.50 vol=0.0009 size=10.1 type=GTC  q=XRP Up or Down - March 6, 12:20PM-12:25PM ET
2026-03-06 12:00:59 | INFO     | polymarket_bot.strategies.short_duration_strategy | ⚡ SHORT-DUR: ETH Down cid=0xb66225f865 price=0.505 prob=59.0% edge=8.2¢ mom=-0.996 trend=0.75 vol=0.0020 size=9.8 type=GTC  q=Ethereum Up or Down - March 6, 12:20PM-12:25PM ET
2026-03-06 12:00:59 | INFO     | polymarket_bot.orchestrator | Found 4 total signals across all strategies
2026-03-06 12:00:59 | INFO     | polymarket_bot.orchestrator | 📐 Sized 0x6f1159986b tier 1/3: $5.00 → $1.99 (25%)
2026-03-06 12:00:59 | INFO     | polymarket_bot.orchestrator | 📐 Sized 0x573bd987fa tier 1/3: $5.00 → $1.99 (25%)
2026-03-06 12:00:59 | INFO     | polymarket_bot.orchestrator | 📐 Sized 0xb66225f865 tier 1/3: $5.00 → $1.99 (25%)
2026-03-06 12:00:59 | INFO     | polymarket_bot.orchestrator | 📐 Sized 0xed4647cead tier 1/3: $5.00 → $1.99 (25%)
2026-03-06 12:00:59 | WARNING  | polymarket_bot.unified_executor | 🔴 Circuit breaker TRIPPED — blocking trade
2026-03-06 12:00:59 | WARNING  | __main__ | ❌ Signal execution failed: circuit_breaker_tripped
2026-03-06 12:00:59 | WARNING  | polymarket_bot.unified_executor | 🔴 Circuit breaker TRIPPED — blocking trade
2026-03-06 12:00:59 | WARNING  | __main__ | ❌ Signal execution failed: circuit_breaker_tripped
2026-03-06 12:00:59 | WARNING  | polymarket_bot.unified_executor | 🔴 Circuit breaker TRIPPED — blocking trade
2026-03-06 12:00:59 | WARNING  | __main__ | ❌ Signal execution failed: circuit_breaker_tripped
2026-03-06 12:00:59 | WARNING  | polymarket_bot.unified_executor | 🔴 Circuit breaker TRIPPED — blocking trade
2026-03-06 12:00:59 | WARNING  | __main__ | ❌ Signal execution failed: circuit_breaker_tripped
2026-03-06 12:00:59 | INFO     | __main__ | Iteration 14458: processed 4 signals
2026-03-06 12:01:06 | INFO     | polymarket_bot.orchestrator | 🕐 Resolution window [2d]: 477 → 0 markets
2026-03-06 12:01:07 | INFO     | polymarket_bot.scanner | 🔍 Short-duration scan: 97 markets found — unknown=97
2026-03-06 12:01:07 | INFO     | polymarket_bot.orchestrator | 📡 Short-duration: added 97 markets to universe (97 total in scan, 0 already present)
2026-03-06 12:01:08 | INFO     | polymarket_bot.strategies.short_duration_strategy | ⚡ SHORT-DUR: XRP Down cid=0xe8460623a8 price=0.495 prob=55.6% edge=5.8¢ mom=-0.926 trend=0.50 vol=0.0009 size=10.1 type=GTC  q=XRP Up or Down - March 6, 12:00PM-12:05PM ET
2026-03-06 12:01:08 | INFO     | polymarket_bot.strategies.short_duration_strategy | ⚡ SHORT-DUR: BTC Down cid=0x703ccc81a9 price=0.495 prob=62.0% edge=12.2¢ mom=-0.996 trend=1.00 vol=0.0015 size=10.1 type=GTC  q=Bitcoin Up or Down - March 6, 12:00PM-12:05PM ET
2026-03-06 12:01:08 | INFO     | polymarket_bot.strategies.short_duration_strategy | ⚡ SHORT-DUR: BTC Down cid=0x6a3cc2a337 price=0.495 prob=62.0% edge=12.2¢ mom=-0.996 trend=1.00 vol=0.0015 size=10.1 type=GTC  q=Bitcoin Up or Down - March 6, 12:05PM-12:10PM ET
2026-03-06 12:01:08 | INFO     | polymarket_bot.strategies.short_duration_strategy | ⚡ SHORT-DUR: XRP Down cid=0xd3a2b67836 price=0.495 prob=55.6% edge=5.8¢ mom=-0.926 trend=0.50 vol=0.0009 size=10.1 type=GTC  q=XRP Up or Down - March 6, 12:10PM-12:15PM ET
2026-03-06 12:01:08 | INFO     | polymarket_bot.orchestrator | Found 4 total signals across all strategies
2026-03-06 12:01:08 | INFO     | polymarket_bot.orchestrator | 📐 Sized 0x703ccc81a9 tier 1/3: $5.00 → $1.99 (25%)
2026-03-06 12:01:08 | INFO     | polymarket_bot.orchestrator | 📐 Sized 0x6a3cc2a337 tier 1/3: $5.00 → $1.99 (25%)
2026-03-06 12:01:08 | INFO     | polymarket_bot.orchestrator | 📐 Sized 0xe8460623a8 tier 1/3: $5.00 → $1.99 (25%)
2026-03-06 12:01:08 | INFO     | polymarket_bot.orchestrator | 📐 Sized 0xd3a2b67836 tier 1/3: $5.00 → $1.99 (25%)
2026-03-06 12:01:08 | WARNING  | polymarket_bot.unified_executor | 🔴 Circuit breaker TRIPPED — blocking trade
2026-03-06 12:01:08 | WARNING  | __main__ | ❌ Signal execution failed: circuit_breaker_tripped
2026-03-06 12:01:08 | WARNING  | polymarket_bot.unified_executor | 🔴 Circuit breaker TRIPPED — blocking trade
2026-03-06 12:01:08 | WARNING  | __main__ | ❌ Signal execution failed: circuit_breaker_tripped
2026-03-06 12:01:08 | WARNING  | polymarket_bot.unified_executor | 🔴 Circuit breaker TRIPPED — blocking trade
2026-03-06 12:01:08 | WARNING  | __main__ | ❌ Signal execution failed: circuit_breaker_tripped
2026-03-06 12:01:08 | WARNING  | polymarket_bot.unified_executor | 🔴 Circuit breaker TRIPPED — blocking trade
2026-03-06 12:01:08 | WARNING  | __main__ | ❌ Signal execution failed: circuit_breaker_tripped
2026-03-06 12:01:08 | INFO     | __main__ | Iteration 14459: processed 4 signals
2026-03-06 12:01:16 | INFO     | polymarket_bot.orchestrator | 🕐 Resolution window [2d]: 477 → 0 markets
2026-03-06 12:01:17 | INFO     | polymarket_bot.scanner | 🔍 Short-duration scan: 96 markets found — unknown=96
2026-03-06 12:01:17 | INFO     | polymarket_bot.orchestrator | 📡 Short-duration: added 96 markets to universe (96 total in scan, 0 already present)
2026-03-06 12:01:18 | INFO     | polymarket_bot.strategies.short_duration_strategy | ⚡ SHORT-DUR: ETH Down cid=0x430aa33115 price=0.500 prob=59.0% edge=8.7¢ mom=-0.996 trend=0.75 vol=0.0020 size=9.9 type=GTC  q=Ethereum Up or Down - March 6, 12:10PM-12:15PM ET
2026-03-06 12:01:18 | INFO     | polymarket_bot.strategies.short_duration_strategy | ⚡ SHORT-DUR: XRP Down cid=0x2046289d24 price=0.495 prob=55.6% edge=5.8¢ mom=-0.926 trend=0.50 vol=0.0009 size=10.1 type=GTC  q=XRP Up or Down - March 6, 12:00PM-12:15PM ET
2026-03-06 12:01:18 | INFO     | polymarket_bot.strategies.short_duration_strategy | ⚡ SHORT-DUR: BTC Down cid=0x7034ed5c09 price=0.495 prob=62.0% edge=12.2¢ mom=-0.996 trend=1.00 vol=0.0015 size=10.1 type=GTC  q=Bitcoin Up or Down - March 6, 12:00PM-12:15PM ET
2026-03-06 12:01:18 | INFO     | polymarket_bot.strategies.short_duration_strategy | ⚡ SHORT-DUR: SOL Down cid=0x5d3ee6f01a price=0.495 prob=59.0% edge=9.2¢ mom=-0.999 trend=0.75 vol=0.0010 size=10.1 type=GTC  q=Solana Up or Down - March 6, 12:10PM-12:15PM ET
2026-03-06 12:01:18 | INFO     | polymarket_bot.orchestrator | Found 4 total signals across all strategies
2026-03-06 12:01:18 | INFO     | polymarket_bot.orchestrator | 📐 Sized 0x7034ed5c09 tier 1/3: $5.00 → $1.99 (25%)
2026-03-06 12:01:18 | INFO     | polymarket_bot.orchestrator | 📐 Sized 0x5d3ee6f01a tier 1/3: $5.00 → $1.99 (25%)
2026-03-06 12:01:18 | INFO     | polymarket_bot.orchestrator | 📐 Sized 0x430aa33115 tier 1/3: $5.00 → $1.99 (25%)
2026-03-06 12:01:18 | INFO     | polymarket_bot.orchestrator | 📐 Sized 0x2046289d24 tier 1/3: $5.00 → $1.99 (25%)
2026-03-06 12:01:18 | WARNING  | polymarket_bot.unified_executor | 🔴 Circuit breaker TRIPPED — blocking trade
2026-03-06 12:01:18 | WARNING  | __main__ | ❌ Signal execution failed: circuit_breaker_tripped
2026-03-06 12:01:18 | WARNING  | polymarket_bot.unified_executor | 🔴 Circuit breaker TRIPPED — blocking trade
2026-03-06 12:01:18 | WARNING  | __main__ | ❌ Signal execution failed: circuit_breaker_tripped
2026-03-06 12:01:18 | WARNING  | polymarket_bot.unified_executor | 🔴 Circuit breaker TRIPPED — blocking trade
2026-03-06 12:01:18 | WARNING  | __main__ | ❌ Signal execution failed: circuit_breaker_tripped
2026-03-06 12:01:18 | WARNING  | polymarket_bot.unified_executor | 🔴 Circuit breaker TRIPPED — blocking trade
2026-03-06 12:01:18 | WARNING  | __main__ | ❌ Signal execution failed: circuit_breaker_tripped
2026-03-06 12:01:18 | INFO     | __main__ | Iteration 14460: processed 4 signals
2026-03-06 12:01:27 | INFO     | polymarket_bot.orchestrator | 🕐 Resolution window [2d]: 477 → 0 markets
2026-03-06 12:01:27 | INFO     | polymarket_bot.scanner | 🔍 Short-duration scan: 97 markets found — unknown=97
2026-03-06 12:01:27 | INFO     | polymarket_bot.orchestrator | 📡 Short-duration: added 97 markets to universe (97 total in scan, 0 already present)
2026-03-06 12:01:29 | INFO     | polymarket_bot.strategies.short_duration_strategy | ⚡ SHORT-DUR: SOL Down cid=0x7511354ba0 price=0.490 prob=59.0% edge=9.7¢ mom=-0.999 trend=0.75 vol=0.0010 size=10.2 type=GTC  q=Solana Up or Down - March 6, 12:00PM-12:15PM ET
2026-03-06 12:01:29 | INFO     | polymarket_bot.strategies.short_duration_strategy | ⚡ SHORT-DUR: BTC Down cid=0x8504132b88 price=0.495 prob=59.0% edge=9.2¢ mom=-0.996 trend=0.75 vol=0.0015 size=10.1 type=GTC  q=Bitcoin Up or Down - March 6, 12:10PM-12:15PM ET
2026-03-06 12:01:29 | INFO     | polymarket_bot.strategies.short_duration_strategy | ⚡ SHORT-DUR: BTC Down cid=0x075b9a8228 price=0.495 prob=59.0% edge=9.2¢ mom=-0.996 trend=0.75 vol=0.0015 size=10.1 type=GTC  q=Bitcoin Up or Down - March 6, 12:15PM-12:20PM ET
2026-03-06 12:01:29 | INFO     | polymarket_bot.strategies.short_duration_strategy | ⚡ SHORT-DUR: ETH Down cid=0x2e220b9446 price=0.505 prob=59.0% edge=8.2¢ mom=-0.996 trend=0.75 vol=0.0020 size=9.8 type=GTC  q=Ethereum Up or Down - March 6, 12:15PM-12:20PM ET
2026-03-06 12:01:29 | INFO     | polymarket_bot.orchestrator | Found 4 total signals across all strategies
2026-03-06 12:01:29 | INFO     | polymarket_bot.orchestrator | 📐 Sized 0x7511354ba0 tier 1/3: $5.00 → $1.99 (25%)
2026-03-06 12:01:29 | INFO     | polymarket_bot.orchestrator | 📐 Sized 0x8504132b88 tier 1/3: $5.00 → $1.99 (25%)
2026-03-06 12:01:29 | INFO     | polymarket_bot.orchestrator | 📐 Sized 0x075b9a8228 tier 1/3: $5.00 → $1.99 (25%)
2026-03-06 12:01:29 | INFO     | polymarket_bot.orchestrator | 📐 Sized 0x2e220b9446 tier 1/3: $5.00 → $1.99 (25%)
2026-03-06 12:01:29 | WARNING  | polymarket_bot.unified_executor | 🔴 Circuit breaker TRIPPED — blocking trade
2026-03-06 12:01:29 | WARNING  | __main__ | ❌ Signal execution failed: circuit_breaker_tripped
2026-03-06 12:01:29 | WARNING  | polymarket_bot.unified_executor | 🔴 Circuit breaker TRIPPED — blocking trade
2026-03-06 12:01:29 | WARNING  | __main__ | ❌ Signal execution failed: circuit_breaker_tripped
2026-03-06 12:01:29 | WARNING  | polymarket_bot.unified_executor | 🔴 Circuit breaker TRIPPED — blocking trade
2026-03-06 12:01:29 | WARNING  | __main__ | ❌ Signal execution failed: circuit_breaker_tripped
2026-03-06 12:01:29 | WARNING  | polymarket_bot.unified_executor | 🔴 Circuit breaker TRIPPED — blocking trade
2026-03-06 12:01:29 | WARNING  | __main__ | ❌ Signal execution failed: circuit_breaker_tripped
2026-03-06 12:01:29 | INFO     | __main__ | Iteration 14461: processed 4 signals
2026-03-06 12:01:36 | INFO     | polymarket_bot.orchestrator | 🕐 Resolution window [2d]: 477 → 0 markets
2026-03-06 12:01:37 | INFO     | polymarket_bot.scanner | 🔍 Short-duration scan: 98 markets found — unknown=98
2026-03-06 12:01:37 | INFO     | polymarket_bot.orchestrator | 📡 Short-duration: added 98 markets to universe (98 total in scan, 0 already present)
2026-03-06 12:01:37 | INFO     | polymarket_bot.strategies.short_duration_strategy | ⚡ SHORT-DUR: SOL Down cid=0x05b93fd152 price=0.500 prob=59.0% edge=8.7¢ mom=-0.999 trend=0.75 vol=0.0010 size=9.9 type=GTC  q=Solana Up or Down - March 6, 12:00PM-12:05PM ET
2026-03-06 12:01:37 | INFO     | polymarket_bot.strategies.short_duration_strategy | ⚡ SHORT-DUR: ETH Down cid=0x62af176cac price=0.505 prob=59.0% edge=8.2¢ mom=-0.996 trend=0.75 vol=0.0020 size=9.8 type=GTC  q=Ethereum Up or Down - March 6, 12:00PM-12:05PM ET
2026-03-06 12:01:37 | INFO     | polymarket_bot.strategies.short_duration_strategy | ⚡ SHORT-DUR: SOL Down cid=0x32a116c4f0 price=0.505 prob=59.0% edge=8.2¢ mom=-0.999 trend=0.75 vol=0.0010 size=9.8 type=GTC  q=Solana Up or Down - March 6, 12:05PM-12:10PM ET
2026-03-06 12:01:37 | INFO     | polymarket_bot.strategies.short_duration_strategy | ⚡ SHORT-DUR: XRP Down cid=0x97d2ac34a4 price=0.495 prob=55.6% edge=5.8¢ mom=-0.926 trend=0.50 vol=0.0009 size=10.1 type=GTC  q=XRP Up or Down - March 6, 12:05PM-12:10PM ET
2026-03-06 12:01:37 | INFO     | polymarket_bot.orchestrator | Found 4 total signals across all strategies
2026-03-06 12:01:37 | INFO     | polymarket_bot.orchestrator | 📐 Sized 0x05b93fd152 tier 1/3: $5.00 → $1.99 (25%)
2026-03-06 12:01:37 | INFO     | polymarket_bot.orchestrator | 📐 Sized 0x32a116c4f0 tier 1/3: $5.00 → $1.99 (25%)
2026-03-06 12:01:37 | INFO     | polymarket_bot.orchestrator | 📐 Sized 0x62af176cac tier 1/3: $5.00 → $1.99 (25%)
2026-03-06 12:01:37 | INFO     | polymarket_bot.orchestrator | 📐 Sized 0x97d2ac34a4 tier 1/3: $5.00 → $1.99 (25%)
2026-03-06 12:01:37 | WARNING  | polymarket_bot.unified_executor | 🔴 Circuit breaker TRIPPED — blocking trade
2026-03-06 12:01:37 | WARNING  | __main__ | ❌ Signal execution failed: circuit_breaker_tripped
2026-03-06 12:01:37 | WARNING  | polymarket_bot.unified_executor | 🔴 Circuit breaker TRIPPED — blocking trade
2026-03-06 12:01:37 | WARNING  | __main__ | ❌ Signal execution failed: circuit_breaker_tripped
2026-03-06 12:01:37 | WARNING  | polymarket_bot.unified_executor | 🔴 Circuit breaker TRIPPED — blocking trade
2026-03-06 12:01:37 | WARNING  | __main__ | ❌ Signal execution failed: circuit_breaker_tripped
2026-03-06 12:01:37 | WARNING  | polymarket_bot.unified_executor | 🔴 Circuit breaker TRIPPED — blocking trade
2026-03-06 12:01:37 | WARNING  | __main__ | ❌ Signal execution failed: circuit_breaker_tripped
2026-03-06 12:01:37 | INFO     | __main__ | Iteration 14462: processed 4 signals
2026-03-06 12:01:46 | INFO     | polymarket_bot.orchestrator | 🕐 Resolution window [2d]: 477 → 0 markets
2026-03-06 12:01:47 | INFO     | polymarket_bot.scanner | 🔍 Short-duration scan: 97 markets found — unknown=97
2026-03-06 12:01:47 | INFO     | polymarket_bot.orchestrator | 📡 Short-duration: added 97 markets to universe (97 total in scan, 0 already present)
2026-03-06 12:01:48 | INFO     | polymarket_bot.strategies.short_duration_strategy | ⚡ SHORT-DUR: ETH Down cid=0xaa911a8609 price=0.505 prob=59.0% edge=8.2¢ mom=-0.996 trend=0.75 vol=0.0020 size=9.8 type=GTC  q=Ethereum Up or Down - March 6, 12:05PM-12:10PM ET
2026-03-06 12:01:48 | INFO     | polymarket_bot.strategies.short_duration_strategy | ⚡ SHORT-DUR: ETH Down cid=0xa20173c6c0 price=0.495 prob=59.0% edge=9.2¢ mom=-0.996 trend=0.75 vol=0.0020 size=10.1 type=GTC  q=Ethereum Up or Down - March 6, 12:00PM-12:15PM ET
2026-03-06 12:01:48 | INFO     | polymarket_bot.strategies.short_duration_strategy | ⚡ SHORT-DUR: XRP Down cid=0x655c539f87 price=0.495 prob=55.6% edge=5.8¢ mom=-0.926 trend=0.50 vol=0.0009 size=10.1 type=GTC  q=XRP Up or Down - March 6, 12:15PM-12:20PM ET
2026-03-06 12:01:48 | INFO     | polymarket_bot.strategies.short_duration_strategy | ⚡ SHORT-DUR: SOL Down cid=0xddf2e3a610 price=0.495 prob=59.0% edge=9.2¢ mom=-0.999 trend=0.75 vol=0.0010 size=10.1 type=GTC  q=Solana Up or Down - March 6, 12:15PM-12:20PM ET
2026-03-06 12:01:48 | INFO     | polymarket_bot.orchestrator | Found 4 total signals across all strategies
2026-03-06 12:01:48 | INFO     | polymarket_bot.orchestrator | 📐 Sized 0xddf2e3a610 tier 1/3: $5.00 → $1.99 (25%)
2026-03-06 12:01:48 | INFO     | polymarket_bot.orchestrator | 📐 Sized 0xa20173c6c0 tier 1/3: $5.00 → $1.99 (25%)
2026-03-06 12:01:48 | INFO     | polymarket_bot.orchestrator | 📐 Sized 0xaa911a8609 tier 1/3: $5.00 → $1.99 (25%)
2026-03-06 12:01:48 | INFO     | polymarket_bot.orchestrator | 📐 Sized 0x655c539f87 tier 1/3: $5.00 → $1.99 (25%)
2026-03-06 12:01:48 | WARNING  | polymarket_bot.unified_executor | 🔴 Circuit breaker TRIPPED — blocking trade
2026-03-06 12:01:48 | WARNING  | __main__ | ❌ Signal execution failed: circuit_breaker_tripped
2026-03-06 12:01:48 | WARNING  | polymarket_bot.unified_executor | 🔴 Circuit breaker TRIPPED — blocking trade
2026-03-06 12:01:48 | WARNING  | __main__ | ❌ Signal execution failed: circuit_breaker_tripped
2026-03-06 12:01:48 | WARNING  | polymarket_bot.unified_executor | 🔴 Circuit breaker TRIPPED — blocking trade
2026-03-06 12:01:48 | WARNING  | __main__ | ❌ Signal execution failed: circuit_breaker_tripped
2026-03-06 12:01:48 | WARNING  | polymarket_bot.unified_executor | 🔴 Circuit breaker TRIPPED — blocking trade
2026-03-06 12:01:48 | WARNING  | __main__ | ❌ Signal execution failed: circuit_breaker_tripped
2026-03-06 12:01:48 | INFO     | __main__ | ======================================================================
2026-03-06 12:01:48 | INFO     | __main__ | ⏱️  UPTIME: 2412.3 minutes
2026-03-06 12:01:48 | INFO     | __main__ | 📊 SIGNALS: seen=56895 executed=180
2026-03-06 12:01:48 | INFO     | __main__ | 📈 EXECUTIONS: total=54316 success=180 failed=0
2026-03-06 12:01:48 | INFO     | __main__ | 🎯 STRATEGIES: 5 enabled
2026-03-06 12:01:48 | INFO     | __main__ | ⚡ SHORT-DURATION: 97 markets — unknown=97
2026-03-06 12:01:48 | INFO     | __main__ | 💼 WALLET: equity=$11.78 start=$40.00 adj=$0.00 size_mult=x1.00 dyn_max=$8.00
2026-03-06 12:01:48 | INFO     | __main__ | ⚙️  EXECUTION PROFILE: aggressive_maker
2026-03-06 12:01:48 | INFO     | __main__ | 🛡️  HEDGING: events=0 forced=0
2026-03-06 12:01:48 | INFO     | __main__ | 🧾 OPEN MAKER (paper): gtc_total=1
2026-03-06 12:01:48 | INFO     | __main__ |    Top open GTC by condition: 0xb4a0b846…:1
2026-03-06 12:01:48 | INFO     | __main__ | 🏦 Top inventory by condition (cost): 0xfe09259f…:$1.99, 0xdd5ab6d0…:$1.99, 0x69bd84ce…:$1.99
2026-03-06 12:01:48 | INFO     | __main__ | ──────────────────────────────────────────────────────────────────────
2026-03-06 12:01:48 | INFO     | __main__ | 💼 PORTFOLIO:
2026-03-06 12:01:48 | INFO     | __main__ |    Open Positions: 5
2026-03-06 12:01:48 | INFO     | __main__ |    Closed Positions: 169
2026-03-06 12:01:48 | INFO     | __main__ |    Redeemable: 0
2026-03-06 12:01:48 | INFO     | __main__ |    Cost Basis: $9.95
2026-03-06 12:01:48 | INFO     | __main__ | ──────────────────────────────────────────────────────────────────────
2026-03-06 12:01:48 | INFO     | __main__ | 💰 PROFITABILITY:
2026-03-06 12:01:48 | INFO     | __main__ |      Wallet: $11.78  (started $40.00)
2026-03-06 12:01:48 | INFO     | __main__ |      Realized P&L: $-28.2244
2026-03-06 12:01:48 | INFO     | __main__ |      Unrealized P&L: $0.0999
2026-03-06 12:01:48 | INFO     | __main__ |      Total P&L: $-28.1245
2026-03-06 12:01:48 | INFO     | __main__ |      Open Cost Basis: $9.95
2026-03-06 12:01:48 | INFO     | __main__ |      Realized ROI: -283.67%
2026-03-06 12:01:48 | INFO     | __main__ |    Closed: 169 positions
2026-03-06 12:01:48 | INFO     | __main__ |    Redeemed: 0 positions
2026-03-06 12:01:48 | INFO     | __main__ |    Total Realized: $-28.2244
2026-03-06 12:01:48 | INFO     | __main__ | ──────────────────────────────────────────────────────────────────────
2026-03-06 12:01:48 | INFO     | __main__ | 📊 STRATEGY BREAKDOWN (actual P&L):
2026-03-06 12:01:48 | INFO     | __main__ |    short_duration: 180 trades, realized=$-28.2244, total=$-28.1245
2026-03-06 12:01:48 | INFO     | __main__ | ──────────────────────────────────────────────────────────────────────
2026-03-06 12:01:48 | INFO     | __main__ | 🔁 QUOTE CHURN (paper): canceled=5 requoted=0
2026-03-06 12:01:48 | INFO     | __main__ | ──────────────────────────────────────────────────────────────────────
2026-03-06 12:01:48 | INFO     | __main__ | 🔌 CIRCUIT BREAKER: state=cooldown daily_loss=$0.00 drawdown=0.0% consec_losses=0 trips=77
2026-03-06 12:01:48 | INFO     | __main__ | ──────────────────────────────────────────────────────────────────────
2026-03-06 12:01:48 | INFO     | __main__ | 🧠 STRATEGY ATTRIBUTION (actual):
2026-03-06 12:01:48 | INFO     | __main__ |    short_duration: cost=$9.95 realized=$-28.2244 unrealized=$0.0999
2026-03-06 12:01:48 | INFO     | __main__ | ======================================================================
2026-03-06 12:01:48 | INFO     | __main__ | Iteration 14463: processed 4 signals
2026-03-06 12:01:56 | INFO     | polymarket_bot.orchestrator | 🕐 Resolution window [2d]: 477 → 0 markets
2026-03-06 12:01:57 | INFO     | polymarket_bot.scanner | 🔍 Short-duration scan: 98 markets found — unknown=98
2026-03-06 12:01:57 | INFO     | polymarket_bot.orchestrator | 📡 Short-duration: added 98 markets to universe (98 total in scan, 0 already present)
2026-03-06 12:01:57 | INFO     | polymarket_bot.strategies.short_duration_strategy | ⚡ SHORT-DUR: SOL Down cid=0x573bd987fa price=0.495 prob=59.0% edge=9.2¢ mom=-0.999 trend=0.75 vol=0.0010 size=10.1 type=GTC  q=Solana Up or Down - March 6, 12:20PM-12:25PM ET
2026-03-06 12:01:57 | INFO     | polymarket_bot.strategies.short_duration_strategy | ⚡ SHORT-DUR: BTC Down cid=0x6f1159986b price=0.495 prob=59.0% edge=9.2¢ mom=-0.996 trend=0.75 vol=0.0015 size=10.1 type=GTC  q=Bitcoin Up or Down - March 6, 12:20PM-12:25PM ET
2026-03-06 12:01:57 | INFO     | polymarket_bot.strategies.short_duration_strategy | ⚡ SHORT-DUR: XRP Down cid=0xed4647cead price=0.495 prob=55.6% edge=5.8¢ mom=-0.926 trend=0.50 vol=0.0009 size=10.1 type=GTC  q=XRP Up or Down - March 6, 12:20PM-12:25PM ET
2026-03-06 12:01:57 | INFO     | polymarket_bot.strategies.short_duration_strategy | ⚡ SHORT-DUR: ETH Down cid=0xb66225f865 price=0.505 prob=59.0% edge=8.2¢ mom=-0.996 trend=0.75 vol=0.0020 size=9.8 type=GTC  q=Ethereum Up or Down - March 6, 12:20PM-12:25PM ET
2026-03-06 12:01:57 | INFO     | polymarket_bot.orchestrator | Found 4 total signals across all strategies
2026-03-06 12:01:57 | INFO     | polymarket_bot.orchestrator | 📐 Sized 0x573bd987fa tier 1/3: $5.00 → $1.99 (25%)
2026-03-06 12:01:57 | INFO     | polymarket_bot.orchestrator | 📐 Sized 0x6f1159986b tier 1/3: $5.00 → $1.99 (25%)
2026-03-06 12:01:57 | INFO     | polymarket_bot.orchestrator | 📐 Sized 0xb66225f865 tier 1/3: $5.00 → $1.99 (25%)
2026-03-06 12:01:57 | INFO     | polymarket_bot.orchestrator | 📐 Sized 0xed4647cead tier 1/3: $5.00 → $1.99 (25%)
2026-03-06 12:01:57 | WARNING  | polymarket_bot.unified_executor | 🔴 Circuit breaker TRIPPED — blocking trade
2026-03-06 12:01:57 | WARNING  | __main__ | ❌ Signal execution failed: circuit_breaker_tripped
2026-03-06 12:01:57 | WARNING  | polymarket_bot.unified_executor | 🔴 Circuit breaker TRIPPED — blocking trade
2026-03-06 12:01:57 | WARNING  | __main__ | ❌ Signal execution failed: circuit_breaker_tripped
2026-03-06 12:01:57 | WARNING  | polymarket_bot.unified_executor | 🔴 Circuit breaker TRIPPED — blocking trade
2026-03-06 12:01:57 | WARNING  | __main__ | ❌ Signal execution failed: circuit_breaker_tripped
2026-03-06 12:01:57 | WARNING  | polymarket_bot.unified_executor | 🔴 Circuit breaker TRIPPED — blocking trade
2026-03-06 12:01:57 | WARNING  | __main__ | ❌ Signal execution failed: circuit_breaker_tripped
2026-03-06 12:01:57 | INFO     | __main__ | Iteration 14464: processed 4 signals
2026-03-06 12:02:06 | INFO     | polymarket_bot.orchestrator | 🕐 Resolution window [2d]: 477 → 0 markets
2026-03-06 12:02:07 | INFO     | polymarket_bot.scanner | 🔍 Short-duration scan: 98 markets found — unknown=98
2026-03-06 12:02:07 | INFO     | polymarket_bot.orchestrator | 📡 Short-duration: added 98 markets to universe (98 total in scan, 0 already present)
2026-03-06 12:02:09 | INFO     | polymarket_bot.strategies.short_duration_strategy | ⚡ SHORT-DUR: SOL Down cid=0x78e9d45f41 price=0.505 prob=59.0% edge=8.3¢ mom=-1.000 trend=0.75 vol=0.0011 size=9.8 type=GTC  q=Solana Up or Down - March 6, 12:15PM-12:30PM ET
2026-03-06 12:02:09 | INFO     | polymarket_bot.strategies.short_duration_strategy | ⚡ SHORT-DUR: XRP Down cid=0x9fe02d0972 price=0.495 prob=58.9% edge=9.2¢ mom=-0.993 trend=0.75 vol=0.0009 size=10.1 type=GTC  q=XRP Up or Down - March 6, 12:25PM-12:30PM ET
2026-03-06 12:02:09 | INFO     | polymarket_bot.strategies.short_duration_strategy | ⚡ SHORT-DUR: ETH Down cid=0xcf7d5161d0 price=0.495 prob=59.0% edge=9.2¢ mom=-0.998 trend=0.75 vol=0.0020 size=10.1 type=GTC  q=Ethereum Up or Down - March 6, 12:15PM-12:30PM ET
2026-03-06 12:02:09 | INFO     | polymarket_bot.strategies.short_duration_strategy | ⚡ SHORT-DUR: BTC Down cid=0x3343e6bdbb price=0.495 prob=59.0% edge=9.2¢ mom=-0.996 trend=0.75 vol=0.0015 size=10.1 type=GTC  q=Bitcoin Up or Down - March 6, 12:25PM-12:30PM ET
2026-03-06 12:02:09 | INFO     | polymarket_bot.orchestrator | Found 4 total signals across all strategies
2026-03-06 12:02:09 | INFO     | polymarket_bot.orchestrator | 📐 Sized 0xcf7d5161d0 tier 1/3: $5.00 → $1.99 (25%)
2026-03-06 12:02:09 | INFO     | polymarket_bot.orchestrator | 📐 Sized 0x3343e6bdbb tier 1/3: $5.00 → $1.99 (25%)
2026-03-06 12:02:09 | INFO     | polymarket_bot.orchestrator | 📐 Sized 0x9fe02d0972 tier 1/3: $5.00 → $1.99 (25%)
2026-03-06 12:02:09 | INFO     | polymarket_bot.orchestrator | 📐 Sized 0x78e9d45f41 tier 1/3: $5.00 → $1.99 (25%)
2026-03-06 12:02:09 | WARNING  | polymarket_bot.unified_executor | 🔴 Circuit breaker TRIPPED — blocking trade
2026-03-06 12:02:09 | WARNING  | __main__ | ❌ Signal execution failed: circuit_breaker_tripped
2026-03-06 12:02:09 | WARNING  | polymarket_bot.unified_executor | 🔴 Circuit breaker TRIPPED — blocking trade
2026-03-06 12:02:09 | WARNING  | __main__ | ❌ Signal execution failed: circuit_breaker_tripped
2026-03-06 12:02:09 | WARNING  | polymarket_bot.unified_executor | 🔴 Circuit breaker TRIPPED — blocking trade
2026-03-06 12:02:09 | WARNING  | __main__ | ❌ Signal execution failed: circuit_breaker_tripped
2026-03-06 12:02:09 | WARNING  | polymarket_bot.unified_executor | 🔴 Circuit breaker TRIPPED — blocking trade
2026-03-06 12:02:09 | WARNING  | __main__ | ❌ Signal execution failed: circuit_breaker_tripped
2026-03-06 12:02:09 | INFO     | __main__ | Iteration 14465: processed 4 signals
2026-03-06 12:02:16 | INFO     | polymarket_bot.orchestrator | 🕐 Resolution window [2d]: 477 → 0 markets
2026-03-06 12:02:17 | INFO     | polymarket_bot.scanner | 🔍 Short-duration scan: 98 markets found — unknown=98
2026-03-06 12:02:17 | INFO     | polymarket_bot.orchestrator | 📡 Short-duration: added 98 markets to universe (98 total in scan, 0 already present)
2026-03-06 12:02:19 | INFO     | polymarket_bot.strategies.short_duration_strategy | ⚡ SHORT-DUR: XRP Down cid=0xe8460623a8 price=0.495 prob=56.0% edge=6.2¢ mom=-0.992 trend=0.50 vol=0.0009 size=10.1 type=GTC  q=XRP Up or Down - March 6, 12:00PM-12:05PM ET
2026-03-06 12:02:19 | INFO     | polymarket_bot.strategies.short_duration_strategy | ⚡ SHORT-DUR: BTC Down cid=0x703ccc81a9 price=0.495 prob=59.0% edge=9.2¢ mom=-0.996 trend=0.75 vol=0.0015 size=10.1 type=GTC  q=Bitcoin Up or Down - March 6, 12:00PM-12:05PM ET
2026-03-06 12:02:19 | INFO     | polymarket_bot.strategies.short_duration_strategy | ⚡ SHORT-DUR: BTC Down cid=0x6a3cc2a337 price=0.495 prob=59.0% edge=9.2¢ mom=-0.996 trend=0.75 vol=0.0015 size=10.1 type=GTC  q=Bitcoin Up or Down - March 6, 12:05PM-12:10PM ET
2026-03-06 12:02:19 | INFO     | polymarket_bot.strategies.short_duration_strategy | ⚡ SHORT-DUR: XRP Down cid=0xd3a2b67836 price=0.495 prob=56.0% edge=6.2¢ mom=-0.992 trend=0.50 vol=0.0009 size=10.1 type=GTC  q=XRP Up or Down - March 6, 12:10PM-12:15PM ET
2026-03-06 12:02:19 | INFO     | polymarket_bot.orchestrator | Found 4 total signals across all strategies
2026-03-06 12:02:19 | INFO     | polymarket_bot.orchestrator | 📐 Sized 0x703ccc81a9 tier 1/3: $5.00 → $1.99 (25%)
2026-03-06 12:02:19 | INFO     | polymarket_bot.orchestrator | 📐 Sized 0x6a3cc2a337 tier 1/3: $5.00 → $1.99 (25%)
2026-03-06 12:02:19 | INFO     | polymarket_bot.orchestrator | 📐 Sized 0xe8460623a8 tier 1/3: $5.00 → $1.99 (25%)
2026-03-06 12:02:19 | INFO     | polymarket_bot.orchestrator | 📐 Sized 0xd3a2b67836 tier 1/3: $5.00 → $1.99 (25%)
2026-03-06 12:02:19 | WARNING  | polymarket_bot.unified_executor | 🔴 Circuit breaker TRIPPED — blocking trade
2026-03-06 12:02:19 | WARNING  | __main__ | ❌ Signal execution failed: circuit_breaker_tripped
2026-03-06 12:02:19 | WARNING  | polymarket_bot.unified_executor | 🔴 Circuit breaker TRIPPED — blocking trade
2026-03-06 12:02:19 | WARNING  | __main__ | ❌ Signal execution failed: circuit_breaker_tripped
2026-03-06 12:02:19 | WARNING  | polymarket_bot.unified_executor | 🔴 Circuit breaker TRIPPED — blocking trade
2026-03-06 12:02:19 | WARNING  | __main__ | ❌ Signal execution failed: circuit_breaker_tripped
2026-03-06 12:02:19 | WARNING  | polymarket_bot.unified_executor | 🔴 Circuit breaker TRIPPED — blocking trade
2026-03-06 12:02:19 | WARNING  | __main__ | ❌ Signal execution failed: circuit_breaker_tripped
2026-03-06 12:02:19 | INFO     | __main__ | Iteration 14466: processed 4 signals
2026-03-06 12:02:26 | INFO     | polymarket_bot.orchestrator | 🕐 Resolution window [2d]: 477 → 0 markets
2026-03-06 12:02:27 | INFO     | polymarket_bot.scanner | 🔍 Short-duration scan: 98 markets found — unknown=98
2026-03-06 12:02:27 | INFO     | polymarket_bot.orchestrator | 📡 Short-duration: added 98 markets to universe (98 total in scan, 0 already present)
2026-03-06 12:02:27 | INFO     | polymarket_bot.strategies.short_duration_strategy | ⚡ SHORT-DUR: SOL Down cid=0x5d3ee6f01a price=0.495 prob=59.0% edge=9.3¢ mom=-1.000 trend=0.75 vol=0.0011 size=10.1 type=GTC  q=Solana Up or Down - March 6, 12:10PM-12:15PM ET
2026-03-06 12:02:27 | INFO     | polymarket_bot.strategies.short_duration_strategy | ⚡ SHORT-DUR: XRP Down cid=0x2046289d24 price=0.495 prob=56.0% edge=6.2¢ mom=-0.992 trend=0.50 vol=0.0009 size=10.1 type=GTC  q=XRP Up or Down - March 6, 12:00PM-12:15PM ET
2026-03-06 12:02:27 | INFO     | polymarket_bot.strategies.short_duration_strategy | ⚡ SHORT-DUR: ETH Down cid=0x430aa33115 price=0.500 prob=59.0% edge=8.7¢ mom=-0.998 trend=0.75 vol=0.0020 size=9.9 type=GTC  q=Ethereum Up or Down - March 6, 12:10PM-12:15PM ET
2026-03-06 12:02:27 | INFO     | polymarket_bot.strategies.short_duration_strategy | ⚡ SHORT-DUR: BTC Down cid=0x7034ed5c09 price=0.495 prob=59.0% edge=9.2¢ mom=-0.996 trend=0.75 vol=0.0015 size=10.1 type=GTC  q=Bitcoin Up or Down - March 6, 12:00PM-12:15PM ET
2026-03-06 12:02:27 | INFO     | polymarket_bot.orchestrator | Found 4 total signals across all strategies
2026-03-06 12:02:27 | INFO     | polymarket_bot.orchestrator | 📐 Sized 0x5d3ee6f01a tier 1/3: $5.00 → $1.99 (25%)
2026-03-06 12:02:27 | INFO     | polymarket_bot.orchestrator | 📐 Sized 0x7034ed5c09 tier 1/3: $5.00 → $1.99 (25%)
2026-03-06 12:02:27 | INFO     | polymarket_bot.orchestrator | 📐 Sized 0x430aa33115 tier 1/3: $5.00 → $1.99 (25%)
2026-03-06 12:02:27 | INFO     | polymarket_bot.orchestrator | 📐 Sized 0x2046289d24 tier 1/3: $5.00 → $1.99 (25%)
2026-03-06 12:02:27 | WARNING  | polymarket_bot.unified_executor | 🔴 Circuit breaker TRIPPED — blocking trade
2026-03-06 12:02:27 | WARNING  | __main__ | ❌ Signal execution failed: circuit_breaker_tripped
2026-03-06 12:02:27 | WARNING  | polymarket_bot.unified_executor | 🔴 Circuit breaker TRIPPED — blocking trade
2026-03-06 12:02:27 | WARNING  | __main__ | ❌ Signal execution failed: circuit_breaker_tripped
2026-03-06 12:02:27 | WARNING  | polymarket_bot.unified_executor | 🔴 Circuit breaker TRIPPED — blocking trade
2026-03-06 12:02:27 | WARNING  | __main__ | ❌ Signal execution failed: circuit_breaker_tripped
2026-03-06 12:02:27 | WARNING  | polymarket_bot.unified_executor | 🔴 Circuit breaker TRIPPED — blocking trade
2026-03-06 12:02:27 | WARNING  | __main__ | ❌ Signal execution failed: circuit_breaker_tripped
2026-03-06 12:02:27 | INFO     | __main__ | Iteration 14467: processed 4 signals
2026-03-06 12:02:36 | INFO     | polymarket_bot.orchestrator | 🕐 Resolution window [2d]: 477 → 0 markets
2026-03-06 12:02:37 | INFO     | polymarket_bot.scanner | 🔍 Short-duration scan: 98 markets found — unknown=98
2026-03-06 12:02:37 | INFO     | polymarket_bot.orchestrator | 📡 Short-duration: added 98 markets to universe (98 total in scan, 0 already present)
2026-03-06 12:02:38 | INFO     | polymarket_bot.strategies.short_duration_strategy | ⚡ SHORT-DUR: SOL Down cid=0x05b93fd152 price=0.500 prob=59.0% edge=8.7¢ mom=-1.000 trend=0.75 vol=0.0011 size=9.9 type=GTC  q=Solana Up or Down - March 6, 12:00PM-12:05PM ET
2026-03-06 12:02:38 | INFO     | polymarket_bot.strategies.short_duration_strategy | ⚡ SHORT-DUR: ETH Down cid=0x62af176cac price=0.505 prob=59.0% edge=8.2¢ mom=-0.998 trend=0.75 vol=0.0020 size=9.8 type=GTC  q=Ethereum Up or Down - March 6, 12:00PM-12:05PM ET
2026-03-06 12:02:38 | INFO     | polymarket_bot.strategies.short_duration_strategy | ⚡ SHORT-DUR: SOL Down cid=0x32a116c4f0 price=0.505 prob=59.0% edge=8.3¢ mom=-1.000 trend=0.75 vol=0.0011 size=9.8 type=GTC  q=Solana Up or Down - March 6, 12:05PM-12:10PM ET
2026-03-06 12:02:38 | INFO     | polymarket_bot.strategies.short_duration_strategy | ⚡ SHORT-DUR: XRP Down cid=0x97d2ac34a4 price=0.495 prob=56.0% edge=6.2¢ mom=-0.992 trend=0.50 vol=0.0009 size=10.1 type=GTC  q=XRP Up or Down - March 6, 12:05PM-12:10PM ET
2026-03-06 12:02:38 | INFO     | polymarket_bot.orchestrator | Found 4 total signals across all strategies
2026-03-06 12:02:38 | INFO     | polymarket_bot.orchestrator | 📐 Sized 0x05b93fd152 tier 1/3: $5.00 → $1.99 (25%)
2026-03-06 12:02:38 | INFO     | polymarket_bot.orchestrator | 📐 Sized 0x32a116c4f0 tier 1/3: $5.00 → $1.99 (25%)
2026-03-06 12:02:38 | INFO     | polymarket_bot.orchestrator | 📐 Sized 0x62af176cac tier 1/3: $5.00 → $1.99 (25%)
2026-03-06 12:02:38 | INFO     | polymarket_bot.orchestrator | 📐 Sized 0x97d2ac34a4 tier 1/3: $5.00 → $1.99 (25%)
2026-03-06 12:02:38 | WARNING  | polymarket_bot.unified_executor | 🔴 Circuit breaker TRIPPED — blocking trade
2026-03-06 12:02:38 | WARNING  | __main__ | ❌ Signal execution failed: circuit_breaker_tripped
2026-03-06 12:02:38 | WARNING  | polymarket_bot.unified_executor | 🔴 Circuit breaker TRIPPED — blocking trade
2026-03-06 12:02:38 | WARNING  | __main__ | ❌ Signal execution failed: circuit_breaker_tripped
2026-03-06 12:02:38 | WARNING  | polymarket_bot.unified_executor | 🔴 Circuit breaker TRIPPED — blocking trade
2026-03-06 12:02:38 | WARNING  | __main__ | ❌ Signal execution failed: circuit_breaker_tripped
2026-03-06 12:02:38 | WARNING  | polymarket_bot.unified_executor | 🔴 Circuit breaker TRIPPED — blocking trade
2026-03-06 12:02:38 | WARNING  | __main__ | ❌ Signal execution failed: circuit_breaker_tripped
2026-03-06 12:02:38 | INFO     | __main__ | Iteration 14468: processed 4 signals
2026-03-06 12:02:46 | INFO     | polymarket_bot.orchestrator | 🕐 Resolution window [2d]: 477 → 0 markets
2026-03-06 12:02:47 | INFO     | polymarket_bot.scanner | 🔍 Short-duration scan: 98 markets found — unknown=98
2026-03-06 12:02:47 | INFO     | polymarket_bot.orchestrator | 📡 Short-duration: added 98 markets to universe (98 total in scan, 0 already present)
2026-03-06 12:02:48 | INFO     | polymarket_bot.strategies.short_duration_strategy | ⚡ SHORT-DUR: ETH Down cid=0xaa911a8609 price=0.505 prob=59.0% edge=8.2¢ mom=-0.998 trend=0.75 vol=0.0020 size=9.8 type=GTC  q=Ethereum Up or Down - March 6, 12:05PM-12:10PM ET
2026-03-06 12:02:48 | INFO     | polymarket_bot.strategies.short_duration_strategy | ⚡ SHORT-DUR: BTC Down cid=0x8504132b88 price=0.495 prob=58.9% edge=9.2¢ mom=-0.993 trend=0.75 vol=0.0015 size=10.1 type=GTC  q=Bitcoin Up or Down - March 6, 12:10PM-12:15PM ET
2026-03-06 12:02:48 | INFO     | polymarket_bot.strategies.short_duration_strategy | ⚡ SHORT-DUR: SOL Down cid=0x7511354ba0 price=0.490 prob=59.0% edge=9.8¢ mom=-1.000 trend=0.75 vol=0.0011 size=10.2 type=GTC  q=Solana Up or Down - March 6, 12:00PM-12:15PM ET
2026-03-06 12:02:48 | INFO     | polymarket_bot.strategies.short_duration_strategy | ⚡ SHORT-DUR: ETH Down cid=0xa20173c6c0 price=0.495 prob=59.0% edge=9.2¢ mom=-0.998 trend=0.75 vol=0.0020 size=10.1 type=GTC  q=Ethereum Up or Down - March 6, 12:00PM-12:15PM ET
2026-03-06 12:02:48 | INFO     | polymarket_bot.orchestrator | Found 4 total signals across all strategies
2026-03-06 12:02:48 | INFO     | polymarket_bot.orchestrator | 📐 Sized 0x7511354ba0 tier 1/3: $5.00 → $1.99 (25%)
2026-03-06 12:02:48 | INFO     | polymarket_bot.orchestrator | 📐 Sized 0xa20173c6c0 tier 1/3: $5.00 → $1.99 (25%)
2026-03-06 12:02:48 | INFO     | polymarket_bot.orchestrator | 📐 Sized 0x8504132b88 tier 1/3: $5.00 → $1.99 (25%)
2026-03-06 12:02:48 | INFO     | polymarket_bot.orchestrator | 📐 Sized 0xaa911a8609 tier 1/3: $5.00 → $1.99 (25%)
2026-03-06 12:02:48 | WARNING  | polymarket_bot.unified_executor | 🔴 Circuit breaker TRIPPED — blocking trade
2026-03-06 12:02:48 | WARNING  | __main__ | ❌ Signal execution failed: circuit_breaker_tripped
2026-03-06 12:02:48 | WARNING  | polymarket_bot.unified_executor | 🔴 Circuit breaker TRIPPED — blocking trade
2026-03-06 12:02:48 | WARNING  | __main__ | ❌ Signal execution failed: circuit_breaker_tripped
2026-03-06 12:02:48 | WARNING  | polymarket_bot.unified_executor | 🔴 Circuit breaker TRIPPED — blocking trade
2026-03-06 12:02:48 | WARNING  | __main__ | ❌ Signal execution failed: circuit_breaker_tripped
2026-03-06 12:02:48 | WARNING  | polymarket_bot.unified_executor | 🔴 Circuit breaker TRIPPED — blocking trade
2026-03-06 12:02:48 | WARNING  | __main__ | ❌ Signal execution failed: circuit_breaker_tripped
2026-03-06 12:02:48 | INFO     | __main__ | ======================================================================
2026-03-06 12:02:48 | INFO     | __main__ | ⏱️  UPTIME: 2413.3 minutes
2026-03-06 12:02:48 | INFO     | __main__ | 📊 SIGNALS: seen=56919 executed=180
2026-03-06 12:02:48 | INFO     | __main__ | 📈 EXECUTIONS: total=54340 success=180 failed=0
2026-03-06 12:02:48 | INFO     | __main__ | 🎯 STRATEGIES: 5 enabled
2026-03-06 12:02:48 | INFO     | __main__ | ⚡ SHORT-DURATION: 98 markets — unknown=98
2026-03-06 12:02:48 | INFO     | __main__ | 💼 WALLET: equity=$11.78 start=$40.00 adj=$0.00 size_mult=x1.00 dyn_max=$8.00
2026-03-06 12:02:48 | INFO     | __main__ | ⚙️  EXECUTION PROFILE: aggressive_maker
2026-03-06 12:02:48 | INFO     | __main__ | 🛡️  HEDGING: events=0 forced=0
2026-03-06 12:02:48 | INFO     | __main__ | 🧾 OPEN MAKER (paper): gtc_total=1
2026-03-06 12:02:48 | INFO     | __main__ |    Top open GTC by condition: 0xb4a0b846…:1
2026-03-06 12:02:48 | INFO     | __main__ | 🏦 Top inventory by condition (cost): 0xfe09259f…:$1.99, 0xdd5ab6d0…:$1.99, 0x69bd84ce…:$1.99
2026-03-06 12:02:48 | INFO     | __main__ | ──────────────────────────────────────────────────────────────────────
2026-03-06 12:02:48 | INFO     | __main__ | 💼 PORTFOLIO:
2026-03-06 12:02:48 | INFO     | __main__ |    Open Positions: 5
2026-03-06 12:02:48 | INFO     | __main__ |    Closed Positions: 169
2026-03-06 12:02:48 | INFO     | __main__ |    Redeemable: 0
2026-03-06 12:02:48 | INFO     | __main__ |    Cost Basis: $9.95
2026-03-06 12:02:48 | INFO     | __main__ | ──────────────────────────────────────────────────────────────────────
2026-03-06 12:02:48 | INFO     | __main__ | 💰 PROFITABILITY:
2026-03-06 12:02:48 | INFO     | __main__ |      Wallet: $11.78  (started $40.00)
2026-03-06 12:02:48 | INFO     | __main__ |      Realized P&L: $-28.2244
2026-03-06 12:02:48 | INFO     | __main__ |      Unrealized P&L: $0.0999
2026-03-06 12:02:48 | INFO     | __main__ |      Total P&L: $-28.1245
2026-03-06 12:02:48 | INFO     | __main__ |      Open Cost Basis: $9.95
2026-03-06 12:02:48 | INFO     | __main__ |      Realized ROI: -283.67%
2026-03-06 12:02:48 | INFO     | __main__ |    Closed: 169 positions
2026-03-06 12:02:48 | INFO     | __main__ |    Redeemed: 0 positions
2026-03-06 12:02:48 | INFO     | __main__ |    Total Realized: $-28.2244
2026-03-06 12:02:48 | INFO     | __main__ | ──────────────────────────────────────────────────────────────────────
2026-03-06 12:02:48 | INFO     | __main__ | 📊 STRATEGY BREAKDOWN (actual P&L):
2026-03-06 12:02:48 | INFO     | __main__ |    short_duration: 180 trades, realized=$-28.2244, total=$-28.1245
2026-03-06 12:02:48 | INFO     | __main__ | ──────────────────────────────────────────────────────────────────────
2026-03-06 12:02:48 | INFO     | __main__ | 🔁 QUOTE CHURN (paper): canceled=5 requoted=0
2026-03-06 12:02:48 | INFO     | __main__ | ──────────────────────────────────────────────────────────────────────
2026-03-06 12:02:48 | INFO     | __main__ | 🔌 CIRCUIT BREAKER: state=cooldown daily_loss=$0.00 drawdown=0.0% consec_losses=0 trips=77
2026-03-06 12:02:48 | INFO     | __main__ | ──────────────────────────────────────────────────────────────────────
2026-03-06 12:02:48 | INFO     | __main__ | 🧠 STRATEGY ATTRIBUTION (actual):
2026-03-06 12:02:48 | INFO     | __main__ |    short_duration: cost=$9.95 realized=$-28.2244 unrealized=$0.0999
2026-03-06 12:02:48 | INFO     | __main__ | ======================================================================
2026-03-06 12:02:48 | INFO     | __main__ | Iteration 14469: processed 4 signals
2026-03-06 12:02:56 | INFO     | polymarket_bot.orchestrator | 🕐 Resolution window [2d]: 477 → 0 markets
2026-03-06 12:02:57 | INFO     | polymarket_bot.scanner | 🔍 Short-duration scan: 98 markets found — unknown=98
2026-03-06 12:02:57 | INFO     | polymarket_bot.orchestrator | 📡 Short-duration: added 98 markets to universe (98 total in scan, 0 already present)
2026-03-06 12:02:59 | INFO     | polymarket_bot.strategies.short_duration_strategy | ⚡ SHORT-DUR: BTC Down cid=0x075b9a8228 price=0.495 prob=58.9% edge=9.2¢ mom=-0.993 trend=0.75 vol=0.0015 size=10.1 type=GTC  q=Bitcoin Up or Down - March 6, 12:15PM-12:20PM ET
2026-03-06 12:02:59 | INFO     | polymarket_bot.strategies.short_duration_strategy | ⚡ SHORT-DUR: ETH Down cid=0x2e220b9446 price=0.505 prob=59.0% edge=8.2¢ mom=-0.998 trend=0.75 vol=0.0020 size=9.8 type=GTC  q=Ethereum Up or Down - March 6, 12:15PM-12:20PM ET
2026-03-06 12:02:59 | INFO     | polymarket_bot.strategies.short_duration_strategy | ⚡ SHORT-DUR: XRP Down cid=0x655c539f87 price=0.495 prob=55.6% edge=5.8¢ mom=-0.929 trend=0.50 vol=0.0009 size=10.1 type=GTC  q=XRP Up or Down - March 6, 12:15PM-12:20PM ET
2026-03-06 12:02:59 | INFO     | polymarket_bot.strategies.short_duration_strategy | ⚡ SHORT-DUR: SOL Down cid=0xddf2e3a610 price=0.495 prob=59.0% edge=9.3¢ mom=-1.000 trend=0.75 vol=0.0011 size=10.1 type=GTC  q=Solana Up or Down - March 6, 12:15PM-12:20PM ET
2026-03-06 12:02:59 | INFO     | polymarket_bot.orchestrator | Found 4 total signals across all strategies
2026-03-06 12:02:59 | INFO     | polymarket_bot.orchestrator | 📐 Sized 0xddf2e3a610 tier 1/3: $5.00 → $1.99 (25%)
2026-03-06 12:02:59 | INFO     | polymarket_bot.orchestrator | 📐 Sized 0x075b9a8228 tier 1/3: $5.00 → $1.99 (25%)
2026-03-06 12:02:59 | INFO     | polymarket_bot.orchestrator | 📐 Sized 0x2e220b9446 tier 1/3: $5.00 → $1.99 (25%)
2026-03-06 12:02:59 | INFO     | polymarket_bot.orchestrator | 📐 Sized 0x655c539f87 tier 1/3: $5.00 → $1.99 (25%)
2026-03-06 12:02:59 | WARNING  | polymarket_bot.unified_executor | 🔴 Circuit breaker TRIPPED — blocking trade
2026-03-06 12:02:59 | WARNING  | __main__ | ❌ Signal execution failed: circuit_breaker_tripped
2026-03-06 12:02:59 | WARNING  | polymarket_bot.unified_executor | 🔴 Circuit breaker TRIPPED — blocking trade
2026-03-06 12:02:59 | WARNING  | __main__ | ❌ Signal execution failed: circuit_breaker_tripped
2026-03-06 12:02:59 | WARNING  | polymarket_bot.unified_executor | 🔴 Circuit breaker TRIPPED — blocking trade
2026-03-06 12:02:59 | WARNING  | __main__ | ❌ Signal execution failed: circuit_breaker_tripped
2026-03-06 12:02:59 | WARNING  | polymarket_bot.unified_executor | 🔴 Circuit breaker TRIPPED — blocking trade
2026-03-06 12:02:59 | WARNING  | __main__ | ❌ Signal execution failed: circuit_breaker_tripped
2026-03-06 12:02:59 | INFO     | __main__ | Iteration 14470: processed 4 signals
2026-03-06 12:03:06 | INFO     | polymarket_bot.orchestrator | 🕐 Resolution window [2d]: 477 → 0 markets
2026-03-06 12:03:07 | INFO     | polymarket_bot.scanner | 🔍 Short-duration scan: 98 markets found — unknown=98
2026-03-06 12:03:07 | INFO     | polymarket_bot.orchestrator | 📡 Short-duration: added 98 markets to universe (98 total in scan, 0 already present)
2026-03-06 12:03:07 | INFO     | polymarket_bot.strategies.short_duration_strategy | ⚡ SHORT-DUR: SOL Down cid=0x573bd987fa price=0.495 prob=59.0% edge=9.3¢ mom=-1.000 trend=0.75 vol=0.0011 size=10.1 type=GTC  q=Solana Up or Down - March 6, 12:20PM-12:25PM ET
2026-03-06 12:03:07 | INFO     | polymarket_bot.strategies.short_duration_strategy | ⚡ SHORT-DUR: BTC Down cid=0x6f1159986b price=0.495 prob=58.9% edge=9.2¢ mom=-0.993 trend=0.75 vol=0.0015 size=10.1 type=GTC  q=Bitcoin Up or Down - March 6, 12:20PM-12:25PM ET
2026-03-06 12:03:07 | INFO     | polymarket_bot.strategies.short_duration_strategy | ⚡ SHORT-DUR: XRP Down cid=0xed4647cead price=0.495 prob=55.6% edge=5.8¢ mom=-0.929 trend=0.50 vol=0.0009 size=10.1 type=GTC  q=XRP Up or Down - March 6, 12:20PM-12:25PM ET
2026-03-06 12:03:07 | INFO     | polymarket_bot.strategies.short_duration_strategy | ⚡ SHORT-DUR: ETH Down cid=0xb66225f865 price=0.505 prob=59.0% edge=8.2¢ mom=-0.998 trend=0.75 vol=0.0020 size=9.8 type=GTC  q=Ethereum Up or Down - March 6, 12:20PM-12:25PM ET
2026-03-06 12:03:07 | INFO     | polymarket_bot.orchestrator | Found 4 total signals across all strategies
2026-03-06 12:03:07 | INFO     | polymarket_bot.orchestrator | 📐 Sized 0x573bd987fa tier 1/3: $5.00 → $1.99 (25%)
2026-03-06 12:03:07 | INFO     | polymarket_bot.orchestrator | 📐 Sized 0x6f1159986b tier 1/3: $5.00 → $1.99 (25%)
2026-03-06 12:03:07 | INFO     | polymarket_bot.orchestrator | 📐 Sized 0xb66225f865 tier 1/3: $5.00 → $1.99 (25%)
2026-03-06 12:03:07 | INFO     | polymarket_bot.orchestrator | 📐 Sized 0xed4647cead tier 1/3: $5.00 → $1.99 (25%)
2026-03-06 12:03:07 | WARNING  | polymarket_bot.unified_executor | 🔴 Circuit breaker TRIPPED — blocking trade
2026-03-06 12:03:07 | WARNING  | __main__ | ❌ Signal execution failed: circuit_breaker_tripped
2026-03-06 12:03:07 | WARNING  | polymarket_bot.unified_executor | 🔴 Circuit breaker TRIPPED — blocking trade
2026-03-06 12:03:07 | WARNING  | __main__ | ❌ Signal execution failed: circuit_breaker_tripped
2026-03-06 12:03:07 | WARNING  | polymarket_bot.unified_executor | 🔴 Circuit breaker TRIPPED — blocking trade
2026-03-06 12:03:07 | WARNING  | __main__ | ❌ Signal execution failed: circuit_breaker_tripped
2026-03-06 12:03:07 | WARNING  | polymarket_bot.unified_executor | 🔴 Circuit breaker TRIPPED — blocking trade
2026-03-06 12:03:07 | WARNING  | __main__ | ❌ Signal execution failed: circuit_breaker_tripped
2026-03-06 12:03:07 | INFO     | __main__ | Iteration 14471: processed 4 signals
2026-03-06 12:03:16 | INFO     | polymarket_bot.orchestrator | 🕐 Resolution window [2d]: 477 → 0 markets
2026-03-06 12:03:17 | INFO     | polymarket_bot.scanner | 🔍 Short-duration scan: 98 markets found — unknown=98
2026-03-06 12:03:17 | INFO     | polymarket_bot.orchestrator | 📡 Short-duration: added 98 markets to universe (98 total in scan, 0 already present)
2026-03-06 12:03:18 | INFO     | polymarket_bot.strategies.short_duration_strategy | ⚡ SHORT-DUR: SOL Down cid=0x78e9d45f41 price=0.505 prob=56.0% edge=5.2¢ mom=-0.999 trend=0.50 vol=0.0011 size=9.8 type=GTC  q=Solana Up or Down - March 6, 12:15PM-12:30PM ET
2026-03-06 12:03:18 | INFO     | polymarket_bot.strategies.short_duration_strategy | ⚡ SHORT-DUR: XRP Down cid=0x9fe02d0972 price=0.495 prob=55.8% edge=6.1¢ mom=-0.975 trend=0.50 vol=0.0009 size=10.1 type=GTC  q=XRP Up or Down - March 6, 12:25PM-12:30PM ET
2026-03-06 12:03:18 | INFO     | polymarket_bot.strategies.short_duration_strategy | ⚡ SHORT-DUR: ETH Down cid=0xcf7d5161d0 price=0.495 prob=56.0% edge=6.2¢ mom=-0.999 trend=0.50 vol=0.0020 size=10.1 type=GTC  q=Ethereum Up or Down - March 6, 12:15PM-12:30PM ET
2026-03-06 12:03:18 | INFO     | polymarket_bot.strategies.short_duration_strategy | ⚡ SHORT-DUR: BTC Down cid=0x3343e6bdbb price=0.495 prob=58.9% edge=9.2¢ mom=-0.993 trend=0.75 vol=0.0015 size=10.1 type=GTC  q=Bitcoin Up or Down - March 6, 12:25PM-12:30PM ET
2026-03-06 12:03:18 | INFO     | polymarket_bot.orchestrator | Found 4 total signals across all strategies
2026-03-06 12:03:18 | INFO     | polymarket_bot.orchestrator | 📐 Sized 0x3343e6bdbb tier 1/3: $5.00 → $1.99 (25%)
2026-03-06 12:03:18 | INFO     | polymarket_bot.orchestrator | 📐 Sized 0xcf7d5161d0 tier 1/3: $5.00 → $1.99 (25%)
2026-03-06 12:03:18 | INFO     | polymarket_bot.orchestrator | 📐 Sized 0x9fe02d0972 tier 1/3: $5.00 → $1.99 (25%)
2026-03-06 12:03:18 | INFO     | polymarket_bot.orchestrator | 📐 Sized 0x78e9d45f41 tier 1/3: $5.00 → $1.99 (25%)
2026-03-06 12:03:18 | WARNING  | polymarket_bot.unified_executor | 🔴 Circuit breaker TRIPPED — blocking trade
2026-03-06 12:03:18 | WARNING  | __main__ | ❌ Signal execution failed: circuit_breaker_tripped
2026-03-06 12:03:18 | WARNING  | polymarket_bot.unified_executor | 🔴 Circuit breaker TRIPPED — blocking trade
2026-03-06 12:03:18 | WARNING  | __main__ | ❌ Signal execution failed: circuit_breaker_tripped
2026-03-06 12:03:18 | WARNING  | polymarket_bot.unified_executor | 🔴 Circuit breaker TRIPPED — blocking trade
2026-03-06 12:03:18 | WARNING  | __main__ | ❌ Signal execution failed: circuit_breaker_tripped
2026-03-06 12:03:18 | WARNING  | polymarket_bot.unified_executor | 🔴 Circuit breaker TRIPPED — blocking trade
2026-03-06 12:03:18 | WARNING  | __main__ | ❌ Signal execution failed: circuit_breaker_tripped
2026-03-06 12:03:18 | INFO     | __main__ | Iteration 14472: processed 4 signals
2026-03-06 12:03:26 | INFO     | polymarket_bot.orchestrator | 🕐 Resolution window [2d]: 477 → 0 markets
2026-03-06 12:03:27 | INFO     | polymarket_bot.scanner | 🔍 Short-duration scan: 97 markets found — unknown=97
2026-03-06 12:03:27 | INFO     | polymarket_bot.orchestrator | 📡 Short-duration: added 97 markets to universe (97 total in scan, 0 already present)
2026-03-06 12:03:29 | INFO     | polymarket_bot.strategies.short_duration_strategy | ⚡ SHORT-DUR: XRP Down cid=0xe8460623a8 price=0.495 prob=55.8% edge=6.1¢ mom=-0.975 trend=0.50 vol=0.0009 size=10.1 type=GTC  q=XRP Up or Down - March 6, 12:00PM-12:05PM ET
2026-03-06 12:03:29 | INFO     | polymarket_bot.strategies.short_duration_strategy | ⚡ SHORT-DUR: BTC Down cid=0x703ccc81a9 price=0.495 prob=58.9% edge=9.2¢ mom=-0.993 trend=0.75 vol=0.0015 size=10.1 type=GTC  q=Bitcoin Up or Down - March 6, 12:00PM-12:05PM ET
2026-03-06 12:03:29 | INFO     | polymarket_bot.strategies.short_duration_strategy | ⚡ SHORT-DUR: BTC Down cid=0x6a3cc2a337 price=0.495 prob=58.9% edge=9.2¢ mom=-0.993 trend=0.75 vol=0.0015 size=10.1 type=GTC  q=Bitcoin Up or Down - March 6, 12:05PM-12:10PM ET
2026-03-06 12:03:29 | INFO     | polymarket_bot.strategies.short_duration_strategy | ⚡ SHORT-DUR: XRP Down cid=0xd3a2b67836 price=0.495 prob=55.8% edge=6.1¢ mom=-0.975 trend=0.50 vol=0.0009 size=10.1 type=GTC  q=XRP Up or Down - March 6, 12:10PM-12:15PM ET
2026-03-06 12:03:29 | INFO     | polymarket_bot.orchestrator | Found 4 total signals across all strategies
2026-03-06 12:03:29 | INFO     | polymarket_bot.orchestrator | 📐 Sized 0x703ccc81a9 tier 1/3: $5.00 → $1.99 (25%)
2026-03-06 12:03:29 | INFO     | polymarket_bot.orchestrator | 📐 Sized 0x6a3cc2a337 tier 1/3: $5.00 → $1.99 (25%)
2026-03-06 12:03:29 | INFO     | polymarket_bot.orchestrator | 📐 Sized 0xe8460623a8 tier 1/3: $5.00 → $1.99 (25%)
2026-03-06 12:03:29 | INFO     | polymarket_bot.orchestrator | 📐 Sized 0xd3a2b67836 tier 1/3: $5.00 → $1.99 (25%)
2026-03-06 12:03:29 | WARNING  | polymarket_bot.unified_executor | 🔴 Circuit breaker TRIPPED — blocking trade
2026-03-06 12:03:29 | WARNING  | __main__ | ❌ Signal execution failed: circuit_breaker_tripped
2026-03-06 12:03:29 | WARNING  | polymarket_bot.unified_executor | 🔴 Circuit breaker TRIPPED — blocking trade
2026-03-06 12:03:29 | WARNING  | __main__ | ❌ Signal execution failed: circuit_breaker_tripped
2026-03-06 12:03:29 | WARNING  | polymarket_bot.unified_executor | 🔴 Circuit breaker TRIPPED — blocking trade
2026-03-06 12:03:29 | WARNING  | __main__ | ❌ Signal execution failed: circuit_breaker_tripped
2026-03-06 12:03:29 | WARNING  | polymarket_bot.unified_executor | 🔴 Circuit breaker TRIPPED — blocking trade
2026-03-06 12:03:29 | WARNING  | __main__ | ❌ Signal execution failed: circuit_breaker_tripped
2026-03-06 12:03:29 | INFO     | __main__ | Iteration 14473: processed 4 signals
2026-03-06 12:03:36 | INFO     | polymarket_bot.orchestrator | 🕐 Resolution window [2d]: 477 → 0 markets
2026-03-06 12:03:37 | INFO     | polymarket_bot.scanner | 🔍 Short-duration scan: 98 markets found — unknown=98
2026-03-06 12:03:37 | INFO     | polymarket_bot.orchestrator | 📡 Short-duration: added 98 markets to universe (98 total in scan, 0 already present)
2026-03-06 12:03:39 | INFO     | polymarket_bot.strategies.short_duration_strategy | ⚡ SHORT-DUR: SOL Down cid=0x05b93fd152 price=0.505 prob=56.0% edge=5.2¢ mom=-0.999 trend=0.50 vol=0.0011 size=9.8 type=GTC  q=Solana Up or Down - March 6, 12:00PM-12:05PM ET
2026-03-06 12:03:39 | INFO     | polymarket_bot.strategies.short_duration_strategy | ⚡ SHORT-DUR: ETH Down cid=0x62af176cac price=0.505 prob=56.0% edge=5.2¢ mom=-0.999 trend=0.50 vol=0.0020 size=9.8 type=GTC  q=Ethereum Up or Down - March 6, 12:00PM-12:05PM ET
2026-03-06 12:03:39 | INFO     | polymarket_bot.strategies.short_duration_strategy | ⚡ SHORT-DUR: SOL Down cid=0x32a116c4f0 price=0.495 prob=56.0% edge=6.2¢ mom=-0.999 trend=0.50 vol=0.0011 size=10.1 type=GTC  q=Solana Up or Down - March 6, 12:05PM-12:10PM ET
2026-03-06 12:03:39 | INFO     | polymarket_bot.strategies.short_duration_strategy | ⚡ SHORT-DUR: XRP Down cid=0x97d2ac34a4 price=0.495 prob=55.8% edge=6.1¢ mom=-0.975 trend=0.50 vol=0.0009 size=10.1 type=GTC  q=XRP Up or Down - March 6, 12:05PM-12:10PM ET
2026-03-06 12:03:39 | INFO     | polymarket_bot.orchestrator | Found 4 total signals across all strategies
2026-03-06 12:03:39 | INFO     | polymarket_bot.orchestrator | 📐 Sized 0x32a116c4f0 tier 1/3: $5.00 → $1.99 (25%)
2026-03-06 12:03:39 | INFO     | polymarket_bot.orchestrator | 📐 Sized 0x97d2ac34a4 tier 1/3: $5.00 → $1.99 (25%)
2026-03-06 12:03:39 | INFO     | polymarket_bot.orchestrator | 📐 Sized 0x05b93fd152 tier 1/3: $5.00 → $1.99 (25%)
2026-03-06 12:03:39 | INFO     | polymarket_bot.orchestrator | 📐 Sized 0x62af176cac tier 1/3: $5.00 → $1.99 (25%)
2026-03-06 12:03:39 | WARNING  | polymarket_bot.unified_executor | 🔴 Circuit breaker TRIPPED — blocking trade
2026-03-06 12:03:39 | WARNING  | __main__ | ❌ Signal execution failed: circuit_breaker_tripped
2026-03-06 12:03:39 | WARNING  | polymarket_bot.unified_executor | 🔴 Circuit breaker TRIPPED — blocking trade
2026-03-06 12:03:39 | WARNING  | __main__ | ❌ Signal execution failed: circuit_breaker_tripped
2026-03-06 12:03:39 | WARNING  | polymarket_bot.unified_executor | 🔴 Circuit breaker TRIPPED — blocking trade
2026-03-06 12:03:39 | WARNING  | __main__ | ❌ Signal execution failed: circuit_breaker_tripped
2026-03-06 12:03:39 | WARNING  | polymarket_bot.unified_executor | 🔴 Circuit breaker TRIPPED — blocking trade
2026-03-06 12:03:39 | WARNING  | __main__ | ❌ Signal execution failed: circuit_breaker_tripped
2026-03-06 12:03:39 | INFO     | __main__ | Iteration 14474: processed 4 signals
2026-03-06 12:03:46 | INFO     | polymarket_bot.orchestrator | 🕐 Resolution window [2d]: 477 → 0 markets
2026-03-06 12:03:47 | INFO     | polymarket_bot.scanner | 🔍 Short-duration scan: 98 markets found — unknown=98
2026-03-06 12:03:47 | INFO     | polymarket_bot.orchestrator | 📡 Short-duration: added 98 markets to universe (98 total in scan, 0 already present)
2026-03-06 12:03:47 | INFO     | polymarket_bot.strategies.short_duration_strategy | ⚡ SHORT-DUR: SOL Down cid=0x5d3ee6f01a price=0.495 prob=56.0% edge=6.2¢ mom=-0.999 trend=0.50 vol=0.0011 size=10.1 type=GTC  q=Solana Up or Down - March 6, 12:10PM-12:15PM ET
2026-03-06 12:03:47 | INFO     | polymarket_bot.strategies.short_duration_strategy | ⚡ SHORT-DUR: XRP Down cid=0x2046289d24 price=0.495 prob=55.8% edge=6.1¢ mom=-0.975 trend=0.50 vol=0.0009 size=10.1 type=GTC  q=XRP Up or Down - March 6, 12:00PM-12:15PM ET
2026-03-06 12:03:47 | INFO     | polymarket_bot.strategies.short_duration_strategy | ⚡ SHORT-DUR: ETH Down cid=0x430aa33115 price=0.500 prob=56.0% edge=5.7¢ mom=-0.999 trend=0.50 vol=0.0020 size=9.9 type=GTC  q=Ethereum Up or Down - March 6, 12:10PM-12:15PM ET
2026-03-06 12:03:47 | INFO     | polymarket_bot.strategies.short_duration_strategy | ⚡ SHORT-DUR: BTC Down cid=0x7034ed5c09 price=0.495 prob=58.9% edge=9.2¢ mom=-0.993 trend=0.75 vol=0.0015 size=10.1 type=GTC  q=Bitcoin Up or Down - March 6, 12:00PM-12:15PM ET
2026-03-06 12:03:47 | INFO     | polymarket_bot.orchestrator | Found 4 total signals across all strategies
2026-03-06 12:03:47 | INFO     | polymarket_bot.orchestrator | 📐 Sized 0x7034ed5c09 tier 1/3: $5.00 → $1.99 (25%)
2026-03-06 12:03:47 | INFO     | polymarket_bot.orchestrator | 📐 Sized 0x5d3ee6f01a tier 1/3: $5.00 → $1.99 (25%)
2026-03-06 12:03:47 | INFO     | polymarket_bot.orchestrator | 📐 Sized 0x2046289d24 tier 1/3: $5.00 → $1.99 (25%)
2026-03-06 12:03:47 | INFO     | polymarket_bot.orchestrator | 📐 Sized 0x430aa33115 tier 1/3: $5.00 → $1.99 (25%)
2026-03-06 12:03:47 | WARNING  | polymarket_bot.unified_executor | 🔴 Circuit breaker TRIPPED — blocking trade
2026-03-06 12:03:47 | WARNING  | __main__ | ❌ Signal execution failed: circuit_breaker_tripped
2026-03-06 12:03:47 | WARNING  | polymarket_bot.unified_executor | 🔴 Circuit breaker TRIPPED — blocking trade
2026-03-06 12:03:47 | WARNING  | __main__ | ❌ Signal execution failed: circuit_breaker_tripped
2026-03-06 12:03:47 | WARNING  | polymarket_bot.unified_executor | 🔴 Circuit breaker TRIPPED — blocking trade
2026-03-06 12:03:47 | WARNING  | __main__ | ❌ Signal execution failed: circuit_breaker_tripped
2026-03-06 12:03:47 | WARNING  | polymarket_bot.unified_executor | 🔴 Circuit breaker TRIPPED — blocking trade
2026-03-06 12:03:47 | WARNING  | __main__ | ❌ Signal execution failed: circuit_breaker_tripped
2026-03-06 12:03:47 | INFO     | __main__ | Iteration 14475: processed 4 signals
2026-03-06 12:03:56 | INFO     | polymarket_bot.orchestrator | 🕐 Resolution window [2d]: 477 → 0 markets
2026-03-06 12:03:57 | INFO     | polymarket_bot.scanner | 🔍 Short-duration scan: 96 markets found — unknown=96
2026-03-06 12:03:57 | INFO     | polymarket_bot.orchestrator | 📡 Short-duration: added 96 markets to universe (96 total in scan, 0 already present)
2026-03-06 12:03:59 | INFO     | polymarket_bot.strategies.short_duration_strategy | ⚡ SHORT-DUR: ETH Down cid=0xaa911a8609 price=0.505 prob=56.0% edge=5.2¢ mom=-0.999 trend=0.50 vol=0.0020 size=9.8 type=GTC  q=Ethereum Up or Down - March 6, 12:05PM-12:10PM ET
2026-03-06 12:03:59 | INFO     | polymarket_bot.strategies.short_duration_strategy | ⚡ SHORT-DUR: SOL Down cid=0x7511354ba0 price=0.490 prob=56.0% edge=6.8¢ mom=-0.999 trend=0.50 vol=0.0011 size=10.2 type=GTC  q=Solana Up or Down - March 6, 12:00PM-12:15PM ET
2026-03-06 12:03:59 | INFO     | polymarket_bot.strategies.short_duration_strategy | ⚡ SHORT-DUR: ETH Down cid=0xa20173c6c0 price=0.495 prob=56.0% edge=6.2¢ mom=-0.999 trend=0.50 vol=0.0020 size=10.1 type=GTC  q=Ethereum Up or Down - March 6, 12:00PM-12:15PM ET
2026-03-06 12:03:59 | INFO     | polymarket_bot.strategies.short_duration_strategy | ⚡ SHORT-DUR: BTC Down cid=0x8504132b88 price=0.495 prob=58.9% edge=9.2¢ mom=-0.993 trend=0.75 vol=0.0015 size=10.1 type=GTC  q=Bitcoin Up or Down - March 6, 12:10PM-12:15PM ET
2026-03-06 12:03:59 | INFO     | polymarket_bot.orchestrator | Found 4 total signals across all strategies
2026-03-06 12:03:59 | INFO     | polymarket_bot.orchestrator | 📐 Sized 0x8504132b88 tier 1/3: $5.00 → $1.99 (25%)
2026-03-06 12:03:59 | INFO     | polymarket_bot.orchestrator | 📐 Sized 0x7511354ba0 tier 1/3: $5.00 → $1.99 (25%)
2026-03-06 12:03:59 | INFO     | polymarket_bot.orchestrator | 📐 Sized 0xa20173c6c0 tier 1/3: $5.00 → $1.99 (25%)
2026-03-06 12:03:59 | INFO     | polymarket_bot.orchestrator | 📐 Sized 0xaa911a8609 tier 1/3: $5.00 → $1.99 (25%)
2026-03-06 12:03:59 | WARNING  | polymarket_bot.unified_executor | 🔴 Circuit breaker TRIPPED — blocking trade
2026-03-06 12:03:59 | WARNING  | __main__ | ❌ Signal execution failed: circuit_breaker_tripped
2026-03-06 12:03:59 | WARNING  | polymarket_bot.unified_executor | 🔴 Circuit breaker TRIPPED — blocking trade
2026-03-06 12:03:59 | WARNING  | __main__ | ❌ Signal execution failed: circuit_breaker_tripped
2026-03-06 12:03:59 | WARNING  | polymarket_bot.unified_executor | 🔴 Circuit breaker TRIPPED — blocking trade
2026-03-06 12:03:59 | WARNING  | __main__ | ❌ Signal execution failed: circuit_breaker_tripped
2026-03-06 12:03:59 | WARNING  | polymarket_bot.unified_executor | 🔴 Circuit breaker TRIPPED — blocking trade
2026-03-06 12:03:59 | WARNING  | __main__ | ❌ Signal execution failed: circuit_breaker_tripped
2026-03-06 12:03:59 | INFO     | __main__ | ======================================================================
2026-03-06 12:03:59 | INFO     | __main__ | ⏱️  UPTIME: 2414.5 minutes
2026-03-06 12:03:59 | INFO     | __main__ | 📊 SIGNALS: seen=56947 executed=180
2026-03-06 12:03:59 | INFO     | __main__ | 📈 EXECUTIONS: total=54368 success=180 failed=0
2026-03-06 12:03:59 | INFO     | __main__ | 🎯 STRATEGIES: 5 enabled
2026-03-06 12:03:59 | INFO     | __main__ | ⚡ SHORT-DURATION: 96 markets — unknown=96
2026-03-06 12:03:59 | INFO     | __main__ | 💼 WALLET: equity=$11.78 start=$40.00 adj=$0.00 size_mult=x1.00 dyn_max=$8.00
2026-03-06 12:03:59 | INFO     | __main__ | ⚙️  EXECUTION PROFILE: aggressive_maker
2026-03-06 12:03:59 | INFO     | __main__ | 🛡️  HEDGING: events=0 forced=0
2026-03-06 12:03:59 | INFO     | __main__ | 🧾 OPEN MAKER (paper): gtc_total=1
2026-03-06 12:03:59 | INFO     | __main__ |    Top open GTC by condition: 0xb4a0b846…:1
2026-03-06 12:03:59 | INFO     | __main__ | 🏦 Top inventory by condition (cost): 0xfe09259f…:$1.99, 0xdd5ab6d0…:$1.99, 0x69bd84ce…:$1.99
2026-03-06 12:03:59 | INFO     | __main__ | ──────────────────────────────────────────────────────────────────────
2026-03-06 12:03:59 | INFO     | __main__ | 💼 PORTFOLIO:
2026-03-06 12:03:59 | INFO     | __main__ |    Open Positions: 5
2026-03-06 12:03:59 | INFO     | __main__ |    Closed Positions: 169
2026-03-06 12:03:59 | INFO     | __main__ |    Redeemable: 0
2026-03-06 12:03:59 | INFO     | __main__ |    Cost Basis: $9.95
2026-03-06 12:03:59 | INFO     | __main__ | ──────────────────────────────────────────────────────────────────────
2026-03-06 12:03:59 | INFO     | __main__ | 💰 PROFITABILITY:
2026-03-06 12:03:59 | INFO     | __main__ |      Wallet: $11.78  (started $40.00)
2026-03-06 12:03:59 | INFO     | __main__ |      Realized P&L: $-28.2244
2026-03-06 12:03:59 | INFO     | __main__ |      Unrealized P&L: $0.0999
2026-03-06 12:03:59 | INFO     | __main__ |      Total P&L: $-28.1245
2026-03-06 12:03:59 | INFO     | __main__ |      Open Cost Basis: $9.95
2026-03-06 12:03:59 | INFO     | __main__ |      Realized ROI: -283.67%
2026-03-06 12:03:59 | INFO     | __main__ |    Closed: 169 positions
2026-03-06 12:03:59 | INFO     | __main__ |    Redeemed: 0 positions
2026-03-06 12:03:59 | INFO     | __main__ |    Total Realized: $-28.2244
2026-03-06 12:03:59 | INFO     | __main__ | ──────────────────────────────────────────────────────────────────────
2026-03-06 12:03:59 | INFO     | __main__ | 📊 STRATEGY BREAKDOWN (actual P&L):
2026-03-06 12:03:59 | INFO     | __main__ |    short_duration: 180 trades, realized=$-28.2244, total=$-28.1245
2026-03-06 12:03:59 | INFO     | __main__ | ──────────────────────────────────────────────────────────────────────
2026-03-06 12:03:59 | INFO     | __main__ | 🔁 QUOTE CHURN (paper): canceled=5 requoted=0
2026-03-06 12:03:59 | INFO     | __main__ | ──────────────────────────────────────────────────────────────────────
2026-03-06 12:03:59 | INFO     | __main__ | 🔌 CIRCUIT BREAKER: state=cooldown daily_loss=$0.00 drawdown=0.0% consec_losses=0 trips=77
2026-03-06 12:03:59 | INFO     | __main__ | ──────────────────────────────────────────────────────────────────────
2026-03-06 12:03:59 | INFO     | __main__ | 🧠 STRATEGY ATTRIBUTION (actual):
2026-03-06 12:03:59 | INFO     | __main__ |    short_duration: cost=$9.95 realized=$-28.2244 unrealized=$0.0999
2026-03-06 12:03:59 | INFO     | __main__ | ======================================================================
2026-03-06 12:03:59 | INFO     | __main__ | Iteration 14476: processed 4 signals
2026-03-06 12:04:06 | INFO     | polymarket_bot.orchestrator | 🕐 Resolution window [2d]: 477 → 0 markets
2026-03-06 12:04:07 | INFO     | polymarket_bot.scanner | 🔍 Short-duration scan: 99 markets found — unknown=99
2026-03-06 12:04:07 | INFO     | polymarket_bot.orchestrator | 📡 Short-duration: added 99 markets to universe (99 total in scan, 0 already present)
2026-03-06 12:04:09 | INFO     | polymarket_bot.strategies.short_duration_strategy | ⚡ SHORT-DUR: XRP Down cid=0x655c539f87 price=0.495 prob=55.8% edge=6.1¢ mom=-0.975 trend=0.50 vol=0.0009 size=10.1 type=GTC  q=XRP Up or Down - March 6, 12:15PM-12:20PM ET
2026-03-06 12:04:09 | INFO     | polymarket_bot.strategies.short_duration_strategy | ⚡ SHORT-DUR: SOL Down cid=0xddf2e3a610 price=0.495 prob=56.0% edge=6.2¢ mom=-0.999 trend=0.50 vol=0.0011 size=10.1 type=GTC  q=Solana Up or Down - March 6, 12:15PM-12:20PM ET
2026-03-06 12:04:09 | INFO     | polymarket_bot.strategies.short_duration_strategy | ⚡ SHORT-DUR: ETH Down cid=0x2e220b9446 price=0.505 prob=56.0% edge=5.2¢ mom=-0.999 trend=0.50 vol=0.0020 size=9.8 type=GTC  q=Ethereum Up or Down - March 6, 12:15PM-12:20PM ET
2026-03-06 12:04:09 | INFO     | polymarket_bot.strategies.short_duration_strategy | ⚡ SHORT-DUR: BTC Down cid=0x075b9a8228 price=0.495 prob=58.9% edge=9.2¢ mom=-0.993 trend=0.75 vol=0.0015 size=10.1 type=GTC  q=Bitcoin Up or Down - March 6, 12:15PM-12:20PM ET
2026-03-06 12:04:09 | INFO     | polymarket_bot.orchestrator | Found 4 total signals across all strategies
2026-03-06 12:04:09 | INFO     | polymarket_bot.orchestrator | 📐 Sized 0x075b9a8228 tier 1/3: $5.00 → $1.99 (25%)
2026-03-06 12:04:09 | INFO     | polymarket_bot.orchestrator | 📐 Sized 0xddf2e3a610 tier 1/3: $5.00 → $1.99 (25%)
2026-03-06 12:04:09 | INFO     | polymarket_bot.orchestrator | 📐 Sized 0x655c539f87 tier 1/3: $5.00 → $1.99 (25%)
2026-03-06 12:04:09 | INFO     | polymarket_bot.orchestrator | 📐 Sized 0x2e220b9446 tier 1/3: $5.00 → $1.99 (25%)
2026-03-06 12:04:09 | INFO     | polymarket_bot.circuit_breaker | ✅ Circuit breaker cooldown expired — trading re-enabled (was tripped for: max_drawdown (74.6% >= 10.0%))
2026-03-06 12:04:09 | WARNING  | __main__ | ❌ Signal execution failed: risk_check_failed_wallet_exposure_limit
2026-03-06 12:04:09 | WARNING  | __main__ | ❌ Signal execution failed: risk_check_failed_wallet_exposure_limit
2026-03-06 12:04:09 | WARNING  | __main__ | ❌ Signal execution failed: risk_check_failed_wallet_exposure_limit
2026-03-06 12:04:09 | WARNING  | __main__ | ❌ Signal execution failed: risk_check_failed_wallet_exposure_limit
2026-03-06 12:04:09 | INFO     | __main__ | Iteration 14477: processed 4 signals
2026-03-06 12:04:16 | ERROR    | polymarket_bot.circuit_breaker | 🚨 CIRCUIT BREAKER TRIPPED: max_drawdown (74.6% >= 10.0%) — trading halted for 30 minutes
2026-03-06 12:04:16 | INFO     | polymarket_bot.orchestrator | 🕐 Resolution window [2d]: 477 → 0 markets
2026-03-06 12:04:17 | INFO     | polymarket_bot.scanner | 🔍 Short-duration scan: 98 markets found — unknown=98
2026-03-06 12:04:17 | INFO     | polymarket_bot.orchestrator | 📡 Short-duration: added 98 markets to universe (98 total in scan, 0 already present)
2026-03-06 12:04:17 | INFO     | polymarket_bot.strategies.short_duration_strategy | ⚡ SHORT-DUR: SOL Down cid=0x573bd987fa price=0.495 prob=56.0% edge=6.2¢ mom=-0.999 trend=0.50 vol=0.0011 size=10.1 type=GTC  q=Solana Up or Down - March 6, 12:20PM-12:25PM ET
2026-03-06 12:04:17 | INFO     | polymarket_bot.strategies.short_duration_strategy | ⚡ SHORT-DUR: BTC Down cid=0x6f1159986b price=0.495 prob=58.9% edge=9.2¢ mom=-0.993 trend=0.75 vol=0.0015 size=10.1 type=GTC  q=Bitcoin Up or Down - March 6, 12:20PM-12:25PM ET
2026-03-06 12:04:17 | INFO     | polymarket_bot.strategies.short_duration_strategy | ⚡ SHORT-DUR: XRP Down cid=0xed4647cead price=0.495 prob=55.8% edge=6.1¢ mom=-0.975 trend=0.50 vol=0.0009 size=10.1 type=GTC  q=XRP Up or Down - March 6, 12:20PM-12:25PM ET
2026-03-06 12:04:17 | INFO     | polymarket_bot.strategies.short_duration_strategy | ⚡ SHORT-DUR: ETH Down cid=0xb66225f865 price=0.505 prob=56.0% edge=5.2¢ mom=-0.999 trend=0.50 vol=0.0020 size=9.8 type=GTC  q=Ethereum Up or Down - March 6, 12:20PM-12:25PM ET
2026-03-06 12:04:17 | INFO     | polymarket_bot.orchestrator | Found 4 total signals across all strategies
2026-03-06 12:04:17 | INFO     | polymarket_bot.orchestrator | 📐 Sized 0x6f1159986b tier 1/3: $5.00 → $1.99 (25%)
2026-03-06 12:04:17 | INFO     | polymarket_bot.orchestrator | 📐 Sized 0x573bd987fa tier 1/3: $5.00 → $1.99 (25%)
2026-03-06 12:04:17 | INFO     | polymarket_bot.orchestrator | 📐 Sized 0xed4647cead tier 1/3: $5.00 → $1.99 (25%)
2026-03-06 12:04:17 | INFO     | polymarket_bot.orchestrator | 📐 Sized 0xb66225f865 tier 1/3: $5.00 → $1.99 (25%)
2026-03-06 12:04:17 | WARNING  | polymarket_bot.unified_executor | 🔴 Circuit breaker TRIPPED — blocking trade
2026-03-06 12:04:17 | WARNING  | __main__ | ❌ Signal execution failed: circuit_breaker_tripped
2026-03-06 12:04:17 | WARNING  | polymarket_bot.unified_executor | 🔴 Circuit breaker TRIPPED — blocking trade
2026-03-06 12:04:17 | WARNING  | __main__ | ❌ Signal execution failed: circuit_breaker_tripped
2026-03-06 12:04:17 | WARNING  | polymarket_bot.unified_executor | 🔴 Circuit breaker TRIPPED — blocking trade
2026-03-06 12:04:17 | WARNING  | __main__ | ❌ Signal execution failed: circuit_breaker_tripped
2026-03-06 12:04:17 | WARNING  | polymarket_bot.unified_executor | 🔴 Circuit breaker TRIPPED — blocking trade
2026-03-06 12:04:17 | WARNING  | __main__ | ❌ Signal execution failed: circuit_breaker_tripped
2026-03-06 12:04:17 | INFO     | __main__ | Iteration 14478: processed 4 signals
2026-03-06 12:04:26 | INFO     | polymarket_bot.orchestrator | 🕐 Resolution window [2d]: 477 → 0 markets
2026-03-06 12:04:27 | INFO     | polymarket_bot.scanner | 🔍 Short-duration scan: 98 markets found — unknown=98
2026-03-06 12:04:27 | INFO     | polymarket_bot.orchestrator | 📡 Short-duration: added 98 markets to universe (98 total in scan, 0 already present)
2026-03-06 12:04:29 | INFO     | polymarket_bot.strategies.short_duration_strategy | ⚡ SHORT-DUR: SOL Down cid=0x78e9d45f41 price=0.505 prob=59.0% edge=8.3¢ mom=-1.000 trend=0.75 vol=0.0010 size=9.8 type=GTC  q=Solana Up or Down - March 6, 12:15PM-12:30PM ET
2026-03-06 12:04:29 | INFO     | polymarket_bot.strategies.short_duration_strategy | ⚡ SHORT-DUR: XRP Down cid=0x9fe02d0972 price=0.495 prob=59.0% edge=9.2¢ mom=-0.995 trend=0.75 vol=0.0009 size=10.1 type=GTC  q=XRP Up or Down - March 6, 12:25PM-12:30PM ET
2026-03-06 12:04:29 | INFO     | polymarket_bot.strategies.short_duration_strategy | ⚡ SHORT-DUR: ETH Down cid=0xcf7d5161d0 price=0.495 prob=59.0% edge=9.3¢ mom=-1.000 trend=0.75 vol=0.0019 size=10.1 type=GTC  q=Ethereum Up or Down - March 6, 12:15PM-12:30PM ET
2026-03-06 12:04:29 | INFO     | polymarket_bot.strategies.short_duration_strategy | ⚡ SHORT-DUR: BTC Down cid=0x3343e6bdbb price=0.495 prob=58.9% edge=9.2¢ mom=-0.993 trend=0.75 vol=0.0015 size=10.1 type=GTC  q=Bitcoin Up or Down - March 6, 12:25PM-12:30PM ET
2026-03-06 12:04:29 | INFO     | polymarket_bot.orchestrator | Found 4 total signals across all strategies
2026-03-06 12:04:29 | INFO     | polymarket_bot.orchestrator | 📐 Sized 0xcf7d5161d0 tier 1/3: $5.00 → $1.99 (25%)
2026-03-06 12:04:29 | INFO     | polymarket_bot.orchestrator | 📐 Sized 0x9fe02d0972 tier 1/3: $5.00 → $1.99 (25%)
2026-03-06 12:04:29 | INFO     | polymarket_bot.orchestrator | 📐 Sized 0x3343e6bdbb tier 1/3: $5.00 → $1.99 (25%)
2026-03-06 12:04:29 | INFO     | polymarket_bot.orchestrator | 📐 Sized 0x78e9d45f41 tier 1/3: $5.00 → $1.99 (25%)
2026-03-06 12:04:29 | WARNING  | polymarket_bot.unified_executor | 🔴 Circuit breaker TRIPPED — blocking trade
2026-03-06 12:04:29 | WARNING  | __main__ | ❌ Signal execution failed: circuit_breaker_tripped
2026-03-06 12:04:29 | WARNING  | polymarket_bot.unified_executor | 🔴 Circuit breaker TRIPPED — blocking trade
2026-03-06 12:04:29 | WARNING  | __main__ | ❌ Signal execution failed: circuit_breaker_tripped
2026-03-06 12:04:29 | WARNING  | polymarket_bot.unified_executor | 🔴 Circuit breaker TRIPPED — blocking trade
2026-03-06 12:04:29 | WARNING  | __main__ | ❌ Signal execution failed: circuit_breaker_tripped
2026-03-06 12:04:29 | WARNING  | polymarket_bot.unified_executor | 🔴 Circuit breaker TRIPPED — blocking trade
2026-03-06 12:04:29 | WARNING  | __main__ | ❌ Signal execution failed: circuit_breaker_tripped
2026-03-06 12:04:29 | INFO     | __main__ | Iteration 14479: processed 4 signals
2026-03-06 12:04:37 | INFO     | polymarket_bot.orchestrator | 🕐 Resolution window [2d]: 477 → 0 markets
2026-03-06 12:04:37 | INFO     | polymarket_bot.scanner | 🔍 Short-duration scan: 98 markets found — unknown=98
2026-03-06 12:04:37 | INFO     | polymarket_bot.orchestrator | 📡 Short-duration: added 98 markets to universe (98 total in scan, 0 already present)
2026-03-06 12:04:39 | INFO     | polymarket_bot.strategies.short_duration_strategy | ⚡ SHORT-DUR: SOL Down cid=0x05b93fd152 price=0.505 prob=59.0% edge=8.3¢ mom=-1.000 trend=0.75 vol=0.0010 size=9.8 type=GTC  q=Solana Up or Down - March 6, 12:00PM-12:05PM ET
2026-03-06 12:04:39 | INFO     | polymarket_bot.strategies.short_duration_strategy | ⚡ SHORT-DUR: XRP Down cid=0xe8460623a8 price=0.495 prob=59.0% edge=9.2¢ mom=-0.995 trend=0.75 vol=0.0009 size=10.1 type=GTC  q=XRP Up or Down - March 6, 12:00PM-12:05PM ET
2026-03-06 12:04:39 | INFO     | polymarket_bot.strategies.short_duration_strategy | ⚡ SHORT-DUR: BTC Down cid=0x703ccc81a9 price=0.495 prob=62.0% edge=12.2¢ mom=-0.996 trend=1.00 vol=0.0015 size=10.1 type=GTC  q=Bitcoin Up or Down - March 6, 12:00PM-12:05PM ET
2026-03-06 12:04:39 | INFO     | polymarket_bot.strategies.short_duration_strategy | ⚡ SHORT-DUR: ETH Down cid=0x62af176cac price=0.505 prob=59.0% edge=8.3¢ mom=-1.000 trend=0.75 vol=0.0019 size=9.8 type=GTC  q=Ethereum Up or Down - March 6, 12:00PM-12:05PM ET
2026-03-06 12:04:39 | INFO     | polymarket_bot.orchestrator | Found 4 total signals across all strategies
2026-03-06 12:04:39 | INFO     | polymarket_bot.orchestrator | 📐 Sized 0x703ccc81a9 tier 1/3: $5.00 → $1.99 (25%)
2026-03-06 12:04:39 | INFO     | polymarket_bot.orchestrator | 📐 Sized 0xe8460623a8 tier 1/3: $5.00 → $1.99 (25%)
2026-03-06 12:04:39 | INFO     | polymarket_bot.orchestrator | 📐 Sized 0x05b93fd152 tier 1/3: $5.00 → $1.99 (25%)
2026-03-06 12:04:39 | INFO     | polymarket_bot.orchestrator | 📐 Sized 0x62af176cac tier 1/3: $5.00 → $1.99 (25%)
2026-03-06 12:04:39 | WARNING  | polymarket_bot.unified_executor | 🔴 Circuit breaker TRIPPED — blocking trade
2026-03-06 12:04:39 | WARNING  | __main__ | ❌ Signal execution failed: circuit_breaker_tripped
2026-03-06 12:04:39 | WARNING  | polymarket_bot.unified_executor | 🔴 Circuit breaker TRIPPED — blocking trade
2026-03-06 12:04:39 | WARNING  | __main__ | ❌ Signal execution failed: circuit_breaker_tripped
2026-03-06 12:04:39 | WARNING  | polymarket_bot.unified_executor | 🔴 Circuit breaker TRIPPED — blocking trade
2026-03-06 12:04:39 | WARNING  | __main__ | ❌ Signal execution failed: circuit_breaker_tripped
2026-03-06 12:04:39 | WARNING  | polymarket_bot.unified_executor | 🔴 Circuit breaker TRIPPED — blocking trade
2026-03-06 12:04:39 | WARNING  | __main__ | ❌ Signal execution failed: circuit_breaker_tripped
2026-03-06 12:04:39 | INFO     | __main__ | Iteration 14480: processed 4 signals
2026-03-06 12:04:46 | INFO     | polymarket_bot.orchestrator | 🕐 Resolution window [2d]: 477 → 0 markets
2026-03-06 12:04:47 | INFO     | polymarket_bot.scanner | 🔍 Short-duration scan: 98 markets found — unknown=98
2026-03-06 12:04:47 | INFO     | polymarket_bot.orchestrator | 📡 Short-duration: added 98 markets to universe (98 total in scan, 0 already present)
2026-03-06 12:04:47 | INFO     | polymarket_bot.strategies.short_duration_strategy | ⚡ SHORT-DUR: SOL Down cid=0x32a116c4f0 price=0.505 prob=59.0% edge=8.3¢ mom=-1.000 trend=0.75 vol=0.0010 size=9.8 type=GTC  q=Solana Up or Down - March 6, 12:05PM-12:10PM ET
2026-03-06 12:04:47 | INFO     | polymarket_bot.strategies.short_duration_strategy | ⚡ SHORT-DUR: XRP Down cid=0x97d2ac34a4 price=0.495 prob=59.0% edge=9.2¢ mom=-0.995 trend=0.75 vol=0.0009 size=10.1 type=GTC  q=XRP Up or Down - March 6, 12:05PM-12:10PM ET
2026-03-06 12:04:47 | INFO     | polymarket_bot.strategies.short_duration_strategy | ⚡ SHORT-DUR: BTC Down cid=0x6a3cc2a337 price=0.495 prob=62.0% edge=12.2¢ mom=-0.996 trend=1.00 vol=0.0015 size=10.1 type=GTC  q=Bitcoin Up or Down - March 6, 12:05PM-12:10PM ET
2026-03-06 12:04:47 | INFO     | polymarket_bot.strategies.short_duration_strategy | ⚡ SHORT-DUR: SOL Down cid=0x5d3ee6f01a price=0.495 prob=59.0% edge=9.3¢ mom=-1.000 trend=0.75 vol=0.0010 size=10.1 type=GTC  q=Solana Up or Down - March 6, 12:10PM-12:15PM ET
2026-03-06 12:04:47 | INFO     | polymarket_bot.orchestrator | Found 4 total signals across all strategies
2026-03-06 12:04:47 | INFO     | polymarket_bot.orchestrator | 📐 Sized 0x6a3cc2a337 tier 1/3: $5.00 → $1.99 (25%)
2026-03-06 12:04:47 | INFO     | polymarket_bot.orchestrator | 📐 Sized 0x5d3ee6f01a tier 1/3: $5.00 → $1.99 (25%)
2026-03-06 12:04:47 | INFO     | polymarket_bot.orchestrator | 📐 Sized 0x97d2ac34a4 tier 1/3: $5.00 → $1.99 (25%)
2026-03-06 12:04:47 | INFO     | polymarket_bot.orchestrator | 📐 Sized 0x32a116c4f0 tier 1/3: $5.00 → $1.99 (25%)
2026-03-06 12:04:47 | WARNING  | polymarket_bot.unified_executor | 🔴 Circuit breaker TRIPPED — blocking trade
2026-03-06 12:04:47 | WARNING  | __main__ | ❌ Signal execution failed: circuit_breaker_tripped
2026-03-06 12:04:47 | WARNING  | polymarket_bot.unified_executor | 🔴 Circuit breaker TRIPPED — blocking trade
2026-03-06 12:04:47 | WARNING  | __main__ | ❌ Signal execution failed: circuit_breaker_tripped
2026-03-06 12:04:47 | WARNING  | polymarket_bot.unified_executor | 🔴 Circuit breaker TRIPPED — blocking trade
2026-03-06 12:04:47 | WARNING  | __main__ | ❌ Signal execution failed: circuit_breaker_tripped
2026-03-06 12:04:47 | WARNING  | polymarket_bot.unified_executor | 🔴 Circuit breaker TRIPPED — blocking trade
2026-03-06 12:04:47 | WARNING  | __main__ | ❌ Signal execution failed: circuit_breaker_tripped
2026-03-06 12:04:47 | INFO     | __main__ | Iteration 14481: processed 4 signals
2026-03-06 12:04:56 | INFO     | polymarket_bot.orchestrator | 🕐 Resolution window [2d]: 477 → 0 markets
2026-03-06 12:04:57 | INFO     | polymarket_bot.scanner | 🔍 Short-duration scan: 98 markets found — unknown=98
2026-03-06 12:04:57 | INFO     | polymarket_bot.orchestrator | 📡 Short-duration: added 98 markets to universe (98 total in scan, 0 already present)
2026-03-06 12:04:59 | INFO     | polymarket_bot.strategies.short_duration_strategy | ⚡ SHORT-DUR: ETH Down cid=0xaa911a8609 price=0.505 prob=59.0% edge=8.3¢ mom=-1.000 trend=0.75 vol=0.0019 size=9.8 type=GTC  q=Ethereum Up or Down - March 6, 12:05PM-12:10PM ET
2026-03-06 12:04:59 | INFO     | polymarket_bot.strategies.short_duration_strategy | ⚡ SHORT-DUR: XRP Down cid=0x2046289d24 price=0.495 prob=59.0% edge=9.2¢ mom=-0.995 trend=0.75 vol=0.0009 size=10.1 type=GTC  q=XRP Up or Down - March 6, 12:00PM-12:15PM ET
2026-03-06 12:04:59 | INFO     | polymarket_bot.strategies.short_duration_strategy | ⚡ SHORT-DUR: BTC Down cid=0x8504132b88 price=0.495 prob=62.0% edge=12.2¢ mom=-0.996 trend=1.00 vol=0.0015 size=10.1 type=GTC  q=Bitcoin Up or Down - March 6, 12:10PM-12:15PM ET
2026-03-06 12:04:59 | INFO     | polymarket_bot.strategies.short_duration_strategy | ⚡ SHORT-DUR: SOL Down cid=0x7511354ba0 price=0.485 prob=59.0% edge=10.3¢ mom=-1.000 trend=0.75 vol=0.0010 size=10.3 type=GTC  q=Solana Up or Down - March 6, 12:00PM-12:15PM ET
2026-03-06 12:04:59 | INFO     | polymarket_bot.orchestrator | Found 4 total signals across all strategies
2026-03-06 12:04:59 | INFO     | polymarket_bot.orchestrator | 📐 Sized 0x8504132b88 tier 1/3: $5.00 → $1.99 (25%)
2026-03-06 12:04:59 | INFO     | polymarket_bot.orchestrator | 📐 Sized 0x7511354ba0 tier 1/3: $5.00 → $1.99 (25%)
2026-03-06 12:04:59 | INFO     | polymarket_bot.orchestrator | 📐 Sized 0x2046289d24 tier 1/3: $5.00 → $1.99 (25%)
2026-03-06 12:04:59 | INFO     | polymarket_bot.orchestrator | 📐 Sized 0xaa911a8609 tier 1/3: $5.00 → $1.99 (25%)
2026-03-06 12:04:59 | WARNING  | polymarket_bot.unified_executor | 🔴 Circuit breaker TRIPPED — blocking trade
2026-03-06 12:04:59 | WARNING  | __main__ | ❌ Signal execution failed: circuit_breaker_tripped
2026-03-06 12:04:59 | WARNING  | polymarket_bot.unified_executor | 🔴 Circuit breaker TRIPPED — blocking trade
2026-03-06 12:04:59 | WARNING  | __main__ | ❌ Signal execution failed: circuit_breaker_tripped
2026-03-06 12:04:59 | WARNING  | polymarket_bot.unified_executor | 🔴 Circuit breaker TRIPPED — blocking trade
2026-03-06 12:04:59 | WARNING  | __main__ | ❌ Signal execution failed: circuit_breaker_tripped
2026-03-06 12:04:59 | WARNING  | polymarket_bot.unified_executor | 🔴 Circuit breaker TRIPPED — blocking trade
2026-03-06 12:04:59 | WARNING  | __main__ | ❌ Signal execution failed: circuit_breaker_tripped
2026-03-06 12:04:59 | INFO     | __main__ | ======================================================================
2026-03-06 12:04:59 | INFO     | __main__ | ⏱️  UPTIME: 2415.5 minutes
2026-03-06 12:04:59 | INFO     | __main__ | 📊 SIGNALS: seen=56971 executed=180
2026-03-06 12:04:59 | INFO     | __main__ | 📈 EXECUTIONS: total=54392 success=180 failed=0
2026-03-06 12:04:59 | INFO     | __main__ | 🎯 STRATEGIES: 5 enabled
2026-03-06 12:04:59 | INFO     | __main__ | ⚡ SHORT-DURATION: 98 markets — unknown=98
2026-03-06 12:04:59 | INFO     | __main__ | 💼 WALLET: equity=$11.78 start=$40.00 adj=$0.00 size_mult=x1.00 dyn_max=$8.00
2026-03-06 12:04:59 | INFO     | __main__ | ⚙️  EXECUTION PROFILE: aggressive_maker
2026-03-06 12:04:59 | INFO     | __main__ | 🛡️  HEDGING: events=0 forced=0
2026-03-06 12:04:59 | INFO     | __main__ | 🧾 OPEN MAKER (paper): gtc_total=1
2026-03-06 12:04:59 | INFO     | __main__ |    Top open GTC by condition: 0xb4a0b846…:1
2026-03-06 12:04:59 | INFO     | __main__ | 🏦 Top inventory by condition (cost): 0xfe09259f…:$1.99, 0xdd5ab6d0…:$1.99, 0x69bd84ce…:$1.99
2026-03-06 12:04:59 | INFO     | __main__ | ──────────────────────────────────────────────────────────────────────
2026-03-06 12:04:59 | INFO     | __main__ | 💼 PORTFOLIO:
2026-03-06 12:04:59 | INFO     | __main__ |    Open Positions: 5
2026-03-06 12:04:59 | INFO     | __main__ |    Closed Positions: 169
2026-03-06 12:04:59 | INFO     | __main__ |    Redeemable: 0
2026-03-06 12:04:59 | INFO     | __main__ |    Cost Basis: $9.95
2026-03-06 12:04:59 | INFO     | __main__ | ──────────────────────────────────────────────────────────────────────
2026-03-06 12:04:59 | INFO     | __main__ | 💰 PROFITABILITY:
2026-03-06 12:04:59 | INFO     | __main__ |      Wallet: $11.78  (started $40.00)
2026-03-06 12:04:59 | INFO     | __main__ |      Realized P&L: $-28.2244
2026-03-06 12:04:59 | INFO     | __main__ |      Unrealized P&L: $0.0999
2026-03-06 12:04:59 | INFO     | __main__ |      Total P&L: $-28.1245
2026-03-06 12:04:59 | INFO     | __main__ |      Open Cost Basis: $9.95
2026-03-06 12:04:59 | INFO     | __main__ |      Realized ROI: -283.67%
2026-03-06 12:04:59 | INFO     | __main__ |    Closed: 169 positions
2026-03-06 12:04:59 | INFO     | __main__ |    Redeemed: 0 positions
2026-03-06 12:04:59 | INFO     | __main__ |    Total Realized: $-28.2244
2026-03-06 12:04:59 | INFO     | __main__ | ──────────────────────────────────────────────────────────────────────
2026-03-06 12:04:59 | INFO     | __main__ | 📊 STRATEGY BREAKDOWN (actual P&L):
2026-03-06 12:04:59 | INFO     | __main__ |    short_duration: 180 trades, realized=$-28.2244, total=$-28.1245
2026-03-06 12:04:59 | INFO     | __main__ | ──────────────────────────────────────────────────────────────────────
2026-03-06 12:04:59 | INFO     | __main__ | 🔁 QUOTE CHURN (paper): canceled=5 requoted=0
2026-03-06 12:04:59 | INFO     | __main__ | ──────────────────────────────────────────────────────────────────────
2026-03-06 12:04:59 | INFO     | __main__ | 🔌 CIRCUIT BREAKER: state=cooldown daily_loss=$0.00 drawdown=0.0% consec_losses=0 trips=78
2026-03-06 12:04:59 | INFO     | __main__ | ──────────────────────────────────────────────────────────────────────
2026-03-06 12:04:59 | INFO     | __main__ | 🧠 STRATEGY ATTRIBUTION (actual):
2026-03-06 12:04:59 | INFO     | __main__ |    short_duration: cost=$9.95 realized=$-28.2244 unrealized=$0.0999
2026-03-06 12:04:59 | INFO     | __main__ | ======================================================================
2026-03-06 12:04:59 | INFO     | __main__ | Iteration 14482: processed 4 signals
2026-03-06 12:05:06 | INFO     | polymarket_bot.orchestrator | 🕐 Resolution window [2d]: 477 → 0 markets
2026-03-06 12:05:07 | INFO     | polymarket_bot.scanner | 🔍 Short-duration scan: 96 markets found — unknown=96
2026-03-06 12:05:07 | INFO     | polymarket_bot.orchestrator | 📡 Short-duration: added 96 markets to universe (96 total in scan, 0 already present)
2026-03-06 12:05:07 | INFO     | polymarket_bot.strategies.short_duration_strategy | ⚡ SHORT-DUR: ETH Down cid=0x430aa33115 price=0.500 prob=59.0% edge=8.7¢ mom=-1.000 trend=0.75 vol=0.0019 size=9.9 type=GTC  q=Ethereum Up or Down - March 6, 12:10PM-12:15PM ET
2026-03-06 12:05:07 | INFO     | polymarket_bot.strategies.short_duration_strategy | ⚡ SHORT-DUR: XRP Down cid=0xd3a2b67836 price=0.495 prob=59.0% edge=9.2¢ mom=-0.995 trend=0.75 vol=0.0009 size=10.1 type=GTC  q=XRP Up or Down - March 6, 12:10PM-12:15PM ET
2026-03-06 12:05:07 | INFO     | polymarket_bot.strategies.short_duration_strategy | ⚡ SHORT-DUR: ETH Down cid=0xa20173c6c0 price=0.495 prob=59.0% edge=9.3¢ mom=-1.000 trend=0.75 vol=0.0019 size=10.1 type=GTC  q=Ethereum Up or Down - March 6, 12:00PM-12:15PM ET
2026-03-06 12:05:07 | INFO     | polymarket_bot.strategies.short_duration_strategy | ⚡ SHORT-DUR: BTC Down cid=0x7034ed5c09 price=0.495 prob=62.0% edge=12.2¢ mom=-0.996 trend=1.00 vol=0.0015 size=10.1 type=GTC  q=Bitcoin Up or Down - March 6, 12:00PM-12:15PM ET
2026-03-06 12:05:07 | INFO     | polymarket_bot.orchestrator | Found 4 total signals across all strategies
2026-03-06 12:05:07 | INFO     | polymarket_bot.orchestrator | 📐 Sized 0x7034ed5c09 tier 1/3: $5.00 → $1.99 (25%)
2026-03-06 12:05:07 | INFO     | polymarket_bot.orchestrator | 📐 Sized 0xa20173c6c0 tier 1/3: $5.00 → $1.99 (25%)
2026-03-06 12:05:07 | INFO     | polymarket_bot.orchestrator | 📐 Sized 0xd3a2b67836 tier 1/3: $5.00 → $1.99 (25%)
2026-03-06 12:05:07 | INFO     | polymarket_bot.orchestrator | 📐 Sized 0x430aa33115 tier 1/3: $5.00 → $1.99 (25%)
2026-03-06 12:05:07 | WARNING  | polymarket_bot.unified_executor | 🔴 Circuit breaker TRIPPED — blocking trade
2026-03-06 12:05:07 | WARNING  | __main__ | ❌ Signal execution failed: circuit_breaker_tripped
2026-03-06 12:05:07 | WARNING  | polymarket_bot.unified_executor | 🔴 Circuit breaker TRIPPED — blocking trade
2026-03-06 12:05:07 | WARNING  | __main__ | ❌ Signal execution failed: circuit_breaker_tripped
2026-03-06 12:05:07 | WARNING  | polymarket_bot.unified_executor | 🔴 Circuit breaker TRIPPED — blocking trade
2026-03-06 12:05:07 | WARNING  | __main__ | ❌ Signal execution failed: circuit_breaker_tripped
2026-03-06 12:05:07 | WARNING  | polymarket_bot.unified_executor | 🔴 Circuit breaker TRIPPED — blocking trade
2026-03-06 12:05:07 | WARNING  | __main__ | ❌ Signal execution failed: circuit_breaker_tripped
2026-03-06 12:05:07 | INFO     | __main__ | Iteration 14483: processed 4 signals
2026-03-06 12:05:16 | INFO     | polymarket_bot.orchestrator | 🕐 Resolution window [2d]: 477 → 0 markets
2026-03-06 12:05:17 | INFO     | polymarket_bot.scanner | 🔍 Short-duration scan: 96 markets found — unknown=96
2026-03-06 12:05:17 | INFO     | polymarket_bot.orchestrator | 📡 Short-duration: added 96 markets to universe (96 total in scan, 0 already present)
2026-03-06 12:05:19 | INFO     | polymarket_bot.strategies.short_duration_strategy | ⚡ SHORT-DUR: SOL Down cid=0xddf2e3a610 price=0.495 prob=59.0% edge=9.3¢ mom=-1.000 trend=0.75 vol=0.0010 size=10.1 type=GTC  q=Solana Up or Down - March 6, 12:15PM-12:20PM ET
2026-03-06 12:05:19 | INFO     | polymarket_bot.strategies.short_duration_strategy | ⚡ SHORT-DUR: XRP Down cid=0x655c539f87 price=0.495 prob=59.0% edge=9.2¢ mom=-0.995 trend=0.75 vol=0.0009 size=10.1 type=GTC  q=XRP Up or Down - March 6, 12:15PM-12:20PM ET
2026-03-06 12:05:19 | INFO     | polymarket_bot.strategies.short_duration_strategy | ⚡ SHORT-DUR: ETH Down cid=0x2e220b9446 price=0.505 prob=59.0% edge=8.3¢ mom=-1.000 trend=0.75 vol=0.0019 size=9.8 type=GTC  q=Ethereum Up or Down - March 6, 12:15PM-12:20PM ET
2026-03-06 12:05:19 | INFO     | polymarket_bot.strategies.short_duration_strategy | ⚡ SHORT-DUR: BTC Down cid=0x075b9a8228 price=0.495 prob=62.0% edge=12.2¢ mom=-0.996 trend=1.00 vol=0.0015 size=10.1 type=GTC  q=Bitcoin Up or Down - March 6, 12:15PM-12:20PM ET
2026-03-06 12:05:19 | INFO     | polymarket_bot.orchestrator | Found 4 total signals across all strategies
2026-03-06 12:05:19 | INFO     | polymarket_bot.orchestrator | 📐 Sized 0x075b9a8228 tier 1/3: $5.00 → $1.99 (25%)
2026-03-06 12:05:19 | INFO     | polymarket_bot.orchestrator | 📐 Sized 0xddf2e3a610 tier 1/3: $5.00 → $1.99 (25%)
2026-03-06 12:05:19 | INFO     | polymarket_bot.orchestrator | 📐 Sized 0x655c539f87 tier 1/3: $5.00 → $1.99 (25%)
2026-03-06 12:05:19 | INFO     | polymarket_bot.orchestrator | 📐 Sized 0x2e220b9446 tier 1/3: $5.00 → $1.99 (25%)
2026-03-06 12:05:19 | WARNING  | polymarket_bot.unified_executor | 🔴 Circuit breaker TRIPPED — blocking trade
2026-03-06 12:05:19 | WARNING  | __main__ | ❌ Signal execution failed: circuit_breaker_tripped
2026-03-06 12:05:19 | WARNING  | polymarket_bot.unified_executor | 🔴 Circuit breaker TRIPPED — blocking trade
2026-03-06 12:05:19 | WARNING  | __main__ | ❌ Signal execution failed: circuit_breaker_tripped
2026-03-06 12:05:19 | WARNING  | polymarket_bot.unified_executor | 🔴 Circuit breaker TRIPPED — blocking trade
2026-03-06 12:05:19 | WARNING  | __main__ | ❌ Signal execution failed: circuit_breaker_tripped
2026-03-06 12:05:19 | WARNING  | polymarket_bot.unified_executor | 🔴 Circuit breaker TRIPPED — blocking trade
2026-03-06 12:05:19 | WARNING  | __main__ | ❌ Signal execution failed: circuit_breaker_tripped
2026-03-06 12:05:19 | INFO     | __main__ | Iteration 14484: processed 4 signals
2026-03-06 12:05:26 | INFO     | polymarket_bot.orchestrator | 🕐 Resolution window [2d]: 477 → 0 markets
2026-03-06 12:05:27 | INFO     | polymarket_bot.scanner | 🔍 Short-duration scan: 96 markets found — unknown=96
2026-03-06 12:05:27 | INFO     | polymarket_bot.orchestrator | 📡 Short-duration: added 96 markets to universe (96 total in scan, 0 already present)
2026-03-06 12:05:30 | INFO     | polymarket_bot.strategies.short_duration_strategy | ⚡ SHORT-DUR: ETH Down cid=0xb66225f865 price=0.505 prob=59.0% edge=8.3¢ mom=-1.000 trend=0.75 vol=0.0019 size=9.8 type=GTC  q=Ethereum Up or Down - March 6, 12:20PM-12:25PM ET
2026-03-06 12:05:30 | INFO     | polymarket_bot.strategies.short_duration_strategy | ⚡ SHORT-DUR: SOL Down cid=0x573bd987fa price=0.495 prob=59.0% edge=9.3¢ mom=-1.000 trend=0.75 vol=0.0010 size=10.1 type=GTC  q=Solana Up or Down - March 6, 12:20PM-12:25PM ET
2026-03-06 12:05:30 | INFO     | polymarket_bot.strategies.short_duration_strategy | ⚡ SHORT-DUR: BTC Down cid=0x6f1159986b price=0.495 prob=54.0% edge=4.2¢ mom=-0.662 trend=0.50 vol=0.0015 size=10.1 type=GTC  q=Bitcoin Up or Down - March 6, 12:20PM-12:25PM ET
2026-03-06 12:05:30 | INFO     | polymarket_bot.strategies.short_duration_strategy | ⚡ SHORT-DUR: XRP Down cid=0xed4647cead price=0.495 prob=56.0% edge=6.2¢ mom=-0.992 trend=0.50 vol=0.0009 size=10.1 type=GTC  q=XRP Up or Down - March 6, 12:20PM-12:25PM ET
2026-03-06 12:05:30 | INFO     | polymarket_bot.orchestrator | Found 4 total signals across all strategies
2026-03-06 12:05:30 | INFO     | polymarket_bot.orchestrator | 📐 Sized 0x573bd987fa tier 1/3: $5.00 → $1.99 (25%)
2026-03-06 12:05:30 | INFO     | polymarket_bot.orchestrator | 📐 Sized 0xb66225f865 tier 1/3: $5.00 → $1.99 (25%)
2026-03-06 12:05:30 | INFO     | polymarket_bot.orchestrator | 📐 Sized 0xed4647cead tier 1/3: $5.00 → $1.99 (25%)
2026-03-06 12:05:30 | INFO     | polymarket_bot.orchestrator | 📐 Sized 0x6f1159986b tier 1/3: $5.00 → $1.99 (25%)
2026-03-06 12:05:30 | WARNING  | polymarket_bot.unified_executor | 🔴 Circuit breaker TRIPPED — blocking trade
2026-03-06 12:05:30 | WARNING  | __main__ | ❌ Signal execution failed: circuit_breaker_tripped
2026-03-06 12:05:30 | WARNING  | polymarket_bot.unified_executor | 🔴 Circuit breaker TRIPPED — blocking trade
2026-03-06 12:05:30 | WARNING  | __main__ | ❌ Signal execution failed: circuit_breaker_tripped
2026-03-06 12:05:30 | WARNING  | polymarket_bot.unified_executor | 🔴 Circuit breaker TRIPPED — blocking trade
2026-03-06 12:05:30 | WARNING  | __main__ | ❌ Signal execution failed: circuit_breaker_tripped
2026-03-06 12:05:30 | WARNING  | polymarket_bot.unified_executor | 🔴 Circuit breaker TRIPPED — blocking trade
2026-03-06 12:05:30 | WARNING  | __main__ | ❌ Signal execution failed: circuit_breaker_tripped
2026-03-06 12:05:30 | INFO     | __main__ | Iteration 14485: processed 4 signals
2026-03-06 12:05:36 | INFO     | polymarket_bot.orchestrator | 🕐 Resolution window [2d]: 477 → 0 markets
2026-03-06 12:05:37 | INFO     | polymarket_bot.scanner | 🔍 Short-duration scan: 96 markets found — unknown=96
2026-03-06 12:05:37 | INFO     | polymarket_bot.orchestrator | 📡 Short-duration: added 96 markets to universe (96 total in scan, 0 already present)
2026-03-06 12:05:37 | INFO     | polymarket_bot.strategies.short_duration_strategy | ⚡ SHORT-DUR: SOL Down cid=0x78e9d45f41 price=0.505 prob=59.0% edge=8.3¢ mom=-1.000 trend=0.75 vol=0.0010 size=9.8 type=GTC  q=Solana Up or Down - March 6, 12:15PM-12:30PM ET
2026-03-06 12:05:37 | INFO     | polymarket_bot.strategies.short_duration_strategy | ⚡ SHORT-DUR: XRP Down cid=0x9fe02d0972 price=0.495 prob=56.0% edge=6.2¢ mom=-0.992 trend=0.50 vol=0.0009 size=10.1 type=GTC  q=XRP Up or Down - March 6, 12:25PM-12:30PM ET
2026-03-06 12:05:37 | INFO     | polymarket_bot.strategies.short_duration_strategy | ⚡ SHORT-DUR: SOL Down cid=0x3ff1746328 price=0.495 prob=59.0% edge=9.3¢ mom=-1.000 trend=0.75 vol=0.0010 size=10.1 type=GTC  q=Solana Up or Down - March 6, 12:25PM-12:30PM ET
2026-03-06 12:05:37 | INFO     | polymarket_bot.strategies.short_duration_strategy | ⚡ SHORT-DUR: ETH Down cid=0xcf7d5161d0 price=0.495 prob=59.0% edge=9.3¢ mom=-1.000 trend=0.75 vol=0.0019 size=10.1 type=GTC  q=Ethereum Up or Down - March 6, 12:15PM-12:30PM ET
2026-03-06 12:05:37 | INFO     | polymarket_bot.orchestrator | Found 4 total signals across all strategies
2026-03-06 12:05:37 | INFO     | polymarket_bot.orchestrator | 📐 Sized 0x3ff1746328 tier 1/3: $5.00 → $1.99 (25%)
2026-03-06 12:05:37 | INFO     | polymarket_bot.orchestrator | 📐 Sized 0xcf7d5161d0 tier 1/3: $5.00 → $1.99 (25%)
2026-03-06 12:05:37 | INFO     | polymarket_bot.orchestrator | 📐 Sized 0x78e9d45f41 tier 1/3: $5.00 → $1.99 (25%)
2026-03-06 12:05:37 | INFO     | polymarket_bot.orchestrator | 📐 Sized 0x9fe02d0972 tier 1/3: $5.00 → $1.99 (25%)
2026-03-06 12:05:37 | WARNING  | polymarket_bot.unified_executor | 🔴 Circuit breaker TRIPPED — blocking trade
2026-03-06 12:05:37 | WARNING  | __main__ | ❌ Signal execution failed: circuit_breaker_tripped
2026-03-06 12:05:37 | WARNING  | polymarket_bot.unified_executor | 🔴 Circuit breaker TRIPPED — blocking trade
2026-03-06 12:05:37 | WARNING  | __main__ | ❌ Signal execution failed: circuit_breaker_tripped
2026-03-06 12:05:37 | WARNING  | polymarket_bot.unified_executor | 🔴 Circuit breaker TRIPPED — blocking trade
2026-03-06 12:05:37 | WARNING  | __main__ | ❌ Signal execution failed: circuit_breaker_tripped
2026-03-06 12:05:37 | WARNING  | polymarket_bot.unified_executor | 🔴 Circuit breaker TRIPPED — blocking trade
2026-03-06 12:05:37 | WARNING  | __main__ | ❌ Signal execution failed: circuit_breaker_tripped
2026-03-06 12:05:37 | INFO     | __main__ | Iteration 14486: processed 4 signals
2026-03-06 12:05:46 | INFO     | polymarket_bot.orchestrator | 🕐 Resolution window [2d]: 477 → 0 markets
2026-03-06 12:05:47 | INFO     | polymarket_bot.scanner | 🔍 Short-duration scan: 96 markets found — unknown=96
2026-03-06 12:05:47 | INFO     | polymarket_bot.orchestrator | 📡 Short-duration: added 96 markets to universe (96 total in scan, 0 already present)
2026-03-06 12:05:48 | INFO     | polymarket_bot.strategies.short_duration_strategy | ⚡ SHORT-DUR: SOL Down cid=0x32a116c4f0 price=0.505 prob=59.0% edge=8.3¢ mom=-1.000 trend=0.75 vol=0.0010 size=9.8 type=GTC  q=Solana Up or Down - March 6, 12:05PM-12:10PM ET
2026-03-06 12:05:48 | INFO     | polymarket_bot.strategies.short_duration_strategy | ⚡ SHORT-DUR: BTC Down cid=0x6a3cc2a337 price=0.495 prob=54.0% edge=4.2¢ mom=-0.662 trend=0.50 vol=0.0015 size=10.1 type=GTC  q=Bitcoin Up or Down - March 6, 12:05PM-12:10PM ET
2026-03-06 12:05:48 | INFO     | polymarket_bot.strategies.short_duration_strategy | ⚡ SHORT-DUR: XRP Down cid=0x97d2ac34a4 price=0.495 prob=56.0% edge=6.2¢ mom=-0.992 trend=0.50 vol=0.0009 size=10.1 type=GTC  q=XRP Up or Down - March 6, 12:05PM-12:10PM ET
2026-03-06 12:05:48 | INFO     | polymarket_bot.strategies.short_duration_strategy | ⚡ SHORT-DUR: SOL Down cid=0x5d3ee6f01a price=0.495 prob=59.0% edge=9.3¢ mom=-1.000 trend=0.75 vol=0.0010 size=10.1 type=GTC  q=Solana Up or Down - March 6, 12:10PM-12:15PM ET
2026-03-06 12:05:48 | INFO     | polymarket_bot.orchestrator | Found 4 total signals across all strategies
2026-03-06 12:05:48 | INFO     | polymarket_bot.orchestrator | 📐 Sized 0x5d3ee6f01a tier 1/3: $5.00 → $1.99 (25%)
2026-03-06 12:05:48 | INFO     | polymarket_bot.orchestrator | 📐 Sized 0x32a116c4f0 tier 1/3: $5.00 → $1.99 (25%)
2026-03-06 12:05:48 | INFO     | polymarket_bot.orchestrator | 📐 Sized 0x97d2ac34a4 tier 1/3: $5.00 → $1.99 (25%)
2026-03-06 12:05:48 | INFO     | polymarket_bot.orchestrator | 📐 Sized 0x6a3cc2a337 tier 1/3: $5.00 → $1.99 (25%)
2026-03-06 12:05:48 | WARNING  | polymarket_bot.unified_executor | 🔴 Circuit breaker TRIPPED — blocking trade
2026-03-06 12:05:48 | WARNING  | __main__ | ❌ Signal execution failed: circuit_breaker_tripped
2026-03-06 12:05:48 | WARNING  | polymarket_bot.unified_executor | 🔴 Circuit breaker TRIPPED — blocking trade
2026-03-06 12:05:48 | WARNING  | __main__ | ❌ Signal execution failed: circuit_breaker_tripped
2026-03-06 12:05:48 | WARNING  | polymarket_bot.unified_executor | 🔴 Circuit breaker TRIPPED — blocking trade
2026-03-06 12:05:48 | WARNING  | __main__ | ❌ Signal execution failed: circuit_breaker_tripped
2026-03-06 12:05:48 | WARNING  | polymarket_bot.unified_executor | 🔴 Circuit breaker TRIPPED — blocking trade
2026-03-06 12:05:48 | WARNING  | __main__ | ❌ Signal execution failed: circuit_breaker_tripped
2026-03-06 12:05:48 | INFO     | __main__ | Iteration 14487: processed 4 signals
2026-03-06 12:05:56 | INFO     | polymarket_bot.orchestrator | 🕐 Resolution window [2d]: 477 → 0 markets
2026-03-06 12:05:57 | INFO     | polymarket_bot.scanner | 🔍 Short-duration scan: 96 markets found — unknown=96
2026-03-06 12:05:57 | INFO     | polymarket_bot.orchestrator | 📡 Short-duration: added 96 markets to universe (96 total in scan, 0 already present)
2026-03-06 12:05:57 | INFO     | polymarket_bot.strategies.short_duration_strategy | ⚡ SHORT-DUR: BTC Down cid=0x3343e6bdbb price=0.495 prob=54.0% edge=4.2¢ mom=-0.662 trend=0.50 vol=0.0015 size=10.1 type=GTC  q=Bitcoin Up or Down - March 6, 12:25PM-12:30PM ET
2026-03-06 12:05:57 | INFO     | polymarket_bot.strategies.short_duration_strategy | ⚡ SHORT-DUR: BTC Down cid=0x2be4025a48 price=0.495 prob=54.0% edge=4.2¢ mom=-0.662 trend=0.50 vol=0.0015 size=10.1 type=GTC  q=Bitcoin Up or Down - March 6, 12:15PM-12:30PM ET
2026-03-06 12:05:57 | INFO     | polymarket_bot.strategies.short_duration_strategy | ⚡ SHORT-DUR: ETH Down cid=0x626bbee78b price=0.505 prob=55.4% edge=4.6¢ mom=-0.896 trend=0.50 vol=0.0016 size=9.8 type=GTC  q=Ethereum Up or Down - March 6, 12:25PM-12:30PM ET
2026-03-06 12:05:57 | INFO     | polymarket_bot.strategies.short_duration_strategy | ⚡ SHORT-DUR: XRP Down cid=0x1aa3cbc07d price=0.500 prob=56.0% edge=5.7¢ mom=-0.992 trend=0.50 vol=0.0009 size=9.9 type=GTC  q=XRP Up or Down - March 6, 12:15PM-12:30PM ET
2026-03-06 12:05:57 | INFO     | polymarket_bot.orchestrator | Found 4 total signals across all strategies
2026-03-06 12:05:57 | INFO     | polymarket_bot.orchestrator | 📐 Sized 0x1aa3cbc07d tier 1/3: $5.00 → $1.99 (25%)
2026-03-06 12:05:57 | INFO     | polymarket_bot.orchestrator | 📐 Sized 0x626bbee78b tier 1/3: $5.00 → $1.99 (25%)
2026-03-06 12:05:57 | INFO     | polymarket_bot.orchestrator | 📐 Sized 0x3343e6bdbb tier 1/3: $5.00 → $1.99 (25%)
2026-03-06 12:05:57 | INFO     | polymarket_bot.orchestrator | 📐 Sized 0x2be4025a48 tier 1/3: $5.00 → $1.99 (25%)
2026-03-06 12:05:57 | WARNING  | polymarket_bot.unified_executor | 🔴 Circuit breaker TRIPPED — blocking trade
2026-03-06 12:05:57 | WARNING  | __main__ | ❌ Signal execution failed: circuit_breaker_tripped
2026-03-06 12:05:57 | WARNING  | polymarket_bot.unified_executor | 🔴 Circuit breaker TRIPPED — blocking trade
2026-03-06 12:05:57 | WARNING  | __main__ | ❌ Signal execution failed: circuit_breaker_tripped
2026-03-06 12:05:57 | WARNING  | polymarket_bot.unified_executor | 🔴 Circuit breaker TRIPPED — blocking trade
2026-03-06 12:05:57 | WARNING  | __main__ | ❌ Signal execution failed: circuit_breaker_tripped
2026-03-06 12:05:57 | WARNING  | polymarket_bot.unified_executor | 🔴 Circuit breaker TRIPPED — blocking trade
2026-03-06 12:05:57 | WARNING  | __main__ | ❌ Signal execution failed: circuit_breaker_tripped
2026-03-06 12:05:57 | INFO     | __main__ | Iteration 14488: processed 4 signals
2026-03-06 12:06:06 | INFO     | polymarket_bot.orchestrator | 🕐 Resolution window [2d]: 477 → 0 markets
2026-03-06 12:06:07 | INFO     | polymarket_bot.scanner | 🔍 Short-duration scan: 96 markets found — unknown=96
2026-03-06 12:06:07 | INFO     | polymarket_bot.orchestrator | 📡 Short-duration: added 96 markets to universe (96 total in scan, 0 already present)
2026-03-06 12:06:07 | INFO     | polymarket_bot.strategies.short_duration_strategy | ⚡ SHORT-DUR: ETH Down cid=0xaa911a8609 price=0.505 prob=55.4% edge=4.6¢ mom=-0.896 trend=0.50 vol=0.0016 size=9.8 type=GTC  q=Ethereum Up or Down - March 6, 12:05PM-12:10PM ET
2026-03-06 12:06:07 | INFO     | polymarket_bot.strategies.short_duration_strategy | ⚡ SHORT-DUR: BTC Down cid=0x8504132b88 price=0.495 prob=54.0% edge=4.2¢ mom=-0.662 trend=0.50 vol=0.0015 size=10.1 type=GTC  q=Bitcoin Up or Down - March 6, 12:10PM-12:15PM ET
2026-03-06 12:06:07 | INFO     | polymarket_bot.strategies.short_duration_strategy | ⚡ SHORT-DUR: SOL Down cid=0x7511354ba0 price=0.490 prob=59.0% edge=9.8¢ mom=-1.000 trend=0.75 vol=0.0010 size=10.2 type=GTC  q=Solana Up or Down - March 6, 12:00PM-12:15PM ET
2026-03-06 12:06:07 | INFO     | polymarket_bot.strategies.short_duration_strategy | ⚡ SHORT-DUR: XRP Down cid=0x2046289d24 price=0.495 prob=56.0% edge=6.2¢ mom=-0.992 trend=0.50 vol=0.0009 size=10.1 type=GTC  q=XRP Up or Down - March 6, 12:00PM-12:15PM ET
2026-03-06 12:06:07 | INFO     | polymarket_bot.orchestrator | Found 4 total signals across all strategies
2026-03-06 12:06:07 | INFO     | polymarket_bot.orchestrator | 📐 Sized 0x7511354ba0 tier 1/3: $5.00 → $1.99 (25%)
2026-03-06 12:06:07 | INFO     | polymarket_bot.orchestrator | 📐 Sized 0x2046289d24 tier 1/3: $5.00 → $1.99 (25%)
2026-03-06 12:06:07 | INFO     | polymarket_bot.orchestrator | 📐 Sized 0xaa911a8609 tier 1/3: $5.00 → $1.99 (25%)
2026-03-06 12:06:07 | INFO     | polymarket_bot.orchestrator | 📐 Sized 0x8504132b88 tier 1/3: $5.00 → $1.99 (25%)
2026-03-06 12:06:07 | WARNING  | polymarket_bot.unified_executor | 🔴 Circuit breaker TRIPPED — blocking trade
2026-03-06 12:06:07 | WARNING  | __main__ | ❌ Signal execution failed: circuit_breaker_tripped
2026-03-06 12:06:07 | WARNING  | polymarket_bot.unified_executor | 🔴 Circuit breaker TRIPPED — blocking trade
2026-03-06 12:06:07 | WARNING  | __main__ | ❌ Signal execution failed: circuit_breaker_tripped
2026-03-06 12:06:07 | WARNING  | polymarket_bot.unified_executor | 🔴 Circuit breaker TRIPPED — blocking trade
2026-03-06 12:06:07 | WARNING  | __main__ | ❌ Signal execution failed: circuit_breaker_tripped
2026-03-06 12:06:07 | WARNING  | polymarket_bot.unified_executor | 🔴 Circuit breaker TRIPPED — blocking trade
2026-03-06 12:06:07 | WARNING  | __main__ | ❌ Signal execution failed: circuit_breaker_tripped
2026-03-06 12:06:07 | INFO     | __main__ | ======================================================================
2026-03-06 12:06:07 | INFO     | __main__ | ⏱️  UPTIME: 2416.7 minutes
2026-03-06 12:06:07 | INFO     | __main__ | 📊 SIGNALS: seen=56999 executed=180
2026-03-06 12:06:07 | INFO     | __main__ | 📈 EXECUTIONS: total=54420 success=180 failed=0
2026-03-06 12:06:07 | INFO     | __main__ | 🎯 STRATEGIES: 5 enabled
2026-03-06 12:06:07 | INFO     | __main__ | ⚡ SHORT-DURATION: 96 markets — unknown=96
2026-03-06 12:06:07 | INFO     | __main__ | 💼 WALLET: equity=$11.78 start=$40.00 adj=$0.00 size_mult=x1.00 dyn_max=$8.00
2026-03-06 12:06:07 | INFO     | __main__ | ⚙️  EXECUTION PROFILE: aggressive_maker
2026-03-06 12:06:07 | INFO     | __main__ | 🛡️  HEDGING: events=0 forced=0
2026-03-06 12:06:07 | INFO     | __main__ | 🧾 OPEN MAKER (paper): gtc_total=1
2026-03-06 12:06:07 | INFO     | __main__ |    Top open GTC by condition: 0xb4a0b846…:1
2026-03-06 12:06:07 | INFO     | __main__ | 🏦 Top inventory by condition (cost): 0xfe09259f…:$1.99, 0xdd5ab6d0…:$1.99, 0x69bd84ce…:$1.99
2026-03-06 12:06:07 | INFO     | __main__ | ──────────────────────────────────────────────────────────────────────
2026-03-06 12:06:07 | INFO     | __main__ | 💼 PORTFOLIO:
2026-03-06 12:06:07 | INFO     | __main__ |    Open Positions: 5
2026-03-06 12:06:07 | INFO     | __main__ |    Closed Positions: 169
2026-03-06 12:06:07 | INFO     | __main__ |    Redeemable: 0
2026-03-06 12:06:07 | INFO     | __main__ |    Cost Basis: $9.95
2026-03-06 12:06:07 | INFO     | __main__ | ──────────────────────────────────────────────────────────────────────
2026-03-06 12:06:07 | INFO     | __main__ | 💰 PROFITABILITY:
2026-03-06 12:06:07 | INFO     | __main__ |      Wallet: $11.78  (started $40.00)
2026-03-06 12:06:07 | INFO     | __main__ |      Realized P&L: $-28.2244
2026-03-06 12:06:07 | INFO     | __main__ |      Unrealized P&L: $0.0999
2026-03-06 12:06:07 | INFO     | __main__ |      Total P&L: $-28.1245
2026-03-06 12:06:07 | INFO     | __main__ |      Open Cost Basis: $9.95
2026-03-06 12:06:07 | INFO     | __main__ |      Realized ROI: -283.67%
2026-03-06 12:06:07 | INFO     | __main__ |    Closed: 169 positions
2026-03-06 12:06:07 | INFO     | __main__ |    Redeemed: 0 positions
2026-03-06 12:06:07 | INFO     | __main__ |    Total Realized: $-28.2244
2026-03-06 12:06:07 | INFO     | __main__ | ──────────────────────────────────────────────────────────────────────
2026-03-06 12:06:07 | INFO     | __main__ | 📊 STRATEGY BREAKDOWN (actual P&L):
2026-03-06 12:06:07 | INFO     | __main__ |    short_duration: 180 trades, realized=$-28.2244, total=$-28.1245
2026-03-06 12:06:07 | INFO     | __main__ | ──────────────────────────────────────────────────────────────────────
2026-03-06 12:06:07 | INFO     | __main__ | 🔁 QUOTE CHURN (paper): canceled=5 requoted=0
2026-03-06 12:06:07 | INFO     | __main__ | ──────────────────────────────────────────────────────────────────────
2026-03-06 12:06:07 | INFO     | __main__ | 🔌 CIRCUIT BREAKER: state=cooldown daily_loss=$0.00 drawdown=0.0% consec_losses=0 trips=78
2026-03-06 12:06:07 | INFO     | __main__ | ──────────────────────────────────────────────────────────────────────
2026-03-06 12:06:07 | INFO     | __main__ | 🧠 STRATEGY ATTRIBUTION (actual):
2026-03-06 12:06:07 | INFO     | __main__ |    short_duration: cost=$9.95 realized=$-28.2244 unrealized=$0.0999
2026-03-06 12:06:07 | INFO     | __main__ | ======================================================================
2026-03-06 12:06:07 | INFO     | __main__ | Iteration 14489: processed 4 signals
2026-03-06 12:06:16 | INFO     | polymarket_bot.orchestrator | 🕐 Resolution window [2d]: 477 → 0 markets
2026-03-06 12:06:17 | INFO     | polymarket_bot.scanner | 🔍 Short-duration scan: 96 markets found — unknown=96
2026-03-06 12:06:17 | INFO     | polymarket_bot.orchestrator | 📡 Short-duration: added 96 markets to universe (96 total in scan, 0 already present)
2026-03-06 12:06:17 | INFO     | polymarket_bot.strategies.short_duration_strategy | ⚡ SHORT-DUR: ETH Down cid=0xa20173c6c0 price=0.485 prob=55.4% edge=6.6¢ mom=-0.896 trend=0.50 vol=0.0016 size=10.3 type=GTC  q=Ethereum Up or Down - March 6, 12:00PM-12:15PM ET
2026-03-06 12:06:17 | INFO     | polymarket_bot.strategies.short_duration_strategy | ⚡ SHORT-DUR: XRP Down cid=0xd3a2b67836 price=0.495 prob=56.0% edge=6.2¢ mom=-0.992 trend=0.50 vol=0.0009 size=10.1 type=GTC  q=XRP Up or Down - March 6, 12:10PM-12:15PM ET
2026-03-06 12:06:17 | INFO     | polymarket_bot.strategies.short_duration_strategy | ⚡ SHORT-DUR: BTC Down cid=0x7034ed5c09 price=0.495 prob=54.0% edge=4.2¢ mom=-0.662 trend=0.50 vol=0.0015 size=10.1 type=GTC  q=Bitcoin Up or Down - March 6, 12:00PM-12:15PM ET
2026-03-06 12:06:17 | INFO     | polymarket_bot.strategies.short_duration_strategy | ⚡ SHORT-DUR: ETH Down cid=0x430aa33115 price=0.500 prob=55.4% edge=5.1¢ mom=-0.896 trend=0.50 vol=0.0016 size=9.9 type=GTC  q=Ethereum Up or Down - March 6, 12:10PM-12:15PM ET
2026-03-06 12:06:17 | INFO     | polymarket_bot.orchestrator | Found 4 total signals across all strategies
2026-03-06 12:06:17 | INFO     | polymarket_bot.orchestrator | 📐 Sized 0xa20173c6c0 tier 1/3: $5.00 → $1.99 (25%)
2026-03-06 12:06:17 | INFO     | polymarket_bot.orchestrator | 📐 Sized 0xd3a2b67836 tier 1/3: $5.00 → $1.99 (25%)
2026-03-06 12:06:17 | INFO     | polymarket_bot.orchestrator | 📐 Sized 0x430aa33115 tier 1/3: $5.00 → $1.99 (25%)
2026-03-06 12:06:17 | INFO     | polymarket_bot.orchestrator | 📐 Sized 0x7034ed5c09 tier 1/3: $5.00 → $1.99 (25%)
2026-03-06 12:06:17 | WARNING  | polymarket_bot.unified_executor | 🔴 Circuit breaker TRIPPED — blocking trade
2026-03-06 12:06:17 | WARNING  | __main__ | ❌ Signal execution failed: circuit_breaker_tripped
2026-03-06 12:06:17 | WARNING  | polymarket_bot.unified_executor | 🔴 Circuit breaker TRIPPED — blocking trade
2026-03-06 12:06:17 | WARNING  | __main__ | ❌ Signal execution failed: circuit_breaker_tripped
2026-03-06 12:06:17 | WARNING  | polymarket_bot.unified_executor | 🔴 Circuit breaker TRIPPED — blocking trade
2026-03-06 12:06:17 | WARNING  | __main__ | ❌ Signal execution failed: circuit_breaker_tripped
2026-03-06 12:06:17 | WARNING  | polymarket_bot.unified_executor | 🔴 Circuit breaker TRIPPED — blocking trade
2026-03-06 12:06:17 | WARNING  | __main__ | ❌ Signal execution failed: circuit_breaker_tripped
2026-03-06 12:06:17 | INFO     | __main__ | Iteration 14490: processed 4 signals
2026-03-06 12:06:26 | INFO     | polymarket_bot.orchestrator | 🕐 Resolution window [2d]: 477 → 0 markets
2026-03-06 12:06:27 | INFO     | polymarket_bot.scanner | 🔍 Short-duration scan: 96 markets found — unknown=96
2026-03-06 12:06:27 | INFO     | polymarket_bot.orchestrator | 📡 Short-duration: added 96 markets to universe (96 total in scan, 0 already present)
2026-03-06 12:06:28 | INFO     | polymarket_bot.strategies.short_duration_strategy | ⚡ SHORT-DUR: SOL Down cid=0xddf2e3a610 price=0.495 prob=59.0% edge=9.3¢ mom=-1.000 trend=0.75 vol=0.0010 size=10.1 type=GTC  q=Solana Up or Down - March 6, 12:15PM-12:20PM ET
2026-03-06 12:06:28 | INFO     | polymarket_bot.strategies.short_duration_strategy | ⚡ SHORT-DUR: XRP Down cid=0x655c539f87 price=0.495 prob=56.0% edge=6.2¢ mom=-0.992 trend=0.50 vol=0.0009 size=10.1 type=GTC  q=XRP Up or Down - March 6, 12:15PM-12:20PM ET
2026-03-06 12:06:28 | INFO     | polymarket_bot.strategies.short_duration_strategy | ⚡ SHORT-DUR: ETH Down cid=0x2e220b9446 price=0.505 prob=55.4% edge=4.6¢ mom=-0.896 trend=0.50 vol=0.0016 size=9.8 type=GTC  q=Ethereum Up or Down - March 6, 12:15PM-12:20PM ET
2026-03-06 12:06:28 | INFO     | polymarket_bot.strategies.short_duration_strategy | ⚡ SHORT-DUR: BTC Down cid=0x075b9a8228 price=0.495 prob=54.0% edge=4.2¢ mom=-0.662 trend=0.50 vol=0.0015 size=10.1 type=GTC  q=Bitcoin Up or Down - March 6, 12:15PM-12:20PM ET
2026-03-06 12:06:28 | INFO     | polymarket_bot.orchestrator | Found 4 total signals across all strategies
2026-03-06 12:06:28 | INFO     | polymarket_bot.orchestrator | 📐 Sized 0xddf2e3a610 tier 1/3: $5.00 → $1.99 (25%)
2026-03-06 12:06:28 | INFO     | polymarket_bot.orchestrator | 📐 Sized 0x655c539f87 tier 1/3: $5.00 → $1.99 (25%)
2026-03-06 12:06:28 | INFO     | polymarket_bot.orchestrator | 📐 Sized 0x2e220b9446 tier 1/3: $5.00 → $1.99 (25%)
2026-03-06 12:06:28 | INFO     | polymarket_bot.orchestrator | 📐 Sized 0x075b9a8228 tier 1/3: $5.00 → $1.99 (25%)
2026-03-06 12:06:28 | WARNING  | polymarket_bot.unified_executor | 🔴 Circuit breaker TRIPPED — blocking trade
2026-03-06 12:06:28 | WARNING  | __main__ | ❌ Signal execution failed: circuit_breaker_tripped
2026-03-06 12:06:28 | WARNING  | polymarket_bot.unified_executor | 🔴 Circuit breaker TRIPPED — blocking trade
2026-03-06 12:06:28 | WARNING  | __main__ | ❌ Signal execution failed: circuit_breaker_tripped
2026-03-06 12:06:28 | WARNING  | polymarket_bot.unified_executor | 🔴 Circuit breaker TRIPPED — blocking trade
2026-03-06 12:06:28 | WARNING  | __main__ | ❌ Signal execution failed: circuit_breaker_tripped
2026-03-06 12:06:28 | WARNING  | polymarket_bot.unified_executor | 🔴 Circuit breaker TRIPPED — blocking trade
2026-03-06 12:06:28 | WARNING  | __main__ | ❌ Signal execution failed: circuit_breaker_tripped
2026-03-06 12:06:28 | INFO     | __main__ | Iteration 14491: processed 4 signals
2026-03-06 12:06:36 | INFO     | polymarket_bot.orchestrator | 🕐 Resolution window [2d]: 477 → 0 markets
2026-03-06 12:06:37 | INFO     | polymarket_bot.scanner | 🔍 Short-duration scan: 96 markets found — unknown=96
2026-03-06 12:06:37 | INFO     | polymarket_bot.orchestrator | 📡 Short-duration: added 96 markets to universe (96 total in scan, 0 already present)
2026-03-06 12:06:37 | INFO     | polymarket_bot.strategies.short_duration_strategy | ⚡ SHORT-DUR: ETH Down cid=0xb66225f865 price=0.505 prob=55.4% edge=4.6¢ mom=-0.896 trend=0.50 vol=0.0016 size=9.8 type=GTC  q=Ethereum Up or Down - March 6, 12:20PM-12:25PM ET
2026-03-06 12:06:37 | INFO     | polymarket_bot.strategies.short_duration_strategy | ⚡ SHORT-DUR: SOL Down cid=0x573bd987fa price=0.495 prob=59.0% edge=9.3¢ mom=-1.000 trend=0.75 vol=0.0010 size=10.1 type=GTC  q=Solana Up or Down - March 6, 12:20PM-12:25PM ET
2026-03-06 12:06:37 | INFO     | polymarket_bot.strategies.short_duration_strategy | ⚡ SHORT-DUR: BTC Down cid=0x6f1159986b price=0.495 prob=54.0% edge=4.2¢ mom=-0.662 trend=0.50 vol=0.0015 size=10.1 type=GTC  q=Bitcoin Up or Down - March 6, 12:20PM-12:25PM ET
2026-03-06 12:06:37 | INFO     | polymarket_bot.strategies.short_duration_strategy | ⚡ SHORT-DUR: XRP Down cid=0xed4647cead price=0.495 prob=56.0% edge=6.2¢ mom=-0.992 trend=0.50 vol=0.0009 size=10.1 type=GTC  q=XRP Up or Down - March 6, 12:20PM-12:25PM ET
2026-03-06 12:06:37 | INFO     | polymarket_bot.orchestrator | Found 4 total signals across all strategies
2026-03-06 12:06:37 | INFO     | polymarket_bot.orchestrator | 📐 Sized 0x573bd987fa tier 1/3: $5.00 → $1.99 (25%)
2026-03-06 12:06:37 | INFO     | polymarket_bot.orchestrator | 📐 Sized 0xed4647cead tier 1/3: $5.00 → $1.99 (25%)
2026-03-06 12:06:37 | INFO     | polymarket_bot.orchestrator | 📐 Sized 0xb66225f865 tier 1/3: $5.00 → $1.99 (25%)
2026-03-06 12:06:37 | INFO     | polymarket_bot.orchestrator | 📐 Sized 0x6f1159986b tier 1/3: $5.00 → $1.99 (25%)
2026-03-06 12:06:37 | WARNING  | polymarket_bot.unified_executor | 🔴 Circuit breaker TRIPPED — blocking trade
2026-03-06 12:06:37 | WARNING  | __main__ | ❌ Signal execution failed: circuit_breaker_tripped
2026-03-06 12:06:37 | WARNING  | polymarket_bot.unified_executor | 🔴 Circuit breaker TRIPPED — blocking trade
2026-03-06 12:06:37 | WARNING  | __main__ | ❌ Signal execution failed: circuit_breaker_tripped
2026-03-06 12:06:37 | WARNING  | polymarket_bot.unified_executor | 🔴 Circuit breaker TRIPPED — blocking trade
2026-03-06 12:06:37 | WARNING  | __main__ | ❌ Signal execution failed: circuit_breaker_tripped
2026-03-06 12:06:37 | WARNING  | polymarket_bot.unified_executor | 🔴 Circuit breaker TRIPPED — blocking trade
2026-03-06 12:06:37 | WARNING  | __main__ | ❌ Signal execution failed: circuit_breaker_tripped
2026-03-06 12:06:37 | INFO     | __main__ | Iteration 14492: processed 4 signals
2026-03-06 12:06:46 | INFO     | polymarket_bot.orchestrator | 🕐 Resolution window [2d]: 477 → 0 markets
2026-03-06 12:06:47 | INFO     | polymarket_bot.scanner | 🔍 Short-duration scan: 96 markets found — unknown=96
2026-03-06 12:06:47 | INFO     | polymarket_bot.orchestrator | 📡 Short-duration: added 96 markets to universe (96 total in scan, 0 already present)
2026-03-06 12:06:48 | INFO     | polymarket_bot.strategies.short_duration_strategy | ⚡ SHORT-DUR: SOL Down cid=0x3ff1746328 price=0.495 prob=59.0% edge=9.3¢ mom=-1.000 trend=0.75 vol=0.0010 size=10.1 type=GTC  q=Solana Up or Down - March 6, 12:25PM-12:30PM ET
2026-03-06 12:06:48 | INFO     | polymarket_bot.strategies.short_duration_strategy | ⚡ SHORT-DUR: SOL Down cid=0x78e9d45f41 price=0.505 prob=59.0% edge=8.3¢ mom=-1.000 trend=0.75 vol=0.0010 size=9.8 type=GTC  q=Solana Up or Down - March 6, 12:15PM-12:30PM ET
2026-03-06 12:06:48 | INFO     | polymarket_bot.strategies.short_duration_strategy | ⚡ SHORT-DUR: XRP Down cid=0x9fe02d0972 price=0.495 prob=55.9% edge=6.2¢ mom=-0.990 trend=0.50 vol=0.0009 size=10.1 type=GTC  q=XRP Up or Down - March 6, 12:25PM-12:30PM ET
2026-03-06 12:06:48 | INFO     | polymarket_bot.strategies.short_duration_strategy | ⚡ SHORT-DUR: ETH Down cid=0xcf7d5161d0 price=0.495 prob=55.4% edge=5.6¢ mom=-0.896 trend=0.50 vol=0.0016 size=10.1 type=GTC  q=Ethereum Up or Down - March 6, 12:15PM-12:30PM ET
2026-03-06 12:06:48 | INFO     | polymarket_bot.orchestrator | Found 4 total signals across all strategies
2026-03-06 12:06:48 | INFO     | polymarket_bot.orchestrator | 📐 Sized 0x3ff1746328 tier 1/3: $5.00 → $1.99 (25%)
2026-03-06 12:06:48 | INFO     | polymarket_bot.orchestrator | 📐 Sized 0x78e9d45f41 tier 1/3: $5.00 → $1.99 (25%)
2026-03-06 12:06:48 | INFO     | polymarket_bot.orchestrator | 📐 Sized 0x9fe02d0972 tier 1/3: $5.00 → $1.99 (25%)
2026-03-06 12:06:48 | INFO     | polymarket_bot.orchestrator | 📐 Sized 0xcf7d5161d0 tier 1/3: $5.00 → $1.99 (25%)
2026-03-06 12:06:48 | WARNING  | polymarket_bot.unified_executor | 🔴 Circuit breaker TRIPPED — blocking trade
2026-03-06 12:06:48 | WARNING  | __main__ | ❌ Signal execution failed: circuit_breaker_tripped
2026-03-06 12:06:48 | WARNING  | polymarket_bot.unified_executor | 🔴 Circuit breaker TRIPPED — blocking trade
2026-03-06 12:06:48 | WARNING  | __main__ | ❌ Signal execution failed: circuit_breaker_tripped
2026-03-06 12:06:48 | WARNING  | polymarket_bot.unified_executor | 🔴 Circuit breaker TRIPPED — blocking trade
2026-03-06 12:06:48 | WARNING  | __main__ | ❌ Signal execution failed: circuit_breaker_tripped
2026-03-06 12:06:48 | WARNING  | polymarket_bot.unified_executor | 🔴 Circuit breaker TRIPPED — blocking trade
2026-03-06 12:06:48 | WARNING  | __main__ | ❌ Signal execution failed: circuit_breaker_tripped
2026-03-06 12:06:48 | INFO     | __main__ | Iteration 14493: processed 4 signals
2026-03-06 12:06:56 | INFO     | polymarket_bot.orchestrator | 🕐 Resolution window [2d]: 477 → 0 markets
2026-03-06 12:06:57 | INFO     | polymarket_bot.scanner | 🔍 Short-duration scan: 96 markets found — unknown=96
2026-03-06 12:06:57 | INFO     | polymarket_bot.orchestrator | 📡 Short-duration: added 96 markets to universe (96 total in scan, 0 already present)
2026-03-06 12:06:57 | INFO     | polymarket_bot.strategies.short_duration_strategy | ⚡ SHORT-DUR: SOL Down cid=0x32a116c4f0 price=0.505 prob=59.0% edge=8.3¢ mom=-1.000 trend=0.75 vol=0.0010 size=9.8 type=GTC  q=Solana Up or Down - March 6, 12:05PM-12:10PM ET
2026-03-06 12:06:57 | INFO     | polymarket_bot.strategies.short_duration_strategy | ⚡ SHORT-DUR: BTC Down cid=0x6a3cc2a337 price=0.495 prob=54.0% edge=4.2¢ mom=-0.662 trend=0.50 vol=0.0015 size=10.1 type=GTC  q=Bitcoin Up or Down - March 6, 12:05PM-12:10PM ET
2026-03-06 12:06:57 | INFO     | polymarket_bot.strategies.short_duration_strategy | ⚡ SHORT-DUR: XRP Down cid=0x97d2ac34a4 price=0.495 prob=55.9% edge=6.2¢ mom=-0.990 trend=0.50 vol=0.0009 size=10.1 type=GTC  q=XRP Up or Down - March 6, 12:05PM-12:10PM ET
2026-03-06 12:06:57 | INFO     | polymarket_bot.strategies.short_duration_strategy | ⚡ SHORT-DUR: SOL Down cid=0x5d3ee6f01a price=0.495 prob=59.0% edge=9.3¢ mom=-1.000 trend=0.75 vol=0.0010 size=10.1 type=GTC  q=Solana Up or Down - March 6, 12:10PM-12:15PM ET
2026-03-06 12:06:57 | INFO     | polymarket_bot.orchestrator | Found 4 total signals across all strategies
2026-03-06 12:06:57 | INFO     | polymarket_bot.orchestrator | 📐 Sized 0x5d3ee6f01a tier 1/3: $5.00 → $1.99 (25%)
2026-03-06 12:06:57 | INFO     | polymarket_bot.orchestrator | 📐 Sized 0x32a116c4f0 tier 1/3: $5.00 → $1.99 (25%)
2026-03-06 12:06:57 | INFO     | polymarket_bot.orchestrator | 📐 Sized 0x97d2ac34a4 tier 1/3: $5.00 → $1.99 (25%)
2026-03-06 12:06:57 | INFO     | polymarket_bot.orchestrator | 📐 Sized 0x6a3cc2a337 tier 1/3: $5.00 → $1.99 (25%)
2026-03-06 12:06:57 | WARNING  | polymarket_bot.unified_executor | 🔴 Circuit breaker TRIPPED — blocking trade
2026-03-06 12:06:57 | WARNING  | __main__ | ❌ Signal execution failed: circuit_breaker_tripped
2026-03-06 12:06:57 | WARNING  | polymarket_bot.unified_executor | 🔴 Circuit breaker TRIPPED — blocking trade
2026-03-06 12:06:57 | WARNING  | __main__ | ❌ Signal execution failed: circuit_breaker_tripped
2026-03-06 12:06:57 | WARNING  | polymarket_bot.unified_executor | 🔴 Circuit breaker TRIPPED — blocking trade
2026-03-06 12:06:57 | WARNING  | __main__ | ❌ Signal execution failed: circuit_breaker_tripped
2026-03-06 12:06:57 | WARNING  | polymarket_bot.unified_executor | 🔴 Circuit breaker TRIPPED — blocking trade
2026-03-06 12:06:57 | WARNING  | __main__ | ❌ Signal execution failed: circuit_breaker_tripped
2026-03-06 12:06:57 | INFO     | __main__ | Iteration 14494: processed 4 signals
2026-03-06 12:07:06 | INFO     | polymarket_bot.orchestrator | 🕐 Resolution window [2d]: 477 → 0 markets
2026-03-06 12:07:07 | INFO     | polymarket_bot.scanner | 🔍 Short-duration scan: 96 markets found — unknown=96
2026-03-06 12:07:07 | INFO     | polymarket_bot.orchestrator | 📡 Short-duration: added 96 markets to universe (96 total in scan, 0 already present)
2026-03-06 12:07:09 | INFO     | polymarket_bot.strategies.short_duration_strategy | ⚡ SHORT-DUR: ETH Down cid=0xaa911a8609 price=0.505 prob=55.4% edge=4.6¢ mom=-0.896 trend=0.50 vol=0.0016 size=9.8 type=GTC  q=Ethereum Up or Down - March 6, 12:05PM-12:10PM ET
2026-03-06 12:07:09 | INFO     | polymarket_bot.strategies.short_duration_strategy | ⚡ SHORT-DUR: BTC Down cid=0x8504132b88 price=0.495 prob=54.0% edge=4.2¢ mom=-0.662 trend=0.50 vol=0.0015 size=10.1 type=GTC  q=Bitcoin Up or Down - March 6, 12:10PM-12:15PM ET
2026-03-06 12:07:09 | INFO     | polymarket_bot.strategies.short_duration_strategy | ⚡ SHORT-DUR: SOL Down cid=0x7511354ba0 price=0.490 prob=59.0% edge=9.8¢ mom=-1.000 trend=0.75 vol=0.0010 size=10.2 type=GTC  q=Solana Up or Down - March 6, 12:00PM-12:15PM ET
2026-03-06 12:07:09 | INFO     | polymarket_bot.strategies.short_duration_strategy | ⚡ SHORT-DUR: XRP Down cid=0x2046289d24 price=0.495 prob=55.9% edge=6.2¢ mom=-0.990 trend=0.50 vol=0.0009 size=10.1 type=GTC  q=XRP Up or Down - March 6, 12:00PM-12:15PM ET
2026-03-06 12:07:09 | INFO     | polymarket_bot.orchestrator | Found 4 total signals across all strategies
2026-03-06 12:07:09 | INFO     | polymarket_bot.orchestrator | 📐 Sized 0x7511354ba0 tier 1/3: $5.00 → $1.99 (25%)
2026-03-06 12:07:09 | INFO     | polymarket_bot.orchestrator | 📐 Sized 0x2046289d24 tier 1/3: $5.00 → $1.99 (25%)
2026-03-06 12:07:09 | INFO     | polymarket_bot.orchestrator | 📐 Sized 0xaa911a8609 tier 1/3: $5.00 → $1.99 (25%)
2026-03-06 12:07:09 | INFO     | polymarket_bot.orchestrator | 📐 Sized 0x8504132b88 tier 1/3: $5.00 → $1.99 (25%)
2026-03-06 12:07:09 | WARNING  | polymarket_bot.unified_executor | 🔴 Circuit breaker TRIPPED — blocking trade
2026-03-06 12:07:09 | WARNING  | __main__ | ❌ Signal execution failed: circuit_breaker_tripped
2026-03-06 12:07:09 | WARNING  | polymarket_bot.unified_executor | 🔴 Circuit breaker TRIPPED — blocking trade
2026-03-06 12:07:09 | WARNING  | __main__ | ❌ Signal execution failed: circuit_breaker_tripped
2026-03-06 12:07:09 | WARNING  | polymarket_bot.unified_executor | 🔴 Circuit breaker TRIPPED — blocking trade
2026-03-06 12:07:09 | WARNING  | __main__ | ❌ Signal execution failed: circuit_breaker_tripped
2026-03-06 12:07:09 | WARNING  | polymarket_bot.unified_executor | 🔴 Circuit breaker TRIPPED — blocking trade
2026-03-06 12:07:09 | WARNING  | __main__ | ❌ Signal execution failed: circuit_breaker_tripped
2026-03-06 12:07:09 | INFO     | __main__ | ======================================================================
2026-03-06 12:07:09 | INFO     | __main__ | ⏱️  UPTIME: 2417.7 minutes
2026-03-06 12:07:09 | INFO     | __main__ | 📊 SIGNALS: seen=57023 executed=180
2026-03-06 12:07:09 | INFO     | __main__ | 📈 EXECUTIONS: total=54444 success=180 failed=0
2026-03-06 12:07:09 | INFO     | __main__ | 🎯 STRATEGIES: 5 enabled
2026-03-06 12:07:09 | INFO     | __main__ | ⚡ SHORT-DURATION: 96 markets — unknown=96
2026-03-06 12:07:09 | INFO     | __main__ | 💼 WALLET: equity=$11.78 start=$40.00 adj=$0.00 size_mult=x1.00 dyn_max=$8.00
2026-03-06 12:07:09 | INFO     | __main__ | ⚙️  EXECUTION PROFILE: aggressive_maker
2026-03-06 12:07:09 | INFO     | __main__ | 🛡️  HEDGING: events=0 forced=0
2026-03-06 12:07:09 | INFO     | __main__ | 🧾 OPEN MAKER (paper): gtc_total=1
2026-03-06 12:07:09 | INFO     | __main__ |    Top open GTC by condition: 0xb4a0b846…:1
2026-03-06 12:07:09 | INFO     | __main__ | 🏦 Top inventory by condition (cost): 0xfe09259f…:$1.99, 0xdd5ab6d0…:$1.99, 0x69bd84ce…:$1.99
2026-03-06 12:07:09 | INFO     | __main__ | ──────────────────────────────────────────────────────────────────────
2026-03-06 12:07:09 | INFO     | __main__ | 💼 PORTFOLIO:
2026-03-06 12:07:09 | INFO     | __main__ |    Open Positions: 5
2026-03-06 12:07:09 | INFO     | __main__ |    Closed Positions: 169
2026-03-06 12:07:09 | INFO     | __main__ |    Redeemable: 0
2026-03-06 12:07:09 | INFO     | __main__ |    Cost Basis: $9.95
2026-03-06 12:07:09 | INFO     | __main__ | ──────────────────────────────────────────────────────────────────────
2026-03-06 12:07:09 | INFO     | __main__ | 💰 PROFITABILITY:
2026-03-06 12:07:09 | INFO     | __main__ |      Wallet: $11.78  (started $40.00)
2026-03-06 12:07:09 | INFO     | __main__ |      Realized P&L: $-28.2244
2026-03-06 12:07:09 | INFO     | __main__ |      Unrealized P&L: $0.0999
2026-03-06 12:07:09 | INFO     | __main__ |      Total P&L: $-28.1245
2026-03-06 12:07:09 | INFO     | __main__ |      Open Cost Basis: $9.95
2026-03-06 12:07:09 | INFO     | __main__ |      Realized ROI: -283.67%
2026-03-06 12:07:09 | INFO     | __main__ |    Closed: 169 positions
2026-03-06 12:07:09 | INFO     | __main__ |    Redeemed: 0 positions
2026-03-06 12:07:09 | INFO     | __main__ |    Total Realized: $-28.2244
2026-03-06 12:07:09 | INFO     | __main__ | ──────────────────────────────────────────────────────────────────────
2026-03-06 12:07:09 | INFO     | __main__ | 📊 STRATEGY BREAKDOWN (actual P&L):
2026-03-06 12:07:10 | INFO     | __main__ |    short_duration: 180 trades, realized=$-28.2244, total=$-28.1245
2026-03-06 12:07:10 | INFO     | __main__ | ──────────────────────────────────────────────────────────────────────
2026-03-06 12:07:10 | INFO     | __main__ | 🔁 QUOTE CHURN (paper): canceled=5 requoted=0
2026-03-06 12:07:10 | INFO     | __main__ | ──────────────────────────────────────────────────────────────────────
2026-03-06 12:07:10 | INFO     | __main__ | 🔌 CIRCUIT BREAKER: state=cooldown daily_loss=$0.00 drawdown=0.0% consec_losses=0 trips=78
2026-03-06 12:07:10 | INFO     | __main__ | ──────────────────────────────────────────────────────────────────────
2026-03-06 12:07:10 | INFO     | __main__ | 🧠 STRATEGY ATTRIBUTION (actual):
2026-03-06 12:07:10 | INFO     | __main__ |    short_duration: cost=$9.95 realized=$-28.2244 unrealized=$0.0999
2026-03-06 12:07:10 | INFO     | __main__ | ======================================================================
2026-03-06 12:07:10 | INFO     | __main__ | Iteration 14495: processed 4 signals
2026-03-06 12:07:16 | INFO     | polymarket_bot.orchestrator | 🕐 Resolution window [2d]: 477 → 0 markets
2026-03-06 12:07:17 | INFO     | polymarket_bot.scanner | 🔍 Short-duration scan: 96 markets found — unknown=96
2026-03-06 12:07:17 | INFO     | polymarket_bot.orchestrator | 📡 Short-duration: added 96 markets to universe (96 total in scan, 0 already present)
2026-03-06 12:07:19 | INFO     | polymarket_bot.strategies.short_duration_strategy | ⚡ SHORT-DUR: ETH Down cid=0xa20173c6c0 price=0.485 prob=55.4% edge=6.6¢ mom=-0.896 trend=0.50 vol=0.0016 size=10.3 type=GTC  q=Ethereum Up or Down - March 6, 12:00PM-12:15PM ET
2026-03-06 12:07:19 | INFO     | polymarket_bot.strategies.short_duration_strategy | ⚡ SHORT-DUR: XRP Down cid=0xd3a2b67836 price=0.495 prob=55.9% edge=6.2¢ mom=-0.990 trend=0.50 vol=0.0009 size=10.1 type=GTC  q=XRP Up or Down - March 6, 12:10PM-12:15PM ET
2026-03-06 12:07:19 | INFO     | polymarket_bot.strategies.short_duration_strategy | ⚡ SHORT-DUR: BTC Down cid=0x7034ed5c09 price=0.495 prob=54.0% edge=4.2¢ mom=-0.662 trend=0.50 vol=0.0015 size=10.1 type=GTC  q=Bitcoin Up or Down - March 6, 12:00PM-12:15PM ET
2026-03-06 12:07:19 | INFO     | polymarket_bot.strategies.short_duration_strategy | ⚡ SHORT-DUR: ETH Down cid=0x430aa33115 price=0.500 prob=55.4% edge=5.1¢ mom=-0.896 trend=0.50 vol=0.0016 size=9.9 type=GTC  q=Ethereum Up or Down - March 6, 12:10PM-12:15PM ET
2026-03-06 12:07:19 | INFO     | polymarket_bot.orchestrator | Found 4 total signals across all strategies
2026-03-06 12:07:19 | INFO     | polymarket_bot.orchestrator | 📐 Sized 0xa20173c6c0 tier 1/3: $5.00 → $1.99 (25%)
2026-03-06 12:07:19 | INFO     | polymarket_bot.orchestrator | 📐 Sized 0xd3a2b67836 tier 1/3: $5.00 → $1.99 (25%)
2026-03-06 12:07:19 | INFO     | polymarket_bot.orchestrator | 📐 Sized 0x430aa33115 tier 1/3: $5.00 → $1.99 (25%)
2026-03-06 12:07:19 | INFO     | polymarket_bot.orchestrator | 📐 Sized 0x7034ed5c09 tier 1/3: $5.00 → $1.99 (25%)
2026-03-06 12:07:19 | WARNING  | polymarket_bot.unified_executor | 🔴 Circuit breaker TRIPPED — blocking trade
2026-03-06 12:07:19 | WARNING  | __main__ | ❌ Signal execution failed: circuit_breaker_tripped
2026-03-06 12:07:19 | WARNING  | polymarket_bot.unified_executor | 🔴 Circuit breaker TRIPPED — blocking trade
2026-03-06 12:07:19 | WARNING  | __main__ | ❌ Signal execution failed: circuit_breaker_tripped
2026-03-06 12:07:19 | WARNING  | polymarket_bot.unified_executor | 🔴 Circuit breaker TRIPPED — blocking trade
2026-03-06 12:07:19 | WARNING  | __main__ | ❌ Signal execution failed: circuit_breaker_tripped
2026-03-06 12:07:19 | WARNING  | polymarket_bot.unified_executor | 🔴 Circuit breaker TRIPPED — blocking trade
2026-03-06 12:07:19 | WARNING  | __main__ | ❌ Signal execution failed: circuit_breaker_tripped
2026-03-06 12:07:19 | INFO     | __main__ | Iteration 14496: processed 4 signals
2026-03-06 12:07:26 | INFO     | polymarket_bot.orchestrator | 🕐 Resolution window [2d]: 477 → 0 markets
2026-03-06 12:07:27 | INFO     | polymarket_bot.scanner | 🔍 Short-duration scan: 96 markets found — unknown=96
2026-03-06 12:07:27 | INFO     | polymarket_bot.orchestrator | 📡 Short-duration: added 96 markets to universe (96 total in scan, 0 already present)
2026-03-06 12:07:27 | INFO     | polymarket_bot.strategies.short_duration_strategy | ⚡ SHORT-DUR: BTC Down cid=0x3343e6bdbb price=0.495 prob=54.0% edge=4.2¢ mom=-0.662 trend=0.50 vol=0.0015 size=10.1 type=GTC  q=Bitcoin Up or Down - March 6, 12:25PM-12:30PM ET
2026-03-06 12:07:27 | INFO     | polymarket_bot.strategies.short_duration_strategy | ⚡ SHORT-DUR: BTC Down cid=0x2be4025a48 price=0.495 prob=54.0% edge=4.2¢ mom=-0.662 trend=0.50 vol=0.0015 size=10.1 type=GTC  q=Bitcoin Up or Down - March 6, 12:15PM-12:30PM ET
2026-03-06 12:07:27 | INFO     | polymarket_bot.strategies.short_duration_strategy | ⚡ SHORT-DUR: ETH Down cid=0x626bbee78b price=0.505 prob=55.4% edge=4.6¢ mom=-0.896 trend=0.50 vol=0.0016 size=9.8 type=GTC  q=Ethereum Up or Down - March 6, 12:25PM-12:30PM ET
2026-03-06 12:07:27 | INFO     | polymarket_bot.strategies.short_duration_strategy | ⚡ SHORT-DUR: XRP Down cid=0x1aa3cbc07d price=0.500 prob=55.9% edge=5.7¢ mom=-0.990 trend=0.50 vol=0.0009 size=9.9 type=GTC  q=XRP Up or Down - March 6, 12:15PM-12:30PM ET
2026-03-06 12:07:27 | INFO     | polymarket_bot.orchestrator | Found 4 total signals across all strategies
2026-03-06 12:07:27 | INFO     | polymarket_bot.orchestrator | 📐 Sized 0x1aa3cbc07d tier 1/3: $5.00 → $1.99 (25%)
2026-03-06 12:07:27 | INFO     | polymarket_bot.orchestrator | 📐 Sized 0x626bbee78b tier 1/3: $5.00 → $1.99 (25%)
2026-03-06 12:07:27 | INFO     | polymarket_bot.orchestrator | 📐 Sized 0x3343e6bdbb tier 1/3: $5.00 → $1.99 (25%)
2026-03-06 12:07:27 | INFO     | polymarket_bot.orchestrator | 📐 Sized 0x2be4025a48 tier 1/3: $5.00 → $1.99 (25%)
2026-03-06 12:07:27 | WARNING  | polymarket_bot.unified_executor | 🔴 Circuit breaker TRIPPED — blocking trade
2026-03-06 12:07:27 | WARNING  | __main__ | ❌ Signal execution failed: circuit_breaker_tripped
2026-03-06 12:07:27 | WARNING  | polymarket_bot.unified_executor | 🔴 Circuit breaker TRIPPED — blocking trade
2026-03-06 12:07:27 | WARNING  | __main__ | ❌ Signal execution failed: circuit_breaker_tripped
2026-03-06 12:07:27 | WARNING  | polymarket_bot.unified_executor | 🔴 Circuit breaker TRIPPED — blocking trade
2026-03-06 12:07:27 | WARNING  | __main__ | ❌ Signal execution failed: circuit_breaker_tripped
2026-03-06 12:07:27 | WARNING  | polymarket_bot.unified_executor | 🔴 Circuit breaker TRIPPED — blocking trade
2026-03-06 12:07:27 | WARNING  | __main__ | ❌ Signal execution failed: circuit_breaker_tripped
2026-03-06 12:07:27 | INFO     | __main__ | Iteration 14497: processed 4 signals
2026-03-06 12:07:36 | INFO     | polymarket_bot.orchestrator | 🕐 Resolution window [2d]: 477 → 0 markets
2026-03-06 12:07:37 | INFO     | polymarket_bot.scanner | 🔍 Short-duration scan: 96 markets found — unknown=96
2026-03-06 12:07:37 | INFO     | polymarket_bot.orchestrator | 📡 Short-duration: added 96 markets to universe (96 total in scan, 0 already present)
2026-03-06 12:07:39 | INFO     | polymarket_bot.strategies.short_duration_strategy | ⚡ SHORT-DUR: SOL Down cid=0xddf2e3a610 price=0.495 prob=56.0% edge=6.3¢ mom=-1.000 trend=0.50 vol=0.0010 size=10.1 type=GTC  q=Solana Up or Down - March 6, 12:15PM-12:20PM ET
2026-03-06 12:07:39 | INFO     | polymarket_bot.strategies.short_duration_strategy | ⚡ SHORT-DUR: XRP Down cid=0x655c539f87 price=0.495 prob=55.9% edge=6.2¢ mom=-0.990 trend=0.50 vol=0.0009 size=10.1 type=GTC  q=XRP Up or Down - March 6, 12:15PM-12:20PM ET
2026-03-06 12:07:39 | INFO     | polymarket_bot.strategies.short_duration_strategy | ⚡ SHORT-DUR: ETH Down cid=0x2e220b9446 price=0.505 prob=55.4% edge=4.6¢ mom=-0.896 trend=0.50 vol=0.0016 size=9.8 type=GTC  q=Ethereum Up or Down - March 6, 12:15PM-12:20PM ET
2026-03-06 12:07:39 | INFO     | polymarket_bot.strategies.short_duration_strategy | ⚡ SHORT-DUR: BTC Down cid=0x075b9a8228 price=0.495 prob=55.3% edge=5.6¢ mom=-0.889 trend=0.50 vol=0.0015 size=10.1 type=GTC  q=Bitcoin Up or Down - March 6, 12:15PM-12:20PM ET
2026-03-06 12:07:39 | INFO     | polymarket_bot.orchestrator | Found 4 total signals across all strategies
2026-03-06 12:07:39 | INFO     | polymarket_bot.orchestrator | 📐 Sized 0xddf2e3a610 tier 1/3: $5.00 → $1.99 (25%)
2026-03-06 12:07:39 | INFO     | polymarket_bot.orchestrator | 📐 Sized 0x655c539f87 tier 1/3: $5.00 → $1.99 (25%)
2026-03-06 12:07:39 | INFO     | polymarket_bot.orchestrator | 📐 Sized 0x075b9a8228 tier 1/3: $5.00 → $1.99 (25%)
2026-03-06 12:07:39 | INFO     | polymarket_bot.orchestrator | 📐 Sized 0x2e220b9446 tier 1/3: $5.00 → $1.99 (25%)
2026-03-06 12:07:39 | WARNING  | polymarket_bot.unified_executor | 🔴 Circuit breaker TRIPPED — blocking trade
2026-03-06 12:07:39 | WARNING  | __main__ | ❌ Signal execution failed: circuit_breaker_tripped
2026-03-06 12:07:39 | WARNING  | polymarket_bot.unified_executor | 🔴 Circuit breaker TRIPPED — blocking trade
2026-03-06 12:07:39 | WARNING  | __main__ | ❌ Signal execution failed: circuit_breaker_tripped
2026-03-06 12:07:39 | WARNING  | polymarket_bot.unified_executor | 🔴 Circuit breaker TRIPPED — blocking trade
2026-03-06 12:07:39 | WARNING  | __main__ | ❌ Signal execution failed: circuit_breaker_tripped
2026-03-06 12:07:39 | WARNING  | polymarket_bot.unified_executor | 🔴 Circuit breaker TRIPPED — blocking trade
2026-03-06 12:07:39 | WARNING  | __main__ | ❌ Signal execution failed: circuit_breaker_tripped
2026-03-06 12:07:39 | INFO     | __main__ | Iteration 14498: processed 4 signals
2026-03-06 12:07:47 | INFO     | polymarket_bot.orchestrator | 🕐 Resolution window [2d]: 477 → 0 markets
2026-03-06 12:07:47 | INFO     | polymarket_bot.scanner | 🔍 Short-duration scan: 96 markets found — unknown=96
2026-03-06 12:07:47 | INFO     | polymarket_bot.orchestrator | 📡 Short-duration: added 96 markets to universe (96 total in scan, 0 already present)
2026-03-06 12:07:50 | INFO     | polymarket_bot.strategies.short_duration_strategy | ⚡ SHORT-DUR: ETH Down cid=0xb66225f865 price=0.505 prob=54.8% edge=4.1¢ mom=-0.804 trend=0.50 vol=0.0016 size=9.8 type=GTC  q=Ethereum Up or Down - March 6, 12:20PM-12:25PM ET
2026-03-06 12:07:50 | INFO     | polymarket_bot.strategies.short_duration_strategy | ⚡ SHORT-DUR: SOL Down cid=0x573bd987fa price=0.495 prob=56.0% edge=6.2¢ mom=-0.997 trend=0.50 vol=0.0010 size=10.1 type=GTC  q=Solana Up or Down - March 6, 12:20PM-12:25PM ET
2026-03-06 12:07:50 | INFO     | polymarket_bot.strategies.short_duration_strategy | ⚡ SHORT-DUR: BTC Up cid=0x6f1159986b price=0.505 prob=54.6% edge=3.9¢ mom=0.773 trend=0.50 vol=0.0016 size=9.8 type=GTC  q=Bitcoin Up or Down - March 6, 12:20PM-12:25PM ET
2026-03-06 12:07:50 | INFO     | polymarket_bot.strategies.short_duration_strategy | ⚡ SHORT-DUR: XRP Down cid=0xed4647cead price=0.495 prob=56.0% edge=6.2¢ mom=-0.993 trend=0.50 vol=0.0009 size=10.1 type=GTC  q=XRP Up or Down - March 6, 12:20PM-12:25PM ET
2026-03-06 12:07:50 | INFO     | polymarket_bot.orchestrator | Found 4 total signals across all strategies
2026-03-06 12:07:50 | INFO     | polymarket_bot.orchestrator | 📐 Sized 0x573bd987fa tier 1/3: $5.00 → $1.99 (25%)
2026-03-06 12:07:50 | INFO     | polymarket_bot.orchestrator | 📐 Sized 0xed4647cead tier 1/3: $5.00 → $1.99 (25%)
2026-03-06 12:07:50 | INFO     | polymarket_bot.orchestrator | 📐 Sized 0xb66225f865 tier 1/3: $5.00 → $1.99 (25%)
2026-03-06 12:07:50 | INFO     | polymarket_bot.orchestrator | 📐 Sized 0x6f1159986b tier 1/3: $5.00 → $1.99 (25%)
2026-03-06 12:07:50 | WARNING  | polymarket_bot.unified_executor | 🔴 Circuit breaker TRIPPED — blocking trade
2026-03-06 12:07:50 | WARNING  | __main__ | ❌ Signal execution failed: circuit_breaker_tripped
2026-03-06 12:07:50 | WARNING  | polymarket_bot.unified_executor | 🔴 Circuit breaker TRIPPED — blocking trade
2026-03-06 12:07:50 | WARNING  | __main__ | ❌ Signal execution failed: circuit_breaker_tripped
2026-03-06 12:07:50 | WARNING  | polymarket_bot.unified_executor | 🔴 Circuit breaker TRIPPED — blocking trade
2026-03-06 12:07:50 | WARNING  | __main__ | ❌ Signal execution failed: circuit_breaker_tripped
2026-03-06 12:07:50 | WARNING  | polymarket_bot.unified_executor | 🔴 Circuit breaker TRIPPED — blocking trade
2026-03-06 12:07:50 | WARNING  | __main__ | ❌ Signal execution failed: circuit_breaker_tripped
2026-03-06 12:07:50 | INFO     | __main__ | Iteration 14499: processed 4 signals
2026-03-06 12:07:56 | INFO     | polymarket_bot.orchestrator | 🕐 Resolution window [2d]: 477 → 0 markets
2026-03-06 12:07:57 | INFO     | polymarket_bot.scanner | 🔍 Short-duration scan: 96 markets found — unknown=96
2026-03-06 12:07:57 | INFO     | polymarket_bot.orchestrator | 📡 Short-duration: added 96 markets to universe (96 total in scan, 0 already present)
2026-03-06 12:07:57 | INFO     | polymarket_bot.strategies.short_duration_strategy | ⚡ SHORT-DUR: SOL Down cid=0x32a116c4f0 price=0.505 prob=56.0% edge=5.2¢ mom=-0.997 trend=0.50 vol=0.0010 size=9.8 type=GTC  q=Solana Up or Down - March 6, 12:05PM-12:10PM ET
2026-03-06 12:07:57 | INFO     | polymarket_bot.strategies.short_duration_strategy | ⚡ SHORT-DUR: BTC Up cid=0x6a3cc2a337 price=0.505 prob=54.6% edge=3.9¢ mom=0.773 trend=0.50 vol=0.0016 size=9.8 type=GTC  q=Bitcoin Up or Down - March 6, 12:05PM-12:10PM ET
2026-03-06 12:07:57 | INFO     | polymarket_bot.strategies.short_duration_strategy | ⚡ SHORT-DUR: XRP Down cid=0x97d2ac34a4 price=0.495 prob=56.0% edge=6.2¢ mom=-0.993 trend=0.50 vol=0.0009 size=10.1 type=GTC  q=XRP Up or Down - March 6, 12:05PM-12:10PM ET
2026-03-06 12:07:57 | INFO     | polymarket_bot.strategies.short_duration_strategy | ⚡ SHORT-DUR: SOL Down cid=0x5d3ee6f01a price=0.495 prob=56.0% edge=6.2¢ mom=-0.997 trend=0.50 vol=0.0010 size=10.1 type=GTC  q=Solana Up or Down - March 6, 12:10PM-12:15PM ET
2026-03-06 12:07:57 | INFO     | polymarket_bot.orchestrator | Found 4 total signals across all strategies
2026-03-06 12:07:57 | INFO     | polymarket_bot.orchestrator | 📐 Sized 0x5d3ee6f01a tier 1/3: $5.00 → $1.99 (25%)
2026-03-06 12:07:57 | INFO     | polymarket_bot.orchestrator | 📐 Sized 0x97d2ac34a4 tier 1/3: $5.00 → $1.99 (25%)
2026-03-06 12:07:57 | INFO     | polymarket_bot.orchestrator | 📐 Sized 0x32a116c4f0 tier 1/3: $5.00 → $1.99 (25%)
2026-03-06 12:07:57 | INFO     | polymarket_bot.orchestrator | 📐 Sized 0x6a3cc2a337 tier 1/3: $5.00 → $1.99 (25%)
2026-03-06 12:07:57 | WARNING  | polymarket_bot.unified_executor | 🔴 Circuit breaker TRIPPED — blocking trade
2026-03-06 12:07:57 | WARNING  | __main__ | ❌ Signal execution failed: circuit_breaker_tripped
2026-03-06 12:07:57 | WARNING  | polymarket_bot.unified_executor | 🔴 Circuit breaker TRIPPED — blocking trade
2026-03-06 12:07:57 | WARNING  | __main__ | ❌ Signal execution failed: circuit_breaker_tripped
2026-03-06 12:07:57 | WARNING  | polymarket_bot.unified_executor | 🔴 Circuit breaker TRIPPED — blocking trade
2026-03-06 12:07:57 | WARNING  | __main__ | ❌ Signal execution failed: circuit_breaker_tripped
2026-03-06 12:07:57 | WARNING  | polymarket_bot.unified_executor | 🔴 Circuit breaker TRIPPED — blocking trade
2026-03-06 12:07:57 | WARNING  | __main__ | ❌ Signal execution failed: circuit_breaker_tripped
2026-03-06 12:07:57 | INFO     | __main__ | Iteration 14500: processed 4 signals
